[2023-02-02 01:13:28,138] [util.py:209]               [INFO]     |====================================================================================================|
[2023-02-02 01:13:28,138] [util.py:216]               [INFO]     |                                   Amazon Collection in TV Shows                                    |
[2023-02-02 01:13:28,139] [util.py:220]               [INFO]     |====================================================================================================|
[2023-02-02 01:13:28,139] [plex_meta_manager.py:750]  [INFO]     |                                                                                                    |
[2023-02-02 01:13:28,139] [util.py:216]               [INFO]     |=================================== Validating Amazon Attributes ===================================|
[2023-02-02 01:13:28,140] [builder.py:265]            [DEBUG]    |                                                                                                    |
[2023-02-02 01:13:28,140] [builder.py:266]            [DEBUG]    | Validating Method: template                                                                        |
[2023-02-02 01:13:28,140] [meta.py:83]                [DEBUG]    | Value: ordereddict([('name', 'network'), ('network', 1024), ('poster', 'https://theposterdb.com/api/assets/90886')]) |
[2023-02-02 01:13:28,141] [builder.py:330]            [DEBUG]    |                                                                                                    |
[2023-02-02 01:13:28,141] [builder.py:331]            [DEBUG]    | Validating Method: sync_mode                                                                       |
[2023-02-02 01:13:28,141] [builder.py:335]            [DEBUG]    | Value: sync                                                                                        |
[2023-02-02 01:13:28,141] [builder.py:453]            [DEBUG]    |                                                                                                    |
[2023-02-02 01:13:28,141] [builder.py:454]            [DEBUG]    | Validating Method: collection_order                                                                |
[2023-02-02 01:13:28,142] [builder.py:455]            [DEBUG]    | Value: alpha                                                                                       |
[2023-02-02 01:13:28,142] [builder.py:472]            [DEBUG]    |                                                                                                    |
[2023-02-02 01:13:28,142] [builder.py:473]            [DEBUG]    | Validating Method: tmdb_network                                                                    |
[2023-02-02 01:13:28,142] [builder.py:474]            [DEBUG]    | Value: 1024                                                                                        |
[2023-02-02 01:13:28,255] [builder.py:472]            [DEBUG]    |                                                                                                    |
[2023-02-02 01:13:28,255] [builder.py:473]            [DEBUG]    | Validating Method: url_poster                                                                      |
[2023-02-02 01:13:28,255] [builder.py:474]            [DEBUG]    | Value: https://theposterdb.com/api/assets/90886                                                    |
[2023-02-02 01:13:28,255] [builder.py:472]            [DEBUG]    |                                                                                                    |
[2023-02-02 01:13:28,256] [builder.py:473]            [DEBUG]    | Validating Method: sort_title                                                                      |
[2023-02-02 01:13:28,256] [builder.py:474]            [DEBUG]    | Value: +4_Amazon                                                                                   |
[2023-02-02 01:13:28,342] [builder.py:619]            [INFO]     |                                                                                                    |
[2023-02-02 01:13:28,343] [builder.py:620]            [INFO]     | Validation Successful                                                                              |
[2023-02-02 01:13:28,343] [plex_meta_manager.py:758]  [INFO]     |                                                                                                    |
[2023-02-02 01:13:28,344] [util.py:216]               [INFO]     |==================================== Running Amazon Collection =====================================|
[2023-02-02 01:13:28,344] [plex_meta_manager.py:773]  [INFO]     |                                                                                                    |
[2023-02-02 01:13:28,344] [plex_meta_manager.py:774]  [INFO]     | Sync Mode: sync                                                                                    |
[2023-02-02 01:13:28,345] [builder.py:1275]           [DEBUG]    |                                                                                                    |
[2023-02-02 01:13:28,345] [builder.py:1276]           [DEBUG]    | Builder: tmdb_network: 1024                                                                        |
[2023-02-02 01:13:28,345] [builder.py:1277]           [INFO]     |                                                                                                    |
[2023-02-02 01:13:31,832] [tmdb.py:282]               [INFO]     | Processing TMDb Network: (1024) Amazon (707 Shows)                                                 |
[2023-02-02 01:13:31,833] [builder.py:1282]           [DEBUG]    |                                                                                                    |
[2023-02-02 01:13:31,833] [builder.py:1283]           [DEBUG]    | 707 IDs Found: [(44217, 'tmdb_show'), (84773, 'tmdb_show'), (76479, 'tmdb_show'), (135934, 'tmdb_show'), (95403, 'tmdb_show'), (211855, 'tmdb_show'), (207567, 'tmdb_show'), (60585, 'tmdb_show'), (108978, 'tmdb_show'), (71914, 'tmdb_show'), (84969, 'tmdb_show'), (120911, 'tmdb_show'), (73375, 'tmdb_show'), (95557, 'tmdb_show'), (157061, 'tmdb_show'), (104819, 'tmdb_show'), (63639, 'tmdb_show'), (158178, 'tmdb_show'), (95281, 'tmdb_show'), (79622, 'tmdb_show'), (216667, 'tmdb_show'), (112321, 'tmdb_show'), (217201, 'tmdb_show'), (83100, 'tmdb_show'), (112581, 'tmdb_show'), (97513, 'tmdb_show'), (62017, 'tmdb_show'), (158793, 'tmdb_show'), (194766, 'tmdb_show'), (71915, 'tmdb_show'), (113901, 'tmdb_show'), (67384, 'tmdb_show'), (86248, 'tmdb_show'), (35338, 'tmdb_show'), (90027, 'tmdb_show'), (71495, 'tmdb_show'), (138089, 'tmdb_show'), (64199, 'tmdb_show'), (206637, 'tmdb_show'), (94167, 'tmdb_show'), (54155, 'tmdb_show'), (210793, 'tmdb_show'), (158053, 'tmdb_show'), (70796, 'tmdb_show'), (67557, 'tmdb_show'), (91602, 'tmdb_show'), (90492, 'tmdb_show'), (84105, 'tmdb_show'), (158050, 'tmdb_show'), (206085, 'tmdb_show'), (14188, 'tmdb_show'), (99799, 'tmdb_show'), (129680, 'tmdb_show'), (62904, 'tmdb_show'), (120462, 'tmdb_show'), (113367, 'tmdb_show'), (94667, 'tmdb_show'), (155646, 'tmdb_show'), (86340, 'tmdb_show'), (152483, 'tmdb_show'), (64396, 'tmdb_show'), (82747, 'tmdb_show'), (58347, 'tmdb_show'), (117648, 'tmdb_show'), (67497, 'tmdb_show'), (111894, 'tmdb_show'), (78903, 'tmdb_show'), (101881, 'tmdb_show'), (46930, 'tmdb_show'), (113985, 'tmdb_show'), (80335, 'tmdb_show'), (92090, 'tmdb_show'), (63054, 'tmdb_show'), (135822, 'tmdb_show'), (197242, 'tmdb_show'), (61406, 'tmdb_show'), (119279, 'tmdb_show'), (73987, 'tmdb_show'), (132376, 'tmdb_show'), (128032, 'tmdb_show'), (106251, 'tmdb_show'), (62681, 'tmdb_show'), (123377, 'tmdb_show'), (106431, 'tmdb_show'), (128676, 'tmdb_show'), (92209, 'tmdb_show'), (67487, 'tmdb_show'), (103787, 'tmdb_show'), (103156, 'tmdb_show'), (36846, 'tmdb_show'), (61744, 'tmdb_show'), (121460, 'tmdb_show'), (82738, 'tmdb_show'), (105521, 'tmdb_show'), (107005, 'tmdb_show'), (93352, 'tmdb_show'), (111119, 'tmdb_show'), (67324, 'tmdb_show'), (96853, 'tmdb_show'), (85854, 'tmdb_show'), (92599, 'tmdb_show'), (63130, 'tmdb_show'), (73200, 'tmdb_show'), (80039, 'tmdb_show'), (94536, 'tmdb_show'), (78906, 'tmdb_show'), (36268, 'tmdb_show'), (5768, 'tmdb_show'), (93784, 'tmdb_show'), (101046, 'tmdb_show'), (70168, 'tmdb_show'), (194807, 'tmdb_show'), (121898, 'tmdb_show'), (96723, 'tmdb_show'), (218529, 'tmdb_show'), (62495, 'tmdb_show'), (61263, 'tmdb_show'), (115771, 'tmdb_show'), (139099, 'tmdb_show'), (81705, 'tmdb_show'), (70445, 'tmdb_show'), (95623, 'tmdb_show'), (106195, 'tmdb_show'), (79371, 'tmdb_show'), (98078, 'tmdb_show'), (62131, 'tmdb_show'), (102625, 'tmdb_show'), (106108, 'tmdb_show'), (132117, 'tmdb_show'), (135597, 'tmdb_show'), (128009, 'tmdb_show'), (73607, 'tmdb_show'), (82297, 'tmdb_show'), (96421, 'tmdb_show'), (81241, 'tmdb_show'), (100425, 'tmdb_show'), (197463, 'tmdb_show'), (82235, 'tmdb_show'), (81317, 'tmdb_show'), (89427, 'tmdb_show'), (215341, 'tmdb_show'), (16952, 'tmdb_show'), (70048, 'tmdb_show'), (208596, 'tmdb_show'), (157423, 'tmdb_show'), (100659, 'tmdb_show'), (118102, 'tmdb_show'), (86165, 'tmdb_show'), (60719, 'tmdb_show'), (67925, 'tmdb_show'), (61922, 'tmdb_show'), (155649, 'tmdb_show'), (219147, 'tmdb_show'), (122530, 'tmdb_show'), (216137, 'tmdb_show'), (212933, 'tmdb_show'), (107543, 'tmdb_show'), (110911, 'tmdb_show'), (158357, 'tmdb_show'), (101352, 'tmdb_show'), (122241, 'tmdb_show'), (88501, 'tmdb_show'), (99729, 'tmdb_show'), (102831, 'tmdb_show'), (66943, 'tmdb_show'), (91026, 'tmdb_show'), (139397, 'tmdb_show'), (67443, 'tmdb_show'), (100895, 'tmdb_show'), (121462, 'tmdb_show'), (200861, 'tmdb_show'), (95837, 'tmdb_show'), (122228, 'tmdb_show'), (212512, 'tmdb_show'), (126326, 'tmdb_show'), (89763, 'tmdb_show'), (215069, 'tmdb_show'), (152271, 'tmdb_show'), (95555, 'tmdb_show'), (138446, 'tmdb_show'), (76369, 'tmdb_show'), (97428, 'tmdb_show'), (72898, 'tmdb_show'), (112922, 'tmdb_show'), (60607, 'tmdb_show'), (70793, 'tmdb_show'), (120494, 'tmdb_show'), (200881, 'tmdb_show'), (103051, 'tmdb_show'), (71655, 'tmdb_show'), (121860, 'tmdb_show'), (94388, 'tmdb_show'), (136673, 'tmdb_show'), (67486, 'tmdb_show'), (8620, 'tmdb_show'), (104505, 'tmdb_show'), (214663, 'tmdb_show'), (64506, 'tmdb_show'), (98734, 'tmdb_show'), (95558, 'tmdb_show'), (209784, 'tmdb_show'), (90452, 'tmdb_show'), (135325, 'tmdb_show'), (135502, 'tmdb_show'), (200941, 'tmdb_show'), (76659, 'tmdb_show'), (203756, 'tmdb_show'), (72739, 'tmdb_show'), (106418, 'tmdb_show'), (87407, 'tmdb_show'), (78175, 'tmdb_show'), (92878, 'tmdb_show'), (156343, 'tmdb_show'), (196847, 'tmdb_show'), (105041, 'tmdb_show'), (66869, 'tmdb_show'), (97701, 'tmdb_show'), (123378, 'tmdb_show'), (158051, 'tmdb_show'), (157903, 'tmdb_show'), (83872, 'tmdb_show'), (89084, 'tmdb_show'), (83122, 'tmdb_show'), (82054, 'tmdb_show'), (126039, 'tmdb_show'), (215500, 'tmdb_show'), (68296, 'tmdb_show'), (137952, 'tmdb_show'), (135184, 'tmdb_show'), (98522, 'tmdb_show'), (117864, 'tmdb_show'), (111052, 'tmdb_show'), (100918, 'tmdb_show'), (123357, 'tmdb_show'), (60610, 'tmdb_show'), (62683, 'tmdb_show'), (76946, 'tmdb_show'), (14298, 'tmdb_show'), (157082, 'tmdb_show'), (217313, 'tmdb_show'), (137453, 'tmdb_show'), (198146, 'tmdb_show'), (219276, 'tmdb_show'), (80813, 'tmdb_show'), (157965, 'tmdb_show'), (214836, 'tmdb_show'), (67169, 'tmdb_show'), (66748, 'tmdb_show'), (133814, 'tmdb_show'), (65316, 'tmdb_show'), (67657, 'tmdb_show'), (106872, 'tmdb_show'), (67459, 'tmdb_show'), (214532, 'tmdb_show'), (116034, 'tmdb_show'), (136947, 'tmdb_show'), (217745, 'tmdb_show'), (101098, 'tmdb_show'), (80784, 'tmdb_show'), (133765, 'tmdb_show'), (102704, 'tmdb_show'), (71985, 'tmdb_show'), (218069, 'tmdb_show'), (106694, 'tmdb_show'), (105584, 'tmdb_show'), (99565, 'tmdb_show'), (65047, 'tmdb_show'), (154030, 'tmdb_show'), (115466, 'tmdb_show'), (94115, 'tmdb_show'), (125481, 'tmdb_show'), (218734, 'tmdb_show'), (215631, 'tmdb_show'), (195819, 'tmdb_show'), (87030, 'tmdb_show'), (73030, 'tmdb_show'), (201429, 'tmdb_show'), (74146, 'tmdb_show'), (90837, 'tmdb_show'), (118587, 'tmdb_show'), (207467, 'tmdb_show'), (154922, 'tmdb_show'), (76643, 'tmdb_show'), (200882, 'tmdb_show'), (99109, 'tmdb_show'), (78594, 'tmdb_show'), (107867, 'tmdb_show'), (95458, 'tmdb_show'), (124596, 'tmdb_show'), (127164, 'tmdb_show'), (18096, 'tmdb_show'), (104399, 'tmdb_show'), (87293, 'tmdb_show'), (118483, 'tmdb_show'), (78558, 'tmdb_show'), (79950, 'tmdb_show'), (217681, 'tmdb_show'), (71267, 'tmdb_show'), (126729, 'tmdb_show'), (92432, 'tmdb_show'), (157232, 'tmdb_show'), (114796, 'tmdb_show'), (74538, 'tmdb_show'), (89779, 'tmdb_show'), (127666, 'tmdb_show'), (126914, 'tmdb_show'), (68212, 'tmdb_show'), (77345, 'tmdb_show'), (211810, 'tmdb_show'), (153610, 'tmdb_show'), (67709, 'tmdb_show'), (201063, 'tmdb_show'), (110032, 'tmdb_show'), (135794, 'tmdb_show'), (133843, 'tmdb_show'), (117842, 'tmdb_show'), (84755, 'tmdb_show'), (86838, 'tmdb_show'), (57284, 'tmdb_show'), (113606, 'tmdb_show'), (128912, 'tmdb_show'), (153642, 'tmdb_show'), (65632, 'tmdb_show'), (202667, 'tmdb_show'), (75003, 'tmdb_show'), (90661, 'tmdb_show'), (99342, 'tmdb_show'), (84860, 'tmdb_show'), (215547, 'tmdb_show'), (75002, 'tmdb_show'), (106379, 'tmdb_show'), (67457, 'tmdb_show'), (210382, 'tmdb_show'), (196574, 'tmdb_show'), (202513, 'tmdb_show'), (213198, 'tmdb_show'), (205617, 'tmdb_show'), (81582, 'tmdb_show'), (132740, 'tmdb_show'), (202810, 'tmdb_show'), (199918, 'tmdb_show'), (137208, 'tmdb_show'), (130987, 'tmdb_show'), (88276, 'tmdb_show'), (215925, 'tmdb_show'), (208619, 'tmdb_show'), (123381, 'tmdb_show'), (155098, 'tmdb_show'), (205715, 'tmdb_show'), (62001, 'tmdb_show'), (71986, 'tmdb_show'), (213815, 'tmdb_show'), (208293, 'tmdb_show'), (137207, 'tmdb_show'), (107333, 'tmdb_show'), (85712, 'tmdb_show'), (121021, 'tmdb_show'), (105169, 'tmdb_show'), (197130, 'tmdb_show'), (131295, 'tmdb_show'), (75004, 'tmdb_show'), (86906, 'tmdb_show'), (77419, 'tmdb_show'), (94182, 'tmdb_show'), (126527, 'tmdb_show'), (92712, 'tmdb_show'), (114624, 'tmdb_show'), (214269, 'tmdb_show'), (119679, 'tmdb_show'), (128030, 'tmdb_show'), (216078, 'tmdb_show'), (137336, 'tmdb_show'), (112671, 'tmdb_show'), (107112, 'tmdb_show'), (71819, 'tmdb_show'), (115219, 'tmdb_show'), (134601, 'tmdb_show'), (128894, 'tmdb_show'), (197436, 'tmdb_show'), (123987, 'tmdb_show'), (82620, 'tmdb_show'), (116721, 'tmdb_show'), (75646, 'tmdb_show'), (118101, 'tmdb_show'), (102783, 'tmdb_show'), (209780, 'tmdb_show'), (110825, 'tmdb_show'), (153195, 'tmdb_show'), (126463, 'tmdb_show'), (216584, 'tmdb_show'), (98887, 'tmdb_show'), (91991, 'tmdb_show'), (204748, 'tmdb_show'), (76167, 'tmdb_show'), (206567, 'tmdb_show'), (134710, 'tmdb_show'), (65722, 'tmdb_show'), (129914, 'tmdb_show'), (70082, 'tmdb_show'), (113791, 'tmdb_show'), (77392, 'tmdb_show'), (208120, 'tmdb_show'), (125816, 'tmdb_show'), (211192, 'tmdb_show'), (106483, 'tmdb_show'), (104869, 'tmdb_show'), (106463, 'tmdb_show'), (131687, 'tmdb_show'), (216146, 'tmdb_show'), (73653, 'tmdb_show'), (106354, 'tmdb_show'), (196172, 'tmdb_show'), (124900, 'tmdb_show'), (152309, 'tmdb_show'), (93028, 'tmdb_show'), (208033, 'tmdb_show'), (118160, 'tmdb_show'), (217065, 'tmdb_show'), (197378, 'tmdb_show'), (114833, 'tmdb_show'), (202407, 'tmdb_show'), (216260, 'tmdb_show'), (105218, 'tmdb_show'), (99889, 'tmdb_show'), (213249, 'tmdb_show'), (79953, 'tmdb_show'), (217546, 'tmdb_show'), (201477, 'tmdb_show'), (130702, 'tmdb_show'), (207713, 'tmdb_show'), (129548, 'tmdb_show'), (94758, 'tmdb_show'), (102555, 'tmdb_show'), (126093, 'tmdb_show'), (117663, 'tmdb_show'), (194878, 'tmdb_show'), (136436, 'tmdb_show'), (205460, 'tmdb_show'), (110225, 'tmdb_show'), (119185, 'tmdb_show'), (120592, 'tmdb_show'), (81689, 'tmdb_show'), (123843, 'tmdb_show'), (105031, 'tmdb_show'), (131849, 'tmdb_show'), (124388, 'tmdb_show'), (152327, 'tmdb_show'), (211117, 'tmdb_show'), (137883, 'tmdb_show'), (124397, 'tmdb_show'), (114922, 'tmdb_show'), (216367, 'tmdb_show'), (203803, 'tmdb_show'), (196534, 'tmdb_show'), (156327, 'tmdb_show'), (139141, 'tmdb_show'), (138340, 'tmdb_show'), (131540, 'tmdb_show'), (123904, 'tmdb_show'), (123425, 'tmdb_show'), (120369, 'tmdb_show'), (118642, 'tmdb_show'), (115089, 'tmdb_show'), (113582, 'tmdb_show'), (110237, 'tmdb_show'), (103840, 'tmdb_show'), (73668, 'tmdb_show'), (112659, 'tmdb_show'), (115383, 'tmdb_show'), (137582, 'tmdb_show'), (200879, 'tmdb_show'), (157731, 'tmdb_show'), (123798, 'tmdb_show'), (196875, 'tmdb_show'), (120098, 'tmdb_show'), (84609, 'tmdb_show'), (204481, 'tmdb_show'), (123991, 'tmdb_show'), (61284, 'tmdb_show'), (124395, 'tmdb_show'), (70791, 'tmdb_show'), (137999, 'tmdb_show'), (84627, 'tmdb_show'), (110920, 'tmdb_show'), (197592, 'tmdb_show'), (71852, 'tmdb_show'), (155781, 'tmdb_show'), (120117, 'tmdb_show'), (201050, 'tmdb_show'), (124075, 'tmdb_show'), (100011, 'tmdb_show'), (210911, 'tmdb_show'), (81734, 'tmdb_show'), (158224, 'tmdb_show'), (210374, 'tmdb_show'), (113963, 'tmdb_show'), (128638, 'tmdb_show'), (82132, 'tmdb_show'), (211426, 'tmdb_show'), (139364, 'tmdb_show'), (120038, 'tmdb_show'), (124389, 'tmdb_show'), (100531, 'tmdb_show'), (89383, 'tmdb_show'), (208606, 'tmdb_show'), (156773, 'tmdb_show'), (215561, 'tmdb_show'), (114367, 'tmdb_show'), (124323, 'tmdb_show'), (124270, 'tmdb_show'), (200874, 'tmdb_show'), (83347, 'tmdb_show'), (61282, 'tmdb_show'), (103225, 'tmdb_show'), (196597, 'tmdb_show'), (70795, 'tmdb_show'), (155060, 'tmdb_show'), (218641, 'tmdb_show'), (208137, 'tmdb_show'), (104725, 'tmdb_show'), (83545, 'tmdb_show'), (81260, 'tmdb_show'), (112204, 'tmdb_show'), (93223, 'tmdb_show'), (129062, 'tmdb_show'), (201271, 'tmdb_show'), (82657, 'tmdb_show'), (152517, 'tmdb_show'), (212516, 'tmdb_show'), (139142, 'tmdb_show'), (124269, 'tmdb_show'), (101905, 'tmdb_show'), (103494, 'tmdb_show'), (81628, 'tmdb_show'), (95556, 'tmdb_show'), (73376, 'tmdb_show'), (194768, 'tmdb_show'), (95806, 'tmdb_show'), (135713, 'tmdb_show'), (115593, 'tmdb_show'), (154910, 'tmdb_show'), (88309, 'tmdb_show'), (109436, 'tmdb_show'), (120100, 'tmdb_show'), (152522, 'tmdb_show'), (130845, 'tmdb_show'), (89523, 'tmdb_show'), (138473, 'tmdb_show'), (210787, 'tmdb_show'), (197543, 'tmdb_show'), (122854, 'tmdb_show'), (106097, 'tmdb_show'), (120253, 'tmdb_show'), (157093, 'tmdb_show'), (115532, 'tmdb_show'), (101869, 'tmdb_show'), (131384, 'tmdb_show'), (90406, 'tmdb_show'), (121832, 'tmdb_show'), (77161, 'tmdb_show'), (127155, 'tmdb_show'), (215313, 'tmdb_show'), (212628, 'tmdb_show'), (203667, 'tmdb_show'), (201009, 'tmdb_show'), (171802, 'tmdb_show'), (120746, 'tmdb_show'), (110224, 'tmdb_show'), (219080, 'tmdb_show'), (113702, 'tmdb_show'), (61443, 'tmdb_show'), (110106, 'tmdb_show'), (210812, 'tmdb_show'), (127195, 'tmdb_show'), (133830, 'tmdb_show'), (124324, 'tmdb_show'), (99964, 'tmdb_show'), (64502, 'tmdb_show'), (218643, 'tmdb_show'), (100184, 'tmdb_show'), (123992, 'tmdb_show'), (124266, 'tmdb_show'), (130725, 'tmdb_show'), (213306, 'tmdb_show'), (106486, 'tmdb_show'), (206822, 'tmdb_show'), (93487, 'tmdb_show'), (123817, 'tmdb_show'), (204827, 'tmdb_show'), (88731, 'tmdb_show'), (153596, 'tmdb_show'), (111501, 'tmdb_show'), (213515, 'tmdb_show'), (96417, 'tmdb_show'), (125414, 'tmdb_show'), (126910, 'tmdb_show'), (120964, 'tmdb_show'), (137359, 'tmdb_show'), (104254, 'tmdb_show'), (214032, 'tmdb_show'), (130708, 'tmdb_show'), (130484, 'tmdb_show'), (88718, 'tmdb_show'), (153589, 'tmdb_show'), (210881, 'tmdb_show'), (101266, 'tmdb_show'), (207374, 'tmdb_show'), (111144, 'tmdb_show'), (124342, 'tmdb_show'), (124393, 'tmdb_show'), (218616, 'tmdb_show'), (156263, 'tmdb_show'), (219555, 'tmdb_show'), (218510, 'tmdb_show'), (218499, 'tmdb_show'), (218057, 'tmdb_show'), (218041, 'tmdb_show'), (217555, 'tmdb_show'), (217278, 'tmdb_show'), (216627, 'tmdb_show'), (215522, 'tmdb_show'), (214331, 'tmdb_show'), (213653, 'tmdb_show'), (211826, 'tmdb_show'), (211821, 'tmdb_show'), (206287, 'tmdb_show'), (206156, 'tmdb_show'), (205856, 'tmdb_show'), (204276, 'tmdb_show'), (203560, 'tmdb_show'), (203413, 'tmdb_show'), (202968, 'tmdb_show'), (202967, 'tmdb_show'), (202237, 'tmdb_show'), (201089, 'tmdb_show'), (201085, 'tmdb_show'), (200946, 'tmdb_show'), (200797, 'tmdb_show'), (198239, 'tmdb_show'), (198224, 'tmdb_show'), (197460, 'tmdb_show'), (196311, 'tmdb_show'), (194988, 'tmdb_show'), (194877, 'tmdb_show'), (194756, 'tmdb_show'), (158842, 'tmdb_show'), (158580, 'tmdb_show'), (157900, 'tmdb_show'), (156475, 'tmdb_show'), (154084, 'tmdb_show'), (153179, 'tmdb_show'), (152519, 'tmdb_show'), (138495, 'tmdb_show'), (136896, 'tmdb_show'), (135865, 'tmdb_show'), (133613, 'tmdb_show'), (132504, 'tmdb_show'), (126912, 'tmdb_show'), (126476, 'tmdb_show'), (124326, 'tmdb_show'), (124068, 'tmdb_show'), (124057, 'tmdb_show'), (124050, 'tmdb_show'), (123988, 'tmdb_show'), (123849, 'tmdb_show'), (123824, 'tmdb_show'), (121979, 'tmdb_show'), (121755, 'tmdb_show'), (121706, 'tmdb_show'), (121459, 'tmdb_show'), (120107, 'tmdb_show'), (120105, 'tmdb_show'), (120104, 'tmdb_show'), (120032, 'tmdb_show'), (120015, 'tmdb_show'), (120014, 'tmdb_show'), (120012, 'tmdb_show'), (119296, 'tmdb_show'), (119285, 'tmdb_show'), (118776, 'tmdb_show'), (117426, 'tmdb_show'), (116541, 'tmdb_show'), (116510, 'tmdb_show'), (116240, 'tmdb_show'), (115501, 'tmdb_show'), (114826, 'tmdb_show'), (114302, 'tmdb_show'), (112313, 'tmdb_show'), (112016, 'tmdb_show'), (108855, 'tmdb_show'), (107599, 'tmdb_show'), (105503, 'tmdb_show'), (103602, 'tmdb_show'), (100006, 'tmdb_show'), (98825, 'tmdb_show'), (97945, 'tmdb_show'), (97139, 'tmdb_show'), (95138, 'tmdb_show'), (93871, 'tmdb_show'), (93788, 'tmdb_show'), (93295, 'tmdb_show'), (85464, 'tmdb_show'), (78806, 'tmdb_show'), (76902, 'tmdb_show'), (76407, 'tmdb_show'), (73654, 'tmdb_show'), (67458, 'tmdb_show')] |
[2023-02-02 01:13:31,833] [builder.py:1284]           [DEBUG]    |                                                                                                    |
[2023-02-02 01:13:32,046] [builder.py:1361]           [ERROR]    | Convert Error: No TVDb ID Found for TMDb ID: 217201                                                |
[2023-02-02 01:13:32,213] [builder.py:1361]           [ERROR]    | Convert Error: No TVDb ID Found for TMDb ID: 215341                                                |
[2023-02-02 01:13:32,351] [builder.py:1361]           [ERROR]    | Convert Error: No TVDb ID Found for TMDb ID: 219147                                                |
[2023-02-02 01:13:32,451] [builder.py:1361]           [ERROR]    | Convert Error: No TVDb ID Found for TMDb ID: 212933                                                |
[2023-02-02 01:13:32,557] [builder.py:1361]           [ERROR]    | Convert Error: No TVDb ID Found for TMDb ID: 88501                                                 |
[2023-02-02 01:13:32,665] [builder.py:1361]           [ERROR]    | Convert Error: No TVDb ID Found for TMDb ID: 200881                                                |
[2023-02-02 01:13:32,775] [builder.py:1361]           [ERROR]    | Convert Error: No TVDb ID Found for TMDb ID: 215500                                                |
[2023-02-02 01:13:32,881] [builder.py:1361]           [ERROR]    | Convert Error: No TVDb ID Found for TMDb ID: 219276                                                |
[2023-02-02 01:13:32,982] [builder.py:1361]           [ERROR]    | Convert Error: No TVDb ID Found for TMDb ID: 67657                                                 |
[2023-02-02 01:13:33,091] [builder.py:1361]           [ERROR]    | Convert Error: No TVDb ID Found for TMDb ID: 105584                                                |
[2023-02-02 01:13:33,200] [builder.py:1361]           [ERROR]    | Convert Error: No TVDb ID Found for TMDb ID: 215631                                                |
[2023-02-02 01:13:33,311] [builder.py:1361]           [ERROR]    | Convert Error: No TVDb ID Found for TMDb ID: 153610                                                |
[2023-02-02 01:13:33,405] [builder.py:1361]           [ERROR]    | Convert Error: No TVDb ID Found for TMDb ID: 135794                                                |
[2023-02-02 01:13:33,511] [builder.py:1361]           [ERROR]    | Convert Error: No TVDb ID Found for TMDb ID: 210382                                                |
[2023-02-02 01:13:33,608] [builder.py:1361]           [ERROR]    | Convert Error: No TVDb ID Found for TMDb ID: 213198                                                |
[2023-02-02 01:13:33,703] [builder.py:1361]           [ERROR]    | Convert Error: No TVDb ID Found for TMDb ID: 205617                                                |
[2023-02-02 01:13:33,806] [builder.py:1361]           [ERROR]    | Convert Error: No TVDb ID Found for TMDb ID: 132740                                                |
[2023-02-02 01:13:33,925] [builder.py:1361]           [ERROR]    | Convert Error: No TVDb ID Found for TMDb ID: 94182                                                 |
[2023-02-02 01:13:34,026] [builder.py:1361]           [ERROR]    | Convert Error: No TVDb ID Found for TMDb ID: 115219                                                |
[2023-02-02 01:13:34,127] [builder.py:1361]           [ERROR]    | Convert Error: No TVDb ID Found for TMDb ID: 197436                                                |
[2023-02-02 01:13:34,235] [builder.py:1361]           [ERROR]    | Convert Error: No TVDb ID Found for TMDb ID: 82620                                                 |
[2023-02-02 01:13:34,342] [builder.py:1361]           [ERROR]    | Convert Error: No TVDb ID Found for TMDb ID: 216146                                                |
[2023-02-02 01:13:34,447] [builder.py:1361]           [ERROR]    | Convert Error: No TVDb ID Found for TMDb ID: 196172                                                |
[2023-02-02 01:13:34,551] [builder.py:1361]           [ERROR]    | Convert Error: No TVDb ID Found for TMDb ID: 118160                                                |
[2023-02-02 01:13:34,653] [builder.py:1361]           [ERROR]    | Convert Error: No TVDb ID Found for TMDb ID: 202407                                                |
[2023-02-02 01:13:34,758] [builder.py:1361]           [ERROR]    | Convert Error: No TVDb ID Found for TMDb ID: 217546                                                |
[2023-02-02 01:13:34,865] [builder.py:1361]           [ERROR]    | Convert Error: No TVDb ID Found for TMDb ID: 207713                                                |
[2023-02-02 01:13:34,964] [builder.py:1361]           [ERROR]    | Convert Error: No TVDb ID Found for TMDb ID: 94758                                                 |
[2023-02-02 01:13:35,069] [builder.py:1361]           [ERROR]    | Convert Error: No TVDb ID Found for TMDb ID: 126093                                                |
[2023-02-02 01:13:35,201] [builder.py:1361]           [ERROR]    | Convert Error: No TVDb ID Found for TMDb ID: 194878                                                |
[2023-02-02 01:13:35,305] [builder.py:1361]           [ERROR]    | Convert Error: No TVDb ID Found for TMDb ID: 136436                                                |
[2023-02-02 01:13:35,405] [builder.py:1361]           [ERROR]    | Convert Error: No TVDb ID Found for TMDb ID: 110225                                                |
[2023-02-02 01:13:35,519] [builder.py:1361]           [ERROR]    | Convert Error: No TVDb ID Found for TMDb ID: 123843                                                |
[2023-02-02 01:13:35,621] [builder.py:1361]           [ERROR]    | Convert Error: No TVDb ID Found for TMDb ID: 124388                                                |
[2023-02-02 01:13:35,728] [builder.py:1361]           [ERROR]    | Convert Error: No TVDb ID Found for TMDb ID: 211117                                                |
[2023-02-02 01:13:35,824] [builder.py:1361]           [ERROR]    | Convert Error: No TVDb ID Found for TMDb ID: 216367                                                |
[2023-02-02 01:13:36,024] [builder.py:1361]           [ERROR]    | Convert Error: No TVDb ID Found for TMDb ID: 156327                                                |
[2023-02-02 01:13:36,133] [builder.py:1361]           [ERROR]    | Convert Error: No TVDb ID Found for TMDb ID: 200879                                                |
[2023-02-02 01:13:36,242] [builder.py:1361]           [ERROR]    | Convert Error: No TVDb ID Found for TMDb ID: 84627                                                 |
[2023-02-02 01:13:36,347] [builder.py:1361]           [ERROR]    | Convert Error: No TVDb ID Found for TMDb ID: 197592                                                |
[2023-02-02 01:13:36,550] [builder.py:1361]           [ERROR]    | Convert Error: No TVDb ID Found for TMDb ID: 210911                                                |
[2023-02-02 01:13:36,656] [builder.py:1361]           [ERROR]    | Convert Error: No TVDb ID Found for TMDb ID: 128638                                                |
[2023-02-02 01:13:36,754] [builder.py:1361]           [ERROR]    | Convert Error: No TVDb ID Found for TMDb ID: 211426                                                |
[2023-02-02 01:13:36,857] [builder.py:1361]           [ERROR]    | Convert Error: No TVDb ID Found for TMDb ID: 208606                                                |
[2023-02-02 01:13:36,962] [builder.py:1361]           [ERROR]    | Convert Error: No TVDb ID Found for TMDb ID: 124270                                                |
[2023-02-02 01:13:37,067] [builder.py:1361]           [ERROR]    | Convert Error: No TVDb ID Found for TMDb ID: 200874                                                |
[2023-02-02 01:13:37,162] [builder.py:1361]           [ERROR]    | Convert Error: No TVDb ID Found for TMDb ID: 83347                                                 |
[2023-02-02 01:13:37,263] [builder.py:1361]           [ERROR]    | Convert Error: No TVDb ID Found for TMDb ID: 155060                                                |
[2023-02-02 01:13:37,359] [builder.py:1361]           [ERROR]    | Convert Error: No TVDb ID Found for TMDb ID: 218641                                                |
[2023-02-02 01:13:37,451] [builder.py:1361]           [ERROR]    | Convert Error: No TVDb ID Found for TMDb ID: 208137                                                |
[2023-02-02 01:13:37,547] [builder.py:1361]           [ERROR]    | Convert Error: No TVDb ID Found for TMDb ID: 93223                                                 |
[2023-02-02 01:13:37,652] [builder.py:1361]           [ERROR]    | Convert Error: No TVDb ID Found for TMDb ID: 201271                                                |
[2023-02-02 01:13:37,754] [builder.py:1361]           [ERROR]    | Convert Error: No TVDb ID Found for TMDb ID: 130845                                                |
[2023-02-02 01:13:37,851] [builder.py:1361]           [ERROR]    | Convert Error: No TVDb ID Found for TMDb ID: 89523                                                 |
[2023-02-02 01:13:37,949] [builder.py:1361]           [ERROR]    | Convert Error: No TVDb ID Found for TMDb ID: 210787                                                |
[2023-02-02 01:13:38,059] [builder.py:1361]           [ERROR]    | Convert Error: No TVDb ID Found for TMDb ID: 127155                                                |
[2023-02-02 01:13:38,159] [builder.py:1361]           [ERROR]    | Convert Error: No TVDb ID Found for TMDb ID: 212628                                                |
[2023-02-02 01:13:38,300] [builder.py:1361]           [ERROR]    | Convert Error: No TVDb ID Found for TMDb ID: 113702                                                |
[2023-02-02 01:13:38,393] [builder.py:1361]           [ERROR]    | Convert Error: No TVDb ID Found for TMDb ID: 133830                                                |
[2023-02-02 01:13:38,492] [builder.py:1361]           [ERROR]    | Convert Error: No TVDb ID Found for TMDb ID: 218643                                                |
[2023-02-02 01:13:38,595] [builder.py:1361]           [ERROR]    | Convert Error: No TVDb ID Found for TMDb ID: 123992                                                |
[2023-02-02 01:13:38,702] [builder.py:1361]           [ERROR]    | Convert Error: No TVDb ID Found for TMDb ID: 130725                                                |
[2023-02-02 01:13:38,803] [builder.py:1361]           [ERROR]    | Convert Error: No TVDb ID Found for TMDb ID: 153596                                                |
[2023-02-02 01:13:38,903] [builder.py:1361]           [ERROR]    | Convert Error: No TVDb ID Found for TMDb ID: 96417                                                 |
[2023-02-02 01:13:39,036] [builder.py:1361]           [ERROR]    | Convert Error: No TVDb ID Found for TMDb ID: 214032                                                |
[2023-02-02 01:13:39,145] [builder.py:1361]           [ERROR]    | Convert Error: No TVDb ID Found for TMDb ID: 130484                                                |
[2023-02-02 01:13:39,237] [builder.py:1361]           [ERROR]    | Convert Error: No TVDb ID Found for TMDb ID: 210881                                                |
[2023-02-02 01:13:39,336] [builder.py:1361]           [ERROR]    | Convert Error: No TVDb ID Found for TMDb ID: 101266                                                |
[2023-02-02 01:13:39,431] [builder.py:1361]           [ERROR]    | Convert Error: No TVDb ID Found for TMDb ID: 207374                                                |
[2023-02-02 01:13:39,524] [builder.py:1361]           [ERROR]    | Convert Error: No TVDb ID Found for TMDb ID: 111144                                                |
[2023-02-02 01:13:39,618] [builder.py:1361]           [ERROR]    | Convert Error: No TVDb ID Found for TMDb ID: 124342                                                |
[2023-02-02 01:13:39,714] [builder.py:1361]           [ERROR]    | Convert Error: No TVDb ID Found for TMDb ID: 156263                                                |
[2023-02-02 01:13:39,814] [builder.py:1361]           [ERROR]    | Convert Error: No TVDb ID Found for TMDb ID: 219555                                                |
[2023-02-02 01:13:39,914] [builder.py:1361]           [ERROR]    | Convert Error: No TVDb ID Found for TMDb ID: 218499                                                |
[2023-02-02 01:13:40,018] [builder.py:1361]           [ERROR]    | Convert Error: No TVDb ID Found for TMDb ID: 218057                                                |
[2023-02-02 01:13:40,113] [builder.py:1361]           [ERROR]    | Convert Error: No TVDb ID Found for TMDb ID: 218041                                                |
[2023-02-02 01:13:40,204] [builder.py:1361]           [ERROR]    | Convert Error: No TVDb ID Found for TMDb ID: 217555                                                |
[2023-02-02 01:13:40,309] [builder.py:1361]           [ERROR]    | Convert Error: No TVDb ID Found for TMDb ID: 217278                                                |
[2023-02-02 01:13:40,407] [builder.py:1361]           [ERROR]    | Convert Error: No TVDb ID Found for TMDb ID: 216627                                                |
[2023-02-02 01:13:40,501] [builder.py:1361]           [ERROR]    | Convert Error: No TVDb ID Found for TMDb ID: 215522                                                |
[2023-02-02 01:13:40,596] [builder.py:1361]           [ERROR]    | Convert Error: No TVDb ID Found for TMDb ID: 211821                                                |
[2023-02-02 01:13:40,697] [builder.py:1361]           [ERROR]    | Convert Error: No TVDb ID Found for TMDb ID: 206287                                                |
[2023-02-02 01:13:40,798] [builder.py:1361]           [ERROR]    | Convert Error: No TVDb ID Found for TMDb ID: 204276                                                |
[2023-02-02 01:13:40,895] [builder.py:1361]           [ERROR]    | Convert Error: No TVDb ID Found for TMDb ID: 202968                                                |
[2023-02-02 01:13:40,991] [builder.py:1361]           [ERROR]    | Convert Error: No TVDb ID Found for TMDb ID: 202967                                                |
[2023-02-02 01:13:41,089] [builder.py:1361]           [ERROR]    | Convert Error: No TVDb ID Found for TMDb ID: 200946                                                |
[2023-02-02 01:13:41,184] [builder.py:1361]           [ERROR]    | Convert Error: No TVDb ID Found for TMDb ID: 198224                                                |
[2023-02-02 01:13:41,280] [builder.py:1361]           [ERROR]    | Convert Error: No TVDb ID Found for TMDb ID: 194988                                                |
[2023-02-02 01:13:41,398] [builder.py:1361]           [ERROR]    | Convert Error: No TVDb ID Found for TMDb ID: 194877                                                |
[2023-02-02 01:13:41,501] [builder.py:1361]           [ERROR]    | Convert Error: No TVDb ID Found for TMDb ID: 154084                                                |
[2023-02-02 01:13:41,602] [builder.py:1361]           [ERROR]    | Convert Error: No TVDb ID Found for TMDb ID: 136896                                                |
[2023-02-02 01:13:41,701] [builder.py:1361]           [ERROR]    | Convert Error: No TVDb ID Found for TMDb ID: 135865                                                |
[2023-02-02 01:13:41,804] [builder.py:1361]           [ERROR]    | Convert Error: No TVDb ID Found for TMDb ID: 133613                                                |
[2023-02-02 01:13:41,901] [builder.py:1361]           [ERROR]    | Convert Error: No TVDb ID Found for TMDb ID: 126912                                                |
[2023-02-02 01:13:42,001] [builder.py:1361]           [ERROR]    | Convert Error: No TVDb ID Found for TMDb ID: 126476                                                |
[2023-02-02 01:13:42,095] [builder.py:1361]           [ERROR]    | Convert Error: No TVDb ID Found for TMDb ID: 124057                                                |
[2023-02-02 01:13:42,196] [builder.py:1361]           [ERROR]    | Convert Error: No TVDb ID Found for TMDb ID: 123824                                                |
[2023-02-02 01:13:42,293] [builder.py:1361]           [ERROR]    | Convert Error: No TVDb ID Found for TMDb ID: 121979                                                |
[2023-02-02 01:13:42,387] [builder.py:1361]           [ERROR]    | Convert Error: No TVDb ID Found for TMDb ID: 121706                                                |
[2023-02-02 01:13:42,598] [builder.py:1361]           [ERROR]    | Convert Error: No TVDb ID Found for TMDb ID: 116541                                                |
[2023-02-02 01:13:42,708] [builder.py:1361]           [ERROR]    | Convert Error: No TVDb ID Found for TMDb ID: 112016                                                |
[2023-02-02 01:13:42,808] [builder.py:1361]           [ERROR]    | Convert Error: No TVDb ID Found for TMDb ID: 107599                                                |
[2023-02-02 01:13:42,903] [builder.py:1361]           [ERROR]    | Convert Error: No TVDb ID Found for TMDb ID: 105503                                                |
[2023-02-02 01:13:43,007] [builder.py:1361]           [ERROR]    | Convert Error: No TVDb ID Found for TMDb ID: 103602                                                |
[2023-02-02 01:13:43,111] [builder.py:1361]           [ERROR]    | Convert Error: No TVDb ID Found for TMDb ID: 97945                                                 |
[2023-02-02 01:13:43,213] [builder.py:1361]           [ERROR]    | Convert Error: No TVDb ID Found for TMDb ID: 95138                                                 |
[2023-02-02 01:13:43,314] [builder.py:1361]           [ERROR]    | Convert Error: No TVDb ID Found for TMDb ID: 93871                                                 |
[2023-02-02 01:13:43,412] [builder.py:1361]           [ERROR]    | Convert Error: No TVDb ID Found for TMDb ID: 93788                                                 |
[2023-02-02 01:13:43,516] [builder.py:1361]           [ERROR]    | Convert Error: No TVDb ID Found for TMDb ID: 93295                                                 |
[2023-02-02 01:13:43,623] [builder.py:1361]           [ERROR]    | Convert Error: No TVDb ID Found for TMDb ID: 78806                                                 |
[2023-02-02 01:13:43,723] [builder.py:1361]           [ERROR]    | Convert Error: No TVDb ID Found for TMDb ID: 76902                                                 |
[2023-02-02 01:13:43,820] [builder.py:1361]           [ERROR]    | Convert Error: No TVDb ID Found for TMDb ID: 76407                                                 |
[2023-02-02 01:13:43,846] [builder.py:1697]           [INFO]     |                                                                                                    |
[2023-02-02 01:13:43,847] [util.py:216]               [INFO]     |=================================== Adding to Amazon Collection ====================================|
[2023-02-02 01:13:43,847] [builder.py:1699]           [INFO]     |                                                                                                    |
[2023-02-02 01:13:43,847] [builder.py:1709]           [INFO]     | 1/7 | Amazon Collection | = | The Lord of the Rings: The Rings of Power                            |
[2023-02-02 01:13:43,847] [builder.py:1709]           [INFO]     | 2/7 | Amazon Collection | = | The Boys                                                             |
[2023-02-02 01:13:43,848] [builder.py:1709]           [INFO]     | 3/7 | Amazon Collection | = | The Peripheral                                                       |
[2023-02-02 01:13:43,848] [builder.py:1709]           [INFO]     | 4/7 | Amazon Collection | = | Invincible (2021)                                                    |
[2023-02-02 01:13:43,848] [builder.py:1709]           [INFO]     | 5/7 | Amazon Collection | = | The Expanse                                                          |
[2023-02-02 01:13:43,848] [builder.py:1709]           [INFO]     | 6/7 | Amazon Collection | = | The Marvelous Mrs. Maisel                                            |
[2023-02-02 01:13:43,849] [builder.py:1709]           [INFO]     | 7/7 | Amazon Collection | = | Them                                                                 |
[2023-02-02 01:13:43,849] [builder.py:1734]           [INFO]     |                                                                                                    |
[2023-02-02 01:13:43,849] [builder.py:1735]           [INFO]     | 7 Shows Processed                                                                                  |
[2023-02-02 01:13:43,849] [builder.py:1969]           [INFO]     |                                                                                                    |
[2023-02-02 01:13:43,850] [util.py:216]               [INFO]     |================================ Missing Shows from Library: Amazon ================================|
[2023-02-02 01:13:43,850] [builder.py:1971]           [INFO]     |                                                                                                    |
[2023-02-02 01:13:44,547] [builder.py:1982]           [INFO]     | Amazon Collection | ? | Vikings (TVDB: 260449)                                                     |
[2023-02-02 01:13:44,926] [builder.py:1982]           [INFO]     | Amazon Collection | ? | The Legend of Vox Machina (TVDB: 368316)                                   |
[2023-02-02 01:13:45,132] [builder.py:1982]           [INFO]     | Amazon Collection | ? | The End of Love (TVDB: 409396)                                             |
[2023-02-02 01:13:45,350] [builder.py:1982]           [INFO]     | Amazon Collection | ? | Pokémon: The Arceus Chronicles (TVDB: 415119)                              |
[2023-02-02 01:13:45,856] [builder.py:1982]           [INFO]     | Amazon Collection | ? | Bosch (TVDB: 277928)                                                       |
[2023-02-02 01:13:46,114] [builder.py:1982]           [INFO]     | Amazon Collection | ? | Reacher (TVDB: 366924)                                                     |
[2023-02-02 01:13:46,462] [builder.py:1982]           [INFO]     | Amazon Collection | ? | The Wheel of Time (TVDB: 355730)                                           |
[2023-02-02 01:13:46,760] [builder.py:1982]           [INFO]     | Amazon Collection | ? | LOL: Last One Laughing (ME) (TVDB: 357018)                                 |
[2023-02-02 01:13:47,066] [builder.py:1982]           [INFO]     | Amazon Collection | ? | The Terminal List (TVDB: 399917)                                           |
[2023-02-02 01:13:47,407] [builder.py:1982]           [INFO]     | Amazon Collection | ? | Tom Clancy's Jack Ryan (TVDB: 336261)                                      |
[2023-02-02 01:13:47,636] [builder.py:1982]           [INFO]     | Amazon Collection | ? | The Devil's Hour (TVDB: 397807)                                            |
[2023-02-02 01:13:47,849] [builder.py:1982]           [INFO]     | Amazon Collection | ? | The Pack (2020) (CL) (TVDB: 377674)                                        |
[2023-02-02 01:13:48,111] [builder.py:1982]           [INFO]     | Amazon Collection | ? | Short Program (TVDB: 413410)                                               |
[2023-02-02 01:13:48,350] [builder.py:1982]           [INFO]     | Amazon Collection | ? | S.O.Z: Soldiers or Zombies (TVDB: 403342)                                  |
[2023-02-02 01:13:48,635] [builder.py:1982]           [INFO]     | Amazon Collection | ? | Hunters (2020) (TVDB: 372081)                                              |
[2023-02-02 01:13:48,822] [builder.py:1982]           [INFO]     | Amazon Collection | ? | FC Barcelona: A New Era (TVDB: 427868)                                     |
[2023-02-02 01:13:49,043] [builder.py:1982]           [INFO]     | Amazon Collection | ? | A Private Affair (TVDB: 388101)                                            |
[2023-02-02 01:13:49,372] [builder.py:1982]           [INFO]     | Amazon Collection | ? | Dororo (2019) (TVDB: 354167)                                               |
[2023-02-02 01:13:49,635] [builder.py:1982]           [INFO]     | Amazon Collection | ? | The Rig (2023) (TVDB: 399194)                                              |
[2023-02-02 01:13:49,945] [builder.py:1982]           [INFO]     | Amazon Collection | ? | The Boarding School: Las Cumbres (TVDB: 378140)                            |
[2023-02-02 01:13:50,346] [builder.py:1982]           [INFO]     | Amazon Collection | ? | The Man in the High Castle (TVDB: 295829)                                  |
[2023-02-02 01:13:50,602] [builder.py:1982]           [INFO]     | Amazon Collection | ? | Harina (TVDB: 417697)                                                      |
[2023-02-02 01:13:50,850] [builder.py:1982]           [INFO]     | Amazon Collection | ? | The Summer I Turned Pretty (TVDB: 396505)                                  |
[2023-02-02 01:13:51,300] [builder.py:1982]           [INFO]     | Amazon Collection | ? | Good Omens (TVDB: 359569)                                                  |
[2023-02-02 01:13:51,584] [builder.py:1982]           [INFO]     | Amazon Collection | ? | Maradona: Blessed Dream (TVDB: 397908)                                     |
[2023-02-02 01:13:52,084] [builder.py:1982]           [INFO]     | Amazon Collection | ? | Goliath (TVDB: 315321)                                                     |
[2023-02-02 01:13:52,425] [builder.py:1982]           [INFO]     | Amazon Collection | ? | Upload (TVDB: 368211)                                                      |
[2023-02-02 01:13:53,245] [builder.py:1982]           [INFO]     | Amazon Collection | ? | The One That Looms (TVDB: 82753)                                           |
[2023-02-02 01:13:53,579] [builder.py:1982]           [INFO]     | Amazon Collection | ? | Carnival Row (TVDB: 365026)                                                |
[2023-02-02 01:13:53,811] [builder.py:1982]           [INFO]     | Amazon Collection | ? | Tokyo Vampire Hotel (TVDB: 329576)                                         |
[2023-02-02 01:13:54,032] [builder.py:1982]           [INFO]     | Amazon Collection | ? | Harlem (TVDB: 411866)                                                      |
[2023-02-02 01:13:54,356] [builder.py:1982]           [INFO]     | Amazon Collection | ? | Sneaky Pete (TVDB: 300166)                                                 |
[2023-02-02 01:13:54,540] [builder.py:1982]           [INFO]     | Amazon Collection | ? | News of a Kidnapping (TVDB: 423046)                                        |
[2023-02-02 01:13:54,780] [builder.py:1982]           [INFO]     | Amazon Collection | ? | The Legend of El Cid (TVDB: 388066)                                        |
[2023-02-02 01:13:55,648] [builder.py:1982]           [INFO]     | Amazon Collection | ? | Hanna (TVDB: 357690)                                                       |
[2023-02-02 01:13:55,908] [builder.py:1982]           [INFO]     | Amazon Collection | ? | Cochina Envidia (TVDB: 425539)                                             |
[2023-02-02 01:13:56,189] [builder.py:1982]           [INFO]     | Amazon Collection | ? | Prisma (TVDB: 423808)                                                      |
[2023-02-02 01:13:56,762] [builder.py:1982]           [INFO]     | Amazon Collection | ? | The Grand Tour (2016) (TVDB: 314087)                                       |
[2023-02-02 01:13:57,148] [builder.py:1982]           [INFO]     | Amazon Collection | ? | Modern Love (TVDB: 357222)                                                 |
[2023-02-02 01:13:57,404] [builder.py:1982]           [INFO]     | Amazon Collection | ? | Dark/Web (TVDB: 365832)                                                    |
[2023-02-02 01:13:57,674] [builder.py:1982]           [INFO]     | Amazon Collection | ? | Mirzapur (TVDB: 354808)                                                    |
[2023-02-02 01:13:57,853] [builder.py:1982]           [INFO]     | Amazon Collection | ? | The Bad Guy (TVDB: 426996)                                                 |
[2023-02-02 01:13:58,045] [builder.py:1982]           [INFO]     | Amazon Collection | ? | Argentine National Team (TVDB: 422664)                                     |
[2023-02-02 01:13:58,707] [builder.py:1982]           [INFO]     | Amazon Collection | ? | Angry Video Game Nerd (TVDB: 85287)                                        |
[2023-02-02 01:13:59,044] [builder.py:1982]           [INFO]     | Amazon Collection | ? | Alex Rider (TVDB: 370312)                                                  |
[2023-02-02 01:13:59,237] [builder.py:1982]           [INFO]     | Amazon Collection | ? | I Know What You Did Last Summer (TVDB: 390256)                             |
[2023-02-02 01:13:59,618] [builder.py:1982]           [INFO]     | Amazon Collection | ? | Just Add Magic (TVDB: 299140)                                              |
[2023-02-02 01:13:59,934] [builder.py:1982]           [INFO]     | Amazon Collection | ? | The Wilds (TVDB: 349826)                                                   |
[2023-02-02 01:14:00,180] [builder.py:1982]           [INFO]     | Amazon Collection | ? | Derbez Family Vacation (TVDB: 371156)                                      |
[2023-02-02 01:14:00,396] [builder.py:1982]           [INFO]     | Amazon Collection | ? | Yosi, the Regretful Spy (TVDB: 418751)                                     |
[2023-02-02 01:14:00,712] [builder.py:1982]           [INFO]     | Amazon Collection | ? | Undone (TVDB: 357756)                                                      |
[2023-02-02 01:14:00,969] [builder.py:1982]           [INFO]     | Amazon Collection | ? | The Boys Presents: Diabolical (TVDB: 413188)                               |
[2023-02-02 01:14:01,240] [builder.py:1982]           [INFO]     | Amazon Collection | ? | Patriot (TVDB: 323267)                                                     |
[2023-02-02 01:14:01,590] [builder.py:1982]           [INFO]     | Amazon Collection | ? | Kung Fu Panda: The Paws of Destiny (TVDB: 353844)                          |
[2023-02-02 01:14:01,873] [builder.py:1982]           [INFO]     | Amazon Collection | ? | Diablo Guardián (TVDB: 346512)                                             |
[2023-02-02 01:14:02,113] [builder.py:1982]           [INFO]     | Amazon Collection | ? | Clarkson's Farm (TVDB: 378165)                                             |
[2023-02-02 01:14:02,314] [builder.py:1982]           [INFO]     | Amazon Collection | ? | Jean-Claude Van Johnson (TVDB: 317653)                                     |
[2023-02-02 01:14:02,575] [builder.py:1982]           [INFO]     | Amazon Collection | ? | Night Sky (TVDB: 390848)                                                   |
[2023-02-02 01:14:02,830] [builder.py:1982]           [INFO]     | Amazon Collection | ? | Utopia (2020) (TVDB: 361002)                                               |
[2023-02-02 01:14:03,218] [builder.py:1982]           [INFO]     | Amazon Collection | ? | El Presidente (TVDB: 377409)                                               |
[2023-02-02 01:14:03,560] [builder.py:1982]           [INFO]     | Amazon Collection | ? | Ripper Street (TVDB: 260485)                                               |
[2023-02-02 01:14:04,111] [builder.py:1982]           [INFO]     | Amazon Collection | ? | Outer Range (TVDB: 391101)                                                 |
[2023-02-02 01:14:04,386] [builder.py:1982]           [INFO]     | Amazon Collection | ? | Homecoming (2018) (TVDB: 350553)                                           |
[2023-02-02 01:14:04,624] [builder.py:1982]           [INFO]     | Amazon Collection | ? | Blade of the Immortal (2019) (TVDB: 369735)                                |
[2023-02-02 01:14:04,870] [builder.py:1982]           [INFO]     | Amazon Collection | ? | Lost in Oz (TVDB: 332186)                                                  |
[2023-02-02 01:14:05,124] [builder.py:1982]           [INFO]     | Amazon Collection | ? | Kamen Rider Black Sun (TVDB: 411053)                                       |
[2023-02-02 01:14:05,383] [builder.py:1982]           [INFO]     | Amazon Collection | ? | Three Pines (TVDB: 409508)                                                 |
[2023-02-02 01:14:05,769] [builder.py:1982]           [INFO]     | Amazon Collection | ? | Transparent (TVDB: 278334)                                                 |
[2023-02-02 01:14:06,033] [builder.py:1982]           [INFO]     | Amazon Collection | ? | Solos (TVDB: 396228)                                                       |
[2023-02-02 01:14:06,455] [builder.py:1982]           [INFO]     | Amazon Collection | ? | Lore (TVDB: 334147)                                                        |
[2023-02-02 01:14:06,700] [builder.py:1982]           [INFO]     | Amazon Collection | ? | All or Nothing: Arsenal (TVDB: 406438)                                     |
[2023-02-02 01:14:06,960] [builder.py:1982]           [INFO]     | Amazon Collection | ? | Boundless (2022) (TVDB: 377390)                                            |
[2023-02-02 01:14:07,370] [builder.py:1982]           [INFO]     | Amazon Collection | ? | LEGO Monkie Kid (TVDB: 383992)                                             |
[2023-02-02 01:14:07,694] [builder.py:1982]           [INFO]     | Amazon Collection | ? | Deutschland (TVDB: 294801)                                                 |
[2023-02-02 01:14:07,944] [builder.py:1982]           [INFO]     | Amazon Collection | ? | Dom (TVDB: 401168)                                                         |
[2023-02-02 01:14:08,250] [builder.py:1982]           [INFO]     | Amazon Collection | ? | Paper Girls (TVDB: 368187)                                                 |
[2023-02-02 01:14:08,495] [builder.py:1982]           [INFO]     | Amazon Collection | ? | Silent Cargo (TVDB: 406016)                                                |
[2023-02-02 01:14:08,714] [builder.py:1982]           [INFO]     | Amazon Collection | ? | Truth Seekers (TVDB: 341551)                                               |
[2023-02-02 01:14:09,027] [builder.py:1982]           [INFO]     | Amazon Collection | ? | The Tick (2016) (TVDB: 317654)                                             |
[2023-02-02 01:14:09,233] [builder.py:1982]           [INFO]     | Amazon Collection | ? | How to Survive Being Single (TVDB: 382651)                                 |
[2023-02-02 01:14:09,543] [builder.py:1982]           [INFO]     | Amazon Collection | ? | Madres, Amor y Vida (TVDB: 354876)                                         |
[2023-02-02 01:14:09,927] [builder.py:1982]           [INFO]     | Amazon Collection | ? | Pastewka (TVDB: 80094)                                                     |
[2023-02-02 01:14:10,178] [builder.py:1982]           [INFO]     | Amazon Collection | ? | Mozart in the Jungle (TVDB: 278335)                                        |
[2023-02-02 01:14:10,402] [builder.py:1982]           [INFO]     | Amazon Collection | ? | Mixte (TVDB: 382571)                                                       |
[2023-02-02 01:14:10,676] [builder.py:1982]           [INFO]     | Amazon Collection | ? | IRODUKU: The World in Colors (TVDB: 351751)                                |
[2023-02-02 01:14:10,921] [builder.py:1982]           [INFO]     | Amazon Collection | ? | Breathe : Into the Shadows (TVDB: 422695)                                  |
[2023-02-02 01:14:11,130] [builder.py:1982]           [INFO]     | Amazon Collection | ? | A League of Their Own (2022) (TVDB: 402931)                                |
[2023-02-02 01:14:11,377] [builder.py:1982]           [INFO]     | Amazon Collection | ? | The Family Man (TVDB: 369284)                                              |
[2023-02-02 01:14:11,611] [builder.py:1982]           [INFO]     | Amazon Collection | ? | Subete a mi Moto (TVDB: 389582)                                            |
[2023-02-02 01:14:11,839] [builder.py:1982]           [INFO]     | Amazon Collection | ? | Crayon Shin-chan Spin-off (TVDB: 343980)                                   |
[2023-02-02 01:14:12,022] [builder.py:1982]           [INFO]     | Amazon Collection | ? | The Forgotten Army (TVDB: 375182)                                          |
[2023-02-02 01:14:12,228] [builder.py:1982]           [INFO]     | Amazon Collection | ? | The Widow (TVDB: 358191)                                                   |
[2023-02-02 01:14:12,486] [builder.py:1982]           [INFO]     | Amazon Collection | ? | Babylon (2019) (TVDB: 369143)                                              |
[2023-02-02 01:14:12,787] [builder.py:1982]           [INFO]     | Amazon Collection | ? | Red Oaks (TVDB: 284641)                                                    |
[2023-02-02 01:14:13,113] [builder.py:1982]           [INFO]     | Amazon Collection | ? | Loudermilk (TVDB: 328774)                                                  |
[2023-02-02 01:14:13,391] [builder.py:1982]           [INFO]     | Amazon Collection | ? | The Underground Railroad (TVDB: 373877)                                    |
[2023-02-02 01:14:13,598] [builder.py:1982]           [INFO]     | Amazon Collection | ? | Hernan (TVDB: 371054)                                                      |
[2023-02-02 01:14:13,904] [builder.py:1982]           [INFO]     | Amazon Collection | ? | Hitoshi Matsumoto Presents Documental (TVDB: 346564)                       |
[2023-02-02 01:14:14,124] [builder.py:1982]           [INFO]     | Amazon Collection | ? | The Academy of Country Music Awards (TVDB: 249454)                         |
[2023-02-02 01:14:14,341] [builder.py:1982]           [INFO]     | Amazon Collection | ? | Paradise City (TVDB: 381006)                                               |
[2023-02-02 01:14:14,618] [builder.py:1982]           [INFO]     | Amazon Collection | ? | Tales from the Loop (TVDB: 368210)                                         |
[2023-02-02 01:14:14,836] [builder.py:1982]           [INFO]     | Amazon Collection | ? | Making the Cut (2020) (TVDB: 369626)                                       |
[2023-02-02 01:14:15,066] [builder.py:1982]           [INFO]     | Amazon Collection | ? | Too Old to Die Young (TVDB: 361979)                                        |
[2023-02-02 01:14:15,289] [builder.py:1982]           [INFO]     | Amazon Collection | ? | Porn and Ice Cream (TVDB: 407534)                                          |
[2023-02-02 01:14:15,532] [builder.py:1982]           [INFO]     | Amazon Collection | ? | Parot (TVDB: 388516)                                                       |
[2023-02-02 01:14:15,758] [builder.py:1982]           [INFO]     | Amazon Collection | ? | James May: Our Man In... (TVDB: 360888)                                    |
[2023-02-02 01:14:15,940] [builder.py:1982]           [INFO]     | Amazon Collection | ? | LOL: Last One Laughing Netherlands (TVDB: 429609)                          |
[2023-02-02 01:14:16,187] [builder.py:1982]           [INFO]     | Amazon Collection | ? | Ronja, the Robber's Daughter (2014) (TVDB: 279527)                         |
[2023-02-02 01:14:16,419] [builder.py:1982]           [INFO]     | Amazon Collection | ? | Hand of God (TVDB: 284643)                                                 |
[2023-02-02 01:14:16,648] [builder.py:1982]           [INFO]     | Amazon Collection | ? | We Children from Bahnhof Zoo (TVDB: 390313)                                |
[2023-02-02 01:14:16,848] [builder.py:1982]           [INFO]     | Amazon Collection | ? | The Consultant (2023) (TVDB: 412634)                                       |
[2023-02-02 01:14:17,048] [builder.py:1982]           [INFO]     | Amazon Collection | ? | All or Nothing: Manchester City (TVDB: 350747)                             |
[2023-02-02 01:14:17,327] [builder.py:1982]           [INFO]     | Amazon Collection | ? | American Playboy: The Hugh Hefner Story (TVDB: 324295)                     |
[2023-02-02 01:14:17,546] [builder.py:1982]           [INFO]     | Amazon Collection | ? | Laid-Back Camp (2020) (TVDB: 377094)                                       |
[2023-02-02 01:14:17,768] [builder.py:1982]           [INFO]     | Amazon Collection | ? | All or Nothing: Tottenham Hotspur (TVDB: 385209)                           |
[2023-02-02 01:14:17,992] [builder.py:1982]           [INFO]     | Amazon Collection | ? | The Adventures of Rocky and Bullwinkle (TVDB: 347581)                      |
[2023-02-02 01:14:18,201] [builder.py:1982]           [INFO]     | Amazon Collection | ? | Just Add Magic: Mystery City (TVDB: 375716)                                |
[2023-02-02 01:14:18,391] [builder.py:1982]           [INFO]     | Amazon Collection | ? | Zombieland (TVDB: 333946)                                                  |
[2023-02-02 01:14:18,596] [builder.py:1982]           [INFO]     | Amazon Collection | ? | Ana (TVDB: 380842)                                                         |
[2023-02-02 01:14:18,904] [builder.py:1982]           [INFO]     | Amazon Collection | ? | El Candidato (TVDB: 385514)                                                |
[2023-02-02 01:14:19,068] [builder.py:1982]           [INFO]     | Amazon Collection | ? | Fakes (TVDB: 429133)                                                       |
[2023-02-02 01:14:19,311] [builder.py:1982]           [INFO]     | Amazon Collection | ? | Fairfax (TVDB: 382466)                                                     |
[2023-02-02 01:14:19,479] [builder.py:1982]           [INFO]     | Amazon Collection | ? | Chivas: El Rebaño Sagrado (TVDB: 405215)                                   |
[2023-02-02 01:14:19,768] [builder.py:1982]           [INFO]     | Amazon Collection | ? | The Romanoffs (TVDB: 350820)                                               |
[2023-02-02 01:14:20,009] [builder.py:1982]           [INFO]     | Amazon Collection | ? | An Unknown Enemy (TVDB: 353644)                                            |
[2023-02-02 01:14:20,262] [builder.py:1982]           [INFO]     | Amazon Collection | ? | Hostel Daze (TVDB: 373682)                                                 |
[2023-02-02 01:14:20,454] [builder.py:1982]           [INFO]     | Amazon Collection | ? | Dispatches from Elsewhere (TVDB: 371820)                                   |
[2023-02-02 01:14:20,766] [builder.py:1982]           [INFO]     | Amazon Collection | ? | Celebrity Hunted: Manhunt (IT) (TVDB: 370620)                              |
[2023-02-02 01:14:20,943] [builder.py:1982]           [INFO]     | Amazon Collection | ? | Cosmic Love (TVDB: 422827)                                                 |
[2023-02-02 01:14:21,177] [builder.py:1982]           [INFO]     | Amazon Collection | ? | Pete the Cat (TVDB: 340595)                                                |
[2023-02-02 01:14:21,369] [builder.py:1982]           [INFO]     | Amazon Collection | ? | Forever (2018) (TVDB: 350995)                                              |
[2023-02-02 01:14:21,714] [builder.py:1982]           [INFO]     | Amazon Collection | ? | El Pueblo (TVDB: 362289)                                                   |
[2023-02-02 01:14:21,913] [builder.py:1982]           [INFO]     | Amazon Collection | ? | Missing (2020) (TVDB: 354877)                                              |
[2023-02-02 01:14:22,176] [builder.py:1982]           [INFO]     | Amazon Collection | ? | You Are Wanted (TVDB: 323033)                                              |
[2023-02-02 01:14:22,391] [builder.py:1982]           [INFO]     | Amazon Collection | ? | Modern Love Tokyo (TVDB: 425379)                                           |
[2023-02-02 01:14:22,572] [builder.py:1982]           [INFO]     | Amazon Collection | ? | Real Madrid: The White Legend (TVDB: 415781)                               |
[2023-02-02 01:14:22,830] [builder.py:1982]           [INFO]     | Amazon Collection | ? | Kamen Rider Amazons (TVDB: 312003)                                         |
[2023-02-02 01:14:23,042] [builder.py:1982]           [INFO]     | Amazon Collection | ? | September Mornings (TVDB: 392351)                                          |
[2023-02-02 01:14:23,288] [builder.py:1982]           [INFO]     | Amazon Collection | ? | Four More Shots Please! (TVDB: 357592)                                     |
[2023-02-02 01:14:23,546] [builder.py:1982]           [INFO]     | Amazon Collection | ? | Alpha House (TVDB: 269008)                                                 |
[2023-02-02 01:14:23,903] [builder.py:1982]           [INFO]     | Amazon Collection | ? | The Last Tycoon (TVDB: 315364)                                             |
[2023-02-02 01:14:24,283] [builder.py:1982]           [INFO]     | Amazon Collection | ? | Mad Dogs (US) (TVDB: 295828)                                               |
[2023-02-02 01:14:24,466] [builder.py:1982]           [INFO]     | Amazon Collection | ? | Crushed (TVDB: 416705)                                                     |
[2023-02-02 01:14:24,695] [builder.py:1982]           [INFO]     | Amazon Collection | ? | Panic (2021) (TVDB: 354257)                                                |
[2023-02-02 01:14:24,927] [builder.py:1982]           [INFO]     | Amazon Collection | ? | Drag Den (TVDB: 427355)                                                    |
[2023-02-02 01:14:25,215] [builder.py:1982]           [INFO]     | Amazon Collection | ? | Fernando (TVDB: 378380)                                                    |
[2023-02-02 01:14:25,425] [builder.py:1982]           [INFO]     | Amazon Collection | ? | Burn the Witch (TVDB: 389459)                                              |
[2023-02-02 01:14:25,713] [builder.py:1982]           [INFO]     | Amazon Collection | ? | My Love from the Stars (TVDB: 418045)                                      |
[2023-02-02 01:14:25,959] [builder.py:1982]           [INFO]     | Amazon Collection | ? | Panchayat (TVDB: 379446)                                                   |
[2023-02-02 01:14:26,242] [builder.py:1982]           [INFO]     | Amazon Collection | ? | LOL: Last one Laughing Germany (TVDB: 400263)                              |
[2023-02-02 01:14:26,413] [builder.py:1982]           [INFO]     | Amazon Collection | ? | Rev & Roll (TVDB: 374218)                                                  |
[2023-02-02 01:14:26,588] [builder.py:1982]           [INFO]     | Amazon Collection | ? | The Last Narc (TVDB: 381270)                                               |
[2023-02-02 01:14:26,827] [builder.py:1982]           [INFO]     | Amazon Collection | ? | All or Nothing: American Football (TVDB: 313828)                           |
[2023-02-02 01:14:27,083] [builder.py:1982]           [INFO]     | Amazon Collection | ? | After School Dice Club (TVDB: 366702)                                      |
[2023-02-02 01:14:27,307] [builder.py:1982]           [INFO]     | Amazon Collection | ? | As We See It (TVDB: 411272)                                                |
[2023-02-02 01:14:27,646] [builder.py:1982]           [INFO]     | Amazon Collection | ? | Crisis in Six Scenes (TVDB: 315314)                                        |
[2023-02-02 01:14:27,985] [builder.py:1982]           [INFO]     | Amazon Collection | ? | Wild and Free in... (TVDB: 378083)                                         |
[2023-02-02 01:14:28,327] [builder.py:1982]           [INFO]     | Amazon Collection | ? | Totems (TVDB: 399622)                                                      |
[2023-02-02 01:14:28,553] [builder.py:1982]           [INFO]     | Amazon Collection | ? | Suzhal - The Vortex (TVDB: 421087)                                         |
[2023-02-02 01:14:28,852] [builder.py:1982]           [INFO]     | Amazon Collection | ? | The Test (TVDB: 372848)                                                    |
[2023-02-02 01:14:29,188] [builder.py:1982]           [INFO]     | Amazon Collection | ? | LOL: Last One Laughing (FR) (TVDB: 400292)                                 |
[2023-02-02 01:14:29,403] [builder.py:1982]           [INFO]     | Amazon Collection | ? | Mammals (TVDB: 423793)                                                     |
[2023-02-02 01:14:29,605] [builder.py:1982]           [INFO]     | Amazon Collection | ? | Borat's American Lockdown & Debunking Borat (TVDB: 403269)                 |
[2023-02-02 01:14:29,905] [builder.py:1982]           [INFO]     | Amazon Collection | ? | Señoras del (H)AMPA (TVDB: 350441)                                         |
[2023-02-02 01:14:30,116] [builder.py:1982]           [INFO]     | Amazon Collection | ? | The Confession (2022) (TVDB: 427438)                                       |
[2023-02-02 01:14:30,305] [builder.py:1982]           [INFO]     | Amazon Collection | ? | Ninjala (2022) (TVDB: 413122)                                              |
[2023-02-02 01:14:30,678] [builder.py:1982]           [INFO]     | Amazon Collection | ? | Daisy Jones & The Six (TVDB: 416580)                                       |
[2023-02-02 01:14:30,856] [builder.py:1982]           [INFO]     | Amazon Collection | ? | The Little Prince is Omar Montes (TVDB: 412494)                            |
[2023-02-02 01:14:31,067] [builder.py:1982]           [INFO]     | Amazon Collection | ? | Flames (TVDB: 342635)                                                      |
[2023-02-02 01:14:31,237] [builder.py:1982]           [INFO]     | Amazon Collection | ? | Ted Bundy: Falling for a Killer (TVDB: 371107)                             |
[2023-02-02 01:14:31,485] [builder.py:1982]           [INFO]     | Amazon Collection | ? | Niko and the Sword of Light (TVDB: 325935)                                 |
[2023-02-02 01:14:31,726] [builder.py:1982]           [INFO]     | Amazon Collection | ? | LOL - Last One Laughing (SP) (TVDB: 390704)                                |
[2023-02-02 01:14:32,007] [builder.py:1982]           [INFO]     | Amazon Collection | ? | The After (TVDB: 333941)                                                   |
[2023-02-02 01:14:32,188] [builder.py:1982]           [INFO]     | Amazon Collection | ? | Oasis (TVDB: 333672)                                                       |
[2023-02-02 01:14:32,516] [builder.py:1982]           [INFO]     | Amazon Collection | ? | LOL: Last One Laughing Italy (TVDB: 394116)                                |
[2023-02-02 01:14:32,721] [builder.py:1982]           [INFO]     | Amazon Collection | ? | Paatal Lok (TVDB: 381272)                                                  |
[2023-02-02 01:14:32,950] [builder.py:1982]           [INFO]     | Amazon Collection | ? | Dino Dana (TVDB: 331706)                                                   |
[2023-02-02 01:14:33,204] [builder.py:1982]           [INFO]     | Amazon Collection | ? | Kakegurui Twin (TVDB: 393685)                                              |
[2023-02-02 01:14:33,408] [builder.py:1982]           [INFO]     | Amazon Collection | ? | Gibiate (TVDB: 373082)                                                     |
[2023-02-02 01:14:33,659] [builder.py:1982]           [INFO]     | Amazon Collection | ? | Celebrity Hunted: Manhunt (FR) (TVDB: 399630)                              |
[2023-02-02 01:14:33,860] [builder.py:1982]           [INFO]     | Amazon Collection | ? | I Love Dick (TVDB: 316951)                                                 |
[2023-02-02 01:14:34,073] [builder.py:1982]           [INFO]     | Amazon Collection | ? | Do, Re & Mi (TVDB: 368208)                                                 |
[2023-02-02 01:14:34,263] [builder.py:1982]           [INFO]     | Amazon Collection | ? | Living Abroad (TVDB: 383537)                                               |
[2023-02-02 01:14:34,509] [builder.py:1982]           [INFO]     | Amazon Collection | ? | Modern Love Amsterdam (TVDB: 428164)                                       |
[2023-02-02 01:14:34,728] [builder.py:1982]           [INFO]     | Amazon Collection | ? | Z: The Beginning of Everything (TVDB: 313880)                              |
[2023-02-02 01:14:34,962] [builder.py:1982]           [INFO]     | Amazon Collection | ? | Bang Bang Baby (TVDB: 418128)                                              |
[2023-02-02 01:14:35,232] [builder.py:1982]           [INFO]     | Amazon Collection | ? | The Power (TVDB: 373451)                                                   |
[2023-02-02 01:14:35,329] [builder.py:1977]           [ERROR]    | TVDb Error: Could not find a TVDb Series using TVDb Series ID: 339752                              |
[2023-02-02 01:14:35,593] [builder.py:1982]           [INFO]     | Amazon Collection | ? | Tell Me Your Secrets (TVDB: 384148)                                        |
[2023-02-02 01:14:35,783] [builder.py:1982]           [INFO]     | Amazon Collection | ? | All Or Nothing: Toronto Maple Leafs (TVDB: 408576)                         |
[2023-02-02 01:14:36,008] [builder.py:1982]           [INFO]     | Amazon Collection | ? | La Cabeza de Joaquín Murrieta (TVDB: 430147)                               |
[2023-02-02 01:14:36,249] [builder.py:1982]           [INFO]     | Amazon Collection | ? | Modern Love Mumbai (TVDB: 419492)                                          |
[2023-02-02 01:14:36,461] [builder.py:1982]           [INFO]     | Amazon Collection | ? | Breathe (2018) (TVDB: 341337)                                              |
[2023-02-02 01:14:36,632] [builder.py:1982]           [INFO]     | Amazon Collection | ? | The One That Got Away (2022) (TVDB: 421016)                                |
[2023-02-02 01:14:36,969] [builder.py:1982]           [INFO]     | Amazon Collection | ? | Inside Edge (TVDB: 331553)                                                 |
[2023-02-02 01:14:37,172] [builder.py:1982]           [INFO]     | Amazon Collection | ? | Prime Rewind: Inside The Boys (TVDB: 388377)                               |
[2023-02-02 01:14:37,568] [builder.py:1982]           [INFO]     | Amazon Collection | ? | Made in Heaven (TVDB: 359887)                                              |
[2023-02-02 01:14:37,768] [builder.py:1982]           [INFO]     | Amazon Collection | ? | Fukuyadou Honpo: Kyoto Love Story (TVDB: 336188)                           |
[2023-02-02 01:14:38,003] [builder.py:1982]           [INFO]     | Amazon Collection | ? | The Heart of Sergio Ramos (TVDB: 369546)                                   |
[2023-02-02 01:14:38,279] [builder.py:1982]           [INFO]     | Amazon Collection | ? | Simeone: Living Match by Match (TVDB: 415157)                              |
[2023-02-02 01:14:38,484] [builder.py:1982]           [INFO]     | Amazon Collection | ? | Guilty Minds (TVDB: 419264)                                                |
[2023-02-02 01:14:38,695] [builder.py:1982]           [INFO]     | Amazon Collection | ? | LOL: Last One Laughing Australia (TVDB: 383191)                            |
[2023-02-02 01:14:38,908] [builder.py:1982]           [INFO]     | Amazon Collection | ? | Good Girls Revolt (TVDB: 315419)                                           |
[2023-02-02 01:14:39,148] [builder.py:1982]           [INFO]     | Amazon Collection | ? | After Forever (TVDB: 346718)                                               |
[2023-02-02 01:14:39,356] [builder.py:1982]           [INFO]     | Amazon Collection | ? | Verdict (TVDB: 417044)                                                     |
[2023-02-02 01:14:39,550] [builder.py:1982]           [INFO]     | Amazon Collection | ? | The Lake (2022) (TVDB: 408163)                                             |
[2023-02-02 01:14:39,716] [builder.py:1982]           [INFO]     | Amazon Collection | ? | Lizzo’s Watch Out for the Big Grrrls (TVDB: 416823)                        |
[2023-02-02 01:14:39,987] [builder.py:1982]           [INFO]     | Amazon Collection | ? | Beat (TVDB: 353753)                                                        |
[2023-02-02 01:14:40,193] [builder.py:1982]           [INFO]     | Amazon Collection | ? | SENTOSHA: Battle Wheels (TVDB: 353330)                                     |
[2023-02-02 01:14:40,400] [builder.py:1982]           [INFO]     | Amazon Collection | ? | Kemurikusa (TVDB: 354199)                                                  |
[2023-02-02 01:14:40,659] [builder.py:1982]           [INFO]     | Amazon Collection | ? | Ultraman Orb: The Origin Saga (TVDB: 336380)                               |
[2023-02-02 01:14:40,835] [builder.py:1982]           [INFO]     | Amazon Collection | ? | The Moth Effect (TVDB: 406974)                                             |
[2023-02-02 01:14:41,053] [builder.py:1982]           [INFO]     | Amazon Collection | ? | The Kicks (2015) (TVDB: 316182)                                            |
[2023-02-02 01:14:41,326] [builder.py:1982]           [INFO]     | Amazon Collection | ? | All or Nothing: Juventus (TVDB: 397380)                                    |
[2023-02-02 01:14:41,571] [builder.py:1982]           [INFO]     | Amazon Collection | ? | Orelsan: Never Show This to Anyone (TVDB: 410658)                          |
[2023-02-02 01:14:41,792] [builder.py:1982]           [INFO]     | Amazon Collection | ? | Inés of My Soul (TVDB: 376506)                                             |
[2023-02-02 01:14:41,963] [builder.py:1982]           [INFO]     | Amazon Collection | ? | American MC (TVDB: 333117)                                                 |
[2023-02-02 01:14:42,157] [builder.py:1982]           [INFO]     | Amazon Collection | ? | The Secret World of Nature: Spain (TVDB: 389759)                           |
[2023-02-02 01:14:42,362] [builder.py:1982]           [INFO]     | Amazon Collection | ? | Bibi & Tina (2020) (TVDB: 379312)                                          |
[2023-02-02 01:14:42,540] [builder.py:1982]           [INFO]     | Amazon Collection | ? | The Pogmentary: Born Ready (TVDB: 401080)                                  |
[2023-02-02 01:14:42,755] [builder.py:1982]           [INFO]     | Amazon Collection | ? | Gortimer Gibbon's Life on Normal Street (TVDB: 278546)                     |
[2023-02-02 01:14:42,976] [builder.py:1982]           [INFO]     | Amazon Collection | ? | Annedroids (TVDB: 286246)                                                  |
[2023-02-02 01:14:43,188] [builder.py:1982]           [INFO]     | Amazon Collection | ? | Grand Prix Driver (TVDB: 340937)                                           |
[2023-02-02 01:14:43,430] [builder.py:1982]           [INFO]     | Amazon Collection | ? | WordWorld (TVDB: 81312)                                                    |
[2023-02-02 01:14:43,744] [builder.py:1982]           [INFO]     | Amazon Collection | ? | LOL: Last One Laughing Canada (TVDB: 415175)                               |
[2023-02-02 01:14:43,958] [builder.py:1982]           [INFO]     | Amazon Collection | ? | LOL: Last One Laughing Sweden (TVDB: 428911)                               |
[2023-02-02 01:14:44,246] [builder.py:1982]           [INFO]     | Amazon Collection | ? | LOL: Last One Laughing (BR) (TVDB: 413013)                                 |
[2023-02-02 01:14:44,474] [builder.py:1982]           [INFO]     | Amazon Collection | ? | Better days (TVDB: 403554)                                                 |
[2023-02-02 01:14:44,731] [builder.py:1982]           [INFO]     | Amazon Collection | ? | Comicstaan (TVDB: 349541)                                                  |
[2023-02-02 01:14:44,923] [builder.py:1982]           [INFO]     | Amazon Collection | ? | Love Addicts (TVDB: 427810)                                                |
[2023-02-02 01:14:45,107] [builder.py:1982]           [INFO]     | Amazon Collection | ? | Good Rivals (TVDB: 426802)                                                 |
[2023-02-02 01:14:45,336] [builder.py:1982]           [INFO]     | Amazon Collection | ? | The Collection (TVDB: 314374)                                              |
[2023-02-02 01:14:45,535] [builder.py:1982]           [INFO]     | Amazon Collection | ? | The Rebels (TVDB: 337996)                                                  |
[2023-02-02 01:14:45,740] [builder.py:1982]           [INFO]     | Amazon Collection | ? | Back to the Rafters (TVDB: 373324)                                         |
[2023-02-02 01:14:45,958] [builder.py:1982]           [INFO]     | Amazon Collection | ? | Buffy the Vampire Slayer: The Motion Comic (TVDB: 179971)                  |
[2023-02-02 01:14:46,138] [builder.py:1982]           [INFO]     | Amazon Collection | ? | Bandish Bandits (TVDB: 385362)                                             |
[2023-02-02 01:14:46,363] [builder.py:1982]           [INFO]     | Amazon Collection | ? | The Stinky & Dirty Show (TVDB: 316610)                                     |
[2023-02-02 01:14:46,530] [builder.py:1982]           [INFO]     | Amazon Collection | ? | One Good Day (TVDB: 427924)                                                |
[2023-02-02 01:14:46,718] [builder.py:1982]           [INFO]     | Amazon Collection | ? | The Great Escapists (TVDB: 394156)                                         |
[2023-02-02 01:14:46,855] [builder.py:1982]           [INFO]     | Amazon Collection | ? | Supernova (TVDB: 410424)                                                   |
[2023-02-02 01:14:47,124] [builder.py:1982]           [INFO]     | Amazon Collection | ? | LOL: Last One Laughing Quebec (TVDB: 428950)                               |
[2023-02-02 01:14:47,306] [builder.py:1982]           [INFO]     | Amazon Collection | ? | Shonan Junai Gumi (2020) (TVDB: 392311)                                    |
[2023-02-02 01:14:47,612] [builder.py:1982]           [INFO]     | Amazon Collection | ? | Tokyo Girl (TVDB: 323073)                                                  |
[2023-02-02 01:14:47,904] [builder.py:1982]           [INFO]     | Amazon Collection | ? | G.E.O. Beyond the limit (TVDB: 387798)                                     |
[2023-02-02 01:14:48,157] [builder.py:1982]           [INFO]     | Amazon Collection | ? | The Bedfellow (TVDB: 379525)                                               |
[2023-02-02 01:14:48,377] [builder.py:1982]           [INFO]     | Amazon Collection | ? | Le Mans: Racing is Everything (TVDB: 328438)                               |
[2023-02-02 01:14:48,560] [builder.py:1982]           [INFO]     | Amazon Collection | ? | German Crime Story: Shackled (TVDB: 429181)                                |
[2023-02-02 01:14:48,798] [builder.py:1982]           [INFO]     | Amazon Collection | ? | James May: Oh Cook (TVDB: 384721)                                          |
[2023-02-02 01:14:49,031] [builder.py:1982]           [INFO]     | Amazon Collection | ? | Caronte (TVDB: 354878)                                                     |
[2023-02-02 01:14:49,365] [builder.py:1982]           [INFO]     | Amazon Collection | ? | Tumble Leaf (TVDB: 282420)                                                 |
[2023-02-02 01:14:49,537] [builder.py:1982]           [INFO]     | Amazon Collection | ? | No Activity (JP) (TVDB: 414493)                                            |
[2023-02-02 01:14:49,724] [builder.py:1982]           [INFO]     | Amazon Collection | ? | Mumbai Diaries 26/11 (TVDB: 392499)                                        |
[2023-02-02 01:14:49,950] [builder.py:1982]           [INFO]     | Amazon Collection | ? | Made in Italy (TVDB: 368913)                                               |
[2023-02-02 01:14:50,171] [builder.py:1982]           [INFO]     | Amazon Collection | ? | The Last Hour (TVDB: 402868)                                               |
[2023-02-02 01:14:50,341] [builder.py:1982]           [INFO]     | Amazon Collection | ? | Una historia de crímenes (TVDB: 429991)                                    |
[2023-02-02 01:14:50,583] [builder.py:1982]           [INFO]     | Amazon Collection | ? | Ten Percent (TVDB: 399283)                                                 |
[2023-02-02 01:14:50,786] [builder.py:1982]           [INFO]     | Amazon Collection | ? | ImMATURE (TVDB: 360278)                                                    |
[2023-02-02 01:14:50,971] [builder.py:1982]           [INFO]     | Amazon Collection | ? | Comrade Detective (TVDB: 331301)                                           |
[2023-02-02 01:14:51,139] [builder.py:1982]           [INFO]     | Amazon Collection | ? | The Unsolved Murder of Beverly Lynn Smith (TVDB: 418425)                   |
[2023-02-02 01:14:51,363] [builder.py:1982]           [INFO]     | Amazon Collection | ? | Final Life - Even If You're Gone Tomorrow (TVDB: 334751)                   |
[2023-02-02 01:14:51,547] [builder.py:1982]           [INFO]     | Amazon Collection | ? | This Is Football (TVDB: 366370)                                            |
[2023-02-02 01:14:51,778] [builder.py:1982]           [INFO]     | Amazon Collection | ? | The Vineyard (TVDB: 388267)                                                |
[2023-02-02 01:14:51,949] [builder.py:1982]           [INFO]     | Amazon Collection | ? | Crash Course (TVDB: 423092)                                                |
[2023-02-02 01:14:52,120] [builder.py:1982]           [INFO]     | Amazon Collection | ? | Phat Tuesdays (TVDB: 414450)                                               |
[2023-02-02 01:14:52,311] [builder.py:1982]           [INFO]     | Amazon Collection | ? | Maroni (TVDB: 332505)                                                      |
[2023-02-02 01:14:52,510] [builder.py:1982]           [INFO]     | Amazon Collection | ? | Modern Love Hyderabad (TVDB: 422200)                                       |
[2023-02-02 01:14:52,709] [builder.py:1982]           [INFO]     | Amazon Collection | ? | Afsos (TVDB: 375719)                                                       |
[2023-02-02 01:14:52,924] [builder.py:1982]           [INFO]     | Amazon Collection | ? | All or Nothing: The Michigan Wolverines (TVDB: 345592)                     |
[2023-02-02 01:14:53,163] [builder.py:1982]           [INFO]     | Amazon Collection | ? | Etheria (TVDB: 387199)                                                     |
[2023-02-02 01:14:53,354] [builder.py:1982]           [INFO]     | Amazon Collection | ? | One Mic Stand (TVDB: 372260)                                               |
[2023-02-02 01:14:53,539] [builder.py:1982]           [INFO]     | Amazon Collection | ? | LOL - Last One Laughing (IN) (TVDB: 402349)                                |
[2023-02-02 01:14:53,733] [builder.py:1982]           [INFO]     | Amazon Collection | ? | Kaguya-sama: Love Is War Mini (TVDB: 403435)                               |
[2023-02-02 01:14:53,964] [builder.py:1982]           [INFO]     | Amazon Collection | ? | Watchmen: Motion Comic (TVDB: 82618)                                       |
[2023-02-02 01:14:54,247] [builder.py:1982]           [INFO]     | Amazon Collection | ? | True Story With (TVDB: 375575)                                             |
[2023-02-02 01:14:54,437] [builder.py:1982]           [INFO]     | Amazon Collection | ? | Magi: The Tensho Boy's Embassy (TVDB: 358390)                              |
[2023-02-02 01:14:54,621] [builder.py:1982]           [INFO]     | Amazon Collection | ? | Populism in Latin America (TVDB: 349554)                                   |
[2023-02-02 01:14:54,801] [builder.py:1982]           [INFO]     | Amazon Collection | ? | Anime e Sangue (TVDB: 342535)                                              |
[2023-02-02 01:14:54,964] [builder.py:1982]           [INFO]     | Amazon Collection | ? | All or Nothing: New Zealand All Blacks (TVDB: 347490)                      |
[2023-02-02 01:14:55,228] [builder.py:1982]           [INFO]     | Amazon Collection | ? | Cosmic Love France (TVDB: 428395)                                          |
[2023-02-02 01:14:55,451] [builder.py:1982]           [INFO]     | Amazon Collection | ? | Happy Marriage!? (TVDB: 314376)                                            |
[2023-02-02 01:14:55,614] [builder.py:1982]           [INFO]     | Amazon Collection | ? | Head Above Water (2021) (TVDB: 404207)                                     |
[2023-02-02 01:14:55,807] [builder.py:1982]           [INFO]     | Amazon Collection | ? | Take Us Home: Leeds United (TVDB: 367334)                                  |
[2023-02-02 01:14:56,024] [builder.py:1982]           [INFO]     | Amazon Collection | ? | Bestseller (TVDB: 416028)                                                  |
[2023-02-02 01:14:56,259] [builder.py:1982]           [INFO]     | Amazon Collection | ? | Tandav (TVDB: 393528)                                                      |
[2023-02-02 01:14:56,525] [builder.py:1982]           [INFO]     | Amazon Collection | ? | Laakhon Mein Ek (TVDB: 336238)                                             |
[2023-02-02 01:14:56,721] [builder.py:1982]           [INFO]     | Amazon Collection | ? | Mind the Malhotras (TVDB: 365195)                                          |
[2023-02-02 01:14:56,924] [builder.py:1982]           [INFO]     | Amazon Collection | ? | Prime Day Show (TVDB: 405074)                                              |
[2023-02-02 01:14:57,135] [builder.py:1982]           [INFO]     | Amazon Collection | ? | With Love (TVDB: 404298)                                                   |
[2023-02-02 01:14:57,299] [builder.py:1982]           [INFO]     | Amazon Collection | ? | Eat the World with Emeril Lagasse (TVDB: 316461)                           |
[2023-02-02 01:14:57,524] [builder.py:1982]           [INFO]     | Amazon Collection | ? | The Dangerous Book For Boys (TVDB: 343209)                                 |
[2023-02-02 01:14:57,748] [builder.py:1982]           [INFO]     | Amazon Collection | ? | Are You Really Getting Married? (TVDB: 422251)                             |
[2023-02-02 01:14:58,023] [builder.py:1982]           [INFO]     | Amazon Collection | ? | One Mississippi (TVDB: 315323)                                             |
[2023-02-02 01:14:58,244] [builder.py:1982]           [INFO]     | Amazon Collection | ? | Hush Hush (TVDB: 422253)                                                   |
[2023-02-02 01:14:58,427] [builder.py:1982]           [INFO]     | Amazon Collection | ? | Time Enna Boss!? (TVDB: 388421)                                            |
[2023-02-02 01:14:58,604] [builder.py:1982]           [INFO]     | Amazon Collection | ? | Rafa Nadal Academy (TVDB: 410171)                                          |
[2023-02-02 01:14:58,839] [builder.py:1982]           [INFO]     | Amazon Collection | ? | Tutta colpa di Freud - La serie (TVDB: 396195)                             |
[2023-02-02 01:14:59,043] [builder.py:1982]           [INFO]     | Amazon Collection | ? | Vella Raja (TVDB: 356424)                                                  |
[2023-02-02 01:14:59,273] [builder.py:1982]           [INFO]     | Amazon Collection | ? | Costume Quest (TVDB: 359650)                                               |
[2023-02-02 01:14:59,496] [builder.py:1982]           [INFO]     | Amazon Collection | ? | Betas (TVDB: 269003)                                                       |
[2023-02-02 01:14:59,692] [builder.py:1982]           [INFO]     | Amazon Collection | ? | Sons Of The Soil (TVDB: 392356)                                            |
[2023-02-02 01:14:59,936] [builder.py:1982]           [INFO]     | Amazon Collection | ? | Luxe Listings Sydney (TVDB: 405442)                                        |
[2023-02-02 01:15:00,147] [builder.py:1982]           [INFO]     | Amazon Collection | ? | The Discounters (TVDB: 412955)                                             |
[2023-02-02 01:15:00,368] [builder.py:1982]           [INFO]     | Amazon Collection | ? | The New Yorker Presents (TVDB: 305947)                                     |
[2023-02-02 01:15:00,554] [builder.py:1982]           [INFO]     | Amazon Collection | ? | The Hospital (2022) (TVDB: 420501)                                         |
[2023-02-02 01:15:00,605] [builder.py:1977]           [ERROR]    | TVDb Error: Could not find a TVDb Series using TVDb Series ID: 336825                              |
[2023-02-02 01:15:00,847] [builder.py:1982]           [INFO]     | Amazon Collection | ? | Tokyo Alice (TVDB: 365994)                                                 |
[2023-02-02 01:15:01,094] [builder.py:1982]           [INFO]     | Amazon Collection | ? | Bug Diaries (TVDB: 362700)                                                 |
[2023-02-02 01:15:01,373] [builder.py:1982]           [INFO]     | Amazon Collection | ? | No Easy Days (TVDB: 354721)                                                |
[2023-02-02 01:15:01,670] [builder.py:1982]           [INFO]     | Amazon Collection | ? | Sono Lillo (TVDB: 426326)                                                  |
[2023-02-02 01:15:01,877] [builder.py:1982]           [INFO]     | Amazon Collection | ? | Sea Oak (TVDB: 336822)                                                     |
[2023-02-02 01:15:02,084] [builder.py:1982]           [INFO]     | Amazon Collection | ? | Fallout (TVDB: 416744)                                                     |
[2023-02-02 01:15:02,276] [builder.py:1982]           [INFO]     | Amazon Collection | ? | Sigmund and the Sea Monsters (2016) (TVDB: 319654)                         |
[2023-02-02 01:15:02,535] [builder.py:1982]           [INFO]     | Amazon Collection | ? | Primate (TVDB: 418516)                                                     |
[2023-02-02 01:15:02,740] [builder.py:1982]           [INFO]     | Amazon Collection | ? | The Kids in the Hall: Comedy Punks (TVDB: 420354)                          |
[2023-02-02 01:15:02,986] [builder.py:1982]           [INFO]     | Amazon Collection | ? | Six Dreams (TVDB: 350727)                                                  |
[2023-02-02 01:15:03,159] [builder.py:1982]           [INFO]     | Amazon Collection | ? | Backstage with Katherine Ryan (TVDB: 420349)                               |
[2023-02-02 01:15:03,371] [builder.py:1982]           [INFO]     | Amazon Collection | ? | The Kids in the Hall (2022) (TVDB: 419533)                                 |
[2023-02-02 01:15:03,612] [builder.py:1982]           [INFO]     | Amazon Collection | ? | Always Jane (TVDB: 410948)                                                 |
[2023-02-02 01:15:03,794] [builder.py:1982]           [INFO]     | Amazon Collection | ? | Dead Ringers (2022) (TVDB: 387113)                                         |
[2023-02-02 01:15:04,029] [builder.py:1982]           [INFO]     | Amazon Collection | ? | Businessmen vs. Aliens (TVDB: 317347)                                      |
[2023-02-02 01:15:04,194] [builder.py:1982]           [INFO]     | Amazon Collection | ? | Christmas Always Finds Its Way (TVDB: 428215)                              |
[2023-02-02 01:15:04,382] [builder.py:1982]           [INFO]     | Amazon Collection | ? | Schickeria - Als München noch sexy war (TVDB: 423672)                      |
[2023-02-02 01:15:04,598] [builder.py:1982]           [INFO]     | Amazon Collection | ? | Desjuntados (TVDB: 410229)                                                 |
[2023-02-02 01:15:04,801] [builder.py:1982]           [INFO]     | Amazon Collection | ? | Unpaused: Naya Safar (TVDB: 414927)                                        |
[2023-02-02 01:15:05,018] [builder.py:1982]           [INFO]     | Amazon Collection | ? | Gen V (TVDB: 417909)                                                       |
[2023-02-02 01:15:05,255] [builder.py:1982]           [INFO]     | Amazon Collection | ? | Point of Honor (TVDB: 333943)                                              |
[2023-02-02 01:15:05,469] [builder.py:1982]           [INFO]     | Amazon Collection | ? | Danger & Eggs (TVDB: 324296)                                               |
[2023-02-02 01:15:05,643] [builder.py:1982]           [INFO]     | Amazon Collection | ? | Factory of Dreams: Benfica (TVDB: 426832)                                  |
[2023-02-02 01:15:05,821] [builder.py:1982]           [INFO]     | Amazon Collection | ? | Dr. Seuss Baking Challenge (TVDB: 426837)                                  |
[2023-02-02 01:15:06,048] [builder.py:1982]           [INFO]     | Amazon Collection | ? | Miskina, Poor Thing (TVDB: 399625)                                         |
[2023-02-02 01:15:06,226] [builder.py:1982]           [INFO]     | Amazon Collection | ? | World's Toughest Race: Eco-Challenge Fiji (TVDB: 379178)                   |
[2023-02-02 01:15:06,426] [builder.py:1982]           [INFO]     | Amazon Collection | ? | Lorena (TVDB: 357880)                                                      |
[2023-02-02 01:15:06,588] [builder.py:1982]           [INFO]     | Amazon Collection | ? | SpongeBob DocuPants (TVDB: 398293)                                         |
[2023-02-02 01:15:06,740] [builder.py:1982]           [INFO]     | Amazon Collection | ? | I'm a Virgo (TVDB: 393446)                                                 |
[2023-02-02 01:15:06,919] [builder.py:1982]           [INFO]     | Amazon Collection | ? | Murder in Agonda (TVDB: 419315)                                            |
[2023-02-02 01:15:07,108] [builder.py:1982]           [INFO]     | Amazon Collection | ? | LuLaRich (TVDB: 408854)                                                    |
[2023-02-02 01:15:07,267] [builder.py:1982]           [INFO]     | Amazon Collection | ? | The Climb (TVDB: 336827)                                                   |
[2023-02-02 01:15:07,473] [builder.py:1982]           [INFO]     | Amazon Collection | ? | Big Dogs (TVDB: 364385)                                                    |
[2023-02-02 01:15:07,683] [builder.py:1982]           [INFO]     | Amazon Collection | ? | The Reaping (TVDB: 323312)                                                 |
[2023-02-02 01:15:07,854] [builder.py:1982]           [INFO]     | Amazon Collection | ? | Amazon Funnies (TVDB: 386593)                                              |
[2023-02-02 01:15:08,038] [builder.py:1982]           [INFO]     | Amazon Collection | ? | Caligula (TVDB: 354946)                                                    |
[2023-02-02 01:15:08,207] [builder.py:1982]           [INFO]     | Amazon Collection | ? | Making their Mark (TVDB: 393036)                                           |
[2023-02-02 01:15:08,417] [builder.py:1982]           [INFO]     | Amazon Collection | ? | True Story España (TVDB: 426673)                                           |
[2023-02-02 01:15:08,600] [builder.py:1982]           [INFO]     | Amazon Collection | ? | The Anomalyst (TVDB: 397583)                                               |
[2023-02-02 01:15:08,855] [builder.py:1982]           [INFO]     | Amazon Collection | ? | Tales to Keep You Awake (2021) (TVDB: 393109)                              |
[2023-02-02 01:15:09,042] [builder.py:1982]           [INFO]     | Amazon Collection | ? | The Dark Tower (TVDB: 428689)                                              |
[2023-02-02 01:15:09,238] [builder.py:1982]           [INFO]     | Amazon Collection | ? | Akkad Bakkad Rafu Chakkar (TVDB: 411974)                                   |
[2023-02-02 01:15:09,421] [builder.py:1982]           [INFO]     | Amazon Collection | ? | The Pack (2020) (US) (TVDB: 389914)                                        |
[2023-02-02 01:15:09,682] [builder.py:1982]           [INFO]     | Amazon Collection | ? | Pan y Circo (TVDB: 386455)                                                 |
[2023-02-02 01:15:09,942] [builder.py:1982]           [INFO]     | Amazon Collection | ? | Baahubali: The Lost Legends (TVDB: 343005)                                 |
[2023-02-02 01:15:10,128] [builder.py:1982]           [INFO]     | Amazon Collection | ? | FC Bayern: Behind the Legend (TVDB: 412029)                                |
[2023-02-02 01:15:10,292] [builder.py:1982]           [INFO]     | Amazon Collection | ? | L.A. Macabre (TVDB: 406107)                                                |
[2023-02-02 01:15:10,490] [builder.py:1982]           [INFO]     | Amazon Collection | ? | Way beyond fear (TVDB: 377581)                                             |
[2023-02-02 01:15:10,659] [builder.py:1982]           [INFO]     | Amazon Collection | ? | Between Black and Blue (TVDB: 392504)                                      |
[2023-02-02 01:15:10,968] [builder.py:1982]           [INFO]     | Amazon Collection | ? | If You Give a Mouse a Cookie (TVDB: 328620)                                |
[2023-02-02 01:15:11,166] [builder.py:1982]           [INFO]     | Amazon Collection | ? | Hackers (TVDB: 370984)                                                     |
[2023-02-02 01:15:11,344] [builder.py:1982]           [INFO]     | Amazon Collection | ? | Tokyo Love Story (2020) (TVDB: 381994)                                     |
[2023-02-02 01:15:11,542] [builder.py:1982]           [INFO]     | Amazon Collection | ? | Toppen (TVDB: 424497)                                                      |
[2023-02-02 01:15:11,754] [builder.py:1982]           [INFO]     | Amazon Collection | ? | The Challenge (2020) (TVDB: 387799)                                        |
[2023-02-02 01:15:11,966] [builder.py:1982]           [INFO]     | Amazon Collection | ? | The Ferragnez (TVDB: 412493)                                               |
[2023-02-02 01:15:12,146] [builder.py:1982]           [INFO]     | Amazon Collection | ? | Roll No. 21 (TVDB: 277932)                                                 |
[2023-02-02 01:15:12,350] [builder.py:1982]           [INFO]     | Amazon Collection | ? | Coach Prime (TVDB: 414912)                                                 |
[2023-02-02 01:15:12,538] [builder.py:1982]           [INFO]     | Amazon Collection | ? | All or Nothing: Brazil National Team (TVDB: 376468)                        |
[2023-02-02 01:15:12,758] [builder.py:1982]           [INFO]     | Amazon Collection | ? | Inside Borussia Dortmund (TVDB: 367780)                                    |
[2023-02-02 01:15:12,927] [builder.py:1982]           [INFO]     | Amazon Collection | ? | Forever Summer: Hamptons (TVDB: 421829)                                    |
[2023-02-02 01:15:13,147] [builder.py:1982]           [INFO]     | Amazon Collection | ? | Pushpavalli (TVDB: 339306)                                                 |
[2023-02-02 01:15:13,353] [builder.py:1982]           [INFO]     | Amazon Collection | ? | Darknet-sur-Mer (TVDB: 424531)                                             |
[2023-02-02 01:15:13,622] [builder.py:1982]           [INFO]     | Amazon Collection | ? | Dinner Club (TVDB: 409258)                                                 |
[2023-02-02 01:15:13,835] [builder.py:1982]           [INFO]     | Amazon Collection | ? | The Fashion Fund (TVDB: 286455)                                            |
[2023-02-02 01:15:14,001] [builder.py:1982]           [INFO]     | Amazon Collection | ? | Victoria (2021) (TVDB: 419939)                                             |
[2023-02-02 01:15:14,205] [builder.py:1982]           [INFO]     | Amazon Collection | ? | Wishenpoof! (TVDB: 284428)                                                 |
[2023-02-02 01:15:14,447] [builder.py:1982]           [INFO]     | Amazon Collection | ? | 3 Caminos (TVDB: 388514)                                                   |
[2023-02-02 01:15:14,699] [builder.py:1982]           [INFO]     | Amazon Collection | ? | Shaitan Haveli (TVDB: 340641)                                              |
[2023-02-02 01:15:14,895] [builder.py:1982]           [INFO]     | Amazon Collection | ? | Jungle (TVDB: 423396)                                                      |
[2023-02-02 01:15:15,082] [builder.py:1982]           [INFO]     | Amazon Collection | ? | The Lost Flowers of Alice Hart (TVDB: 403090)                              |
[2023-02-02 01:15:15,250] [builder.py:1982]           [INFO]     | Amazon Collection | ? | Los Sobrevivientes, Colonia Dignidad (TVDB: 426523)                        |
[2023-02-02 01:15:15,451] [builder.py:1982]           [INFO]     | Amazon Collection | ? | The Benza (TVDB: 394028)                                                   |
[2023-02-02 01:15:15,627] [builder.py:1982]           [INFO]     | Amazon Collection | ? | No-Go Zones - The World's Toughest Places (TVDB: 375758)                   |
[2023-02-02 01:15:15,807] [builder.py:1982]           [INFO]     | Amazon Collection | ? | Cooking Life (TVDB: 385820)                                                |
[2023-02-02 01:15:16,006] [builder.py:1982]           [INFO]     | Amazon Collection | ? | Kaali Peeli Tales (TVDB: 408946)                                           |
[2023-02-02 01:15:16,224] [builder.py:1982]           [INFO]     | Amazon Collection | ? | Will vs. The Future (TVDB: 334393)                                         |
[2023-02-02 01:15:16,422] [builder.py:1982]           [INFO]     | Amazon Collection | ? | Bulge Bracket (TVDB: 385678)                                               |
[2023-02-02 01:15:16,606] [builder.py:1982]           [INFO]     | Amazon Collection | ? | Veleno: The Town of Lost Children (TVDB: 401988)                           |
[2023-02-02 01:15:16,803] [builder.py:1982]           [INFO]     | Amazon Collection | ? | Celebrity Hunted: Manhunt (DE) (TVDB: 412952)                              |
[2023-02-02 01:15:16,987] [builder.py:1982]           [INFO]     | Amazon Collection | ? | Skulls & Roses (TVDB: 368917)                                              |
[2023-02-02 01:15:17,198] [builder.py:1982]           [INFO]     | Amazon Collection | ? | World War 2 - The Call of Duty: A Complete Timeline (TVDB: 410020)         |
[2023-02-02 01:15:17,365] [builder.py:1982]           [INFO]     | Amazon Collection | ? | The Real Housewives of Cape Town (TVDB: 425667)                            |
[2023-02-02 01:15:17,553] [builder.py:1982]           [INFO]     | Amazon Collection | ? | Lovestruck High (TVDB: 419535)                                             |
[2023-02-02 01:15:17,713] [builder.py:1982]           [INFO]     | Amazon Collection | ? | Bild.Macht.Deutschland? (TVDB: 393609)                                     |
[2023-02-02 01:15:17,934] [builder.py:1982]           [INFO]     | Amazon Collection | ? | Half Pants Full Pants (TVDB: 428446)                                       |
[2023-02-02 01:15:18,129] [builder.py:1982]           [INFO]     | Amazon Collection | ? | Rasbhari (TVDB: 362330)                                                    |
[2023-02-02 01:15:18,338] [builder.py:1982]           [INFO]     | Amazon Collection | ? | Chacha Vidhayak Hain Humare (TVDB: 347776)                                 |
[2023-02-02 01:15:18,495] [builder.py:1982]           [INFO]     | Amazon Collection | ? | Sausage Party: Foodtopia (TVDB: 426452)                                    |
[2023-02-02 01:15:18,703] [builder.py:1982]           [INFO]     | Amazon Collection | ? | Gangstars (TVDB: 348393)                                                   |
[2023-02-02 01:15:18,901] [builder.py:1982]           [INFO]     | Amazon Collection | ? | At Home with the Gils (TVDB: 421003)                                       |
[2023-02-02 01:15:19,073] [builder.py:1982]           [INFO]     | Amazon Collection | ? | Tampa Baes (TVDB: 407035)                                                  |
[2023-02-02 01:15:19,229] [builder.py:1982]           [INFO]     | Amazon Collection | ? | Anansi Boys (TVDB: 407249)                                                 |
[2023-02-02 01:15:19,439] [builder.py:1982]           [INFO]     | Amazon Collection | ? | Successful People (TVDB: 381153)                                           |
[2023-02-02 01:15:19,615] [builder.py:1982]           [INFO]     | Amazon Collection | ? | James May's Build a Car in 24 Hours (TVDB: 323723)                         |
[2023-02-02 01:15:19,832] [builder.py:1982]           [INFO]     | Amazon Collection | ? | Love, Millennial Style (TVDB: 407646)                                      |
[2023-02-02 01:15:20,015] [builder.py:1982]           [INFO]     | Amazon Collection | ? | TRECX (TVDB: 393089)                                                       |
[2023-02-02 01:15:20,448] [builder.py:1982]           [INFO]     | Amazon Collection | ? | 5x Comédia (TVDB: 398286)                                                  |
[2023-02-02 01:15:20,652] [builder.py:1982]           [INFO]     | Amazon Collection | ? | Harmony with A R Rahman (TVDB: 351532)                                     |
[2023-02-02 01:15:20,843] [builder.py:1982]           [INFO]     | Amazon Collection | ? | Jim Gaffigan: The Pale Tourist (TVDB: 385823)                              |
[2023-02-02 01:15:21,032] [builder.py:1982]           [INFO]     | Amazon Collection | ? | The GiggleBellies - Monster Truck Learning (TVDB: 348639)                  |
[2023-02-02 01:15:21,242] [builder.py:1982]           [INFO]     | Amazon Collection | ? | Última Hora (TVDB: 427145)                                                 |
[2023-02-02 01:15:21,421] [builder.py:1982]           [INFO]     | Amazon Collection | ? | Cangaço Novo (TVDB: 417563)                                                |
[2023-02-02 01:15:21,614] [builder.py:1982]           [INFO]     | Amazon Collection | ? | Tunnels (TVDB: 403912)                                                     |
[2023-02-02 01:15:21,832] [builder.py:1982]           [INFO]     | Amazon Collection | ? | Citadel (TVDB: 393268)                                                     |
[2023-02-02 01:15:22,009] [builder.py:1982]           [INFO]     | Amazon Collection | ? | Gus Plus Us (TVDB: 425537)                                                 |
[2023-02-02 01:15:22,175] [builder.py:1982]           [INFO]     | Amazon Collection | ? | Mangiaracina Investigazioni (TVDB: 418987)                                 |
[2023-02-02 01:15:22,349] [builder.py:1982]           [INFO]     | Amazon Collection | ? | Nabilla: Unfiltered (TVDB: 412541)                                         |
[2023-02-02 01:15:22,592] [builder.py:1982]           [INFO]     | Amazon Collection | ? | Sainz: Live To Compete (TVDB: 413195)                                      |
[2023-02-02 01:15:22,833] [builder.py:1982]           [INFO]     | Amazon Collection | ? | Hideaki Anno and Hitoshi Matsumoto Fireside Chat (TVDB: 408957)            |
[2023-02-02 01:15:23,081] [builder.py:1982]           [INFO]     | Amazon Collection | ? | The C&D (TVDB: 397430)                                                     |
[2023-02-02 01:15:23,249] [builder.py:1982]           [INFO]     | Amazon Collection | ? | Laif (TVDB: 398841)                                                        |
[2023-02-02 01:15:23,523] [builder.py:1982]           [INFO]     | Amazon Collection | ? | Plurals (TVDB: 401607)                                                     |
[2023-02-02 01:15:23,848] [builder.py:1982]           [INFO]     | Amazon Collection | ? | Mr. & Mrs. Smith (2022) (TVDB: 396773)                                     |
[2023-02-02 01:15:24,118] [builder.py:1982]           [INFO]     | Amazon Collection | ? | Assassins (TVDB: 395253)                                                   |
[2023-02-02 01:15:24,305] [builder.py:1982]           [INFO]     | Amazon Collection | ? | 35 Serial Killers the World Wants to Forget (TVDB: 392318)                 |
[2023-02-02 01:15:24,485] [builder.py:1982]           [INFO]     | Amazon Collection | ? | Peep Time (TVDB: 398181)                                                   |
[2023-02-02 01:15:24,700] [builder.py:1982]           [INFO]     | Amazon Collection | ? | Regular Heroes (TVDB: 382125)                                              |
[2023-02-02 01:15:24,884] [builder.py:1982]           [INFO]     | Amazon Collection | ? | A Kid Called Mayonnaise (TVDB: 334387)                                     |
[2023-02-02 01:15:25,110] [builder.py:1982]           [INFO]     | Amazon Collection | ? | Binge Reloaded (TVDB: 391304)                                              |
[2023-02-02 01:15:25,278] [builder.py:1982]           [INFO]     | Amazon Collection | ? | Starting Troubles (TVDB: 403175)                                           |
[2023-02-02 01:15:25,436] [builder.py:1982]           [INFO]     | Amazon Collection | ? | Unheard (TVDB: 410213)                                                     |
[2023-02-02 01:15:25,679] [builder.py:1982]           [INFO]     | Amazon Collection | ? | MotoGP Unlimited (TVDB: 416636)                                            |
[2023-02-02 01:15:25,883] [builder.py:1982]           [INFO]     | Amazon Collection | ? | Before Pintus (TVDB: 400517)                                               |
[2023-02-02 01:15:26,072] [builder.py:1982]           [INFO]     | Amazon Collection | ? | Match in the Stars (TVDB: 418611)                                          |
[2023-02-02 01:15:26,279] [builder.py:1982]           [INFO]     | Amazon Collection | ? | Personal Space (TVDB: 343506)                                              |
[2023-02-02 01:15:26,464] [builder.py:1982]           [INFO]     | Amazon Collection | ? | Dystopia (2018) (TVDB: 356213)                                             |
[2023-02-02 01:15:26,680] [builder.py:1982]           [INFO]     | Amazon Collection | ? | The Ave (TVDB: 399623)                                                     |
[2023-02-02 01:15:26,852] [builder.py:1982]           [INFO]     | Amazon Collection | ? | The Brazilian Way (TVDB: 403917)                                           |
[2023-02-02 01:15:27,051] [builder.py:1982]           [INFO]     | Amazon Collection | ? | Really (TVDB: 337867)                                                      |
[2023-02-02 01:15:27,257] [builder.py:1982]           [INFO]     | Amazon Collection | ? | Transplantes (2019) (TVDB: 394450)                                         |
[2023-02-02 01:15:27,417] [builder.py:1982]           [INFO]     | Amazon Collection | ? | The New V.I.P.'s (TVDB: 334431)                                            |
[2023-02-02 01:15:27,600] [builder.py:1982]           [INFO]     | Amazon Collection | ? | Everybody Loves Natti (TVDB: 411661)                                       |
[2023-02-02 01:15:27,823] [builder.py:1982]           [INFO]     | Amazon Collection | ? | Poetry In America (TVDB: 347334)                                           |
[2023-02-02 01:15:28,028] [builder.py:1982]           [INFO]     | Amazon Collection | ? | Long Strange Trip (TVDB: 329795)                                           |
[2023-02-02 01:15:28,306] [builder.py:1982]           [INFO]     | Amazon Collection | ? | Monterossi - The Series (TVDB: 413309)                                     |
[2023-02-02 01:15:28,557] [builder.py:1982]           [INFO]     | Amazon Collection | ? | Mrs. Fitzgerald Is Missing (TVDB: 356128)                                  |
[2023-02-02 01:15:28,744] [builder.py:1982]           [INFO]     | Amazon Collection | ? | Dahaad (TVDB: 421368)                                                      |
[2023-02-02 01:15:29,012] [builder.py:1982]           [INFO]     | Amazon Collection | ? | Operação Policial - Nova Geração (TVDB: 376481)                            |
[2023-02-02 01:15:29,302] [builder.py:1982]           [INFO]     | Amazon Collection | ? | Love Island France (TVDB: 376965)                                          |
[2023-02-02 01:15:29,522] [builder.py:1982]           [INFO]     | Amazon Collection | ? | Die Geisterakten (TVDB: 353656)                                            |
[2023-02-02 01:15:29,795] [builder.py:1982]           [INFO]     | Amazon Collection | ? | Elected (TVDB: 416871)                                                     |
[2023-02-02 01:15:29,984] [builder.py:1982]           [INFO]     | Amazon Collection | ? | More than Words (TVDB: 423408)                                             |
[2023-02-02 01:15:30,162] [builder.py:1982]           [INFO]     | Amazon Collection | ? | Imperial Brazil (TVDB: 390626)                                             |
[2023-02-02 01:15:30,378] [builder.py:1982]           [INFO]     | Amazon Collection | ? | Pistorius (TVDB: 352538)                                                   |
[2023-02-02 01:15:30,556] [builder.py:1982]           [INFO]     | Amazon Collection | ? | Beer Masters: The Search For Europe's Next Great Beer (TVDB: 412623)       |
[2023-02-02 01:15:30,779] [builder.py:1982]           [INFO]     | Amazon Collection | ? | Places to Go: Your Passport to the World (TVDB: 382205)                    |
[2023-02-02 01:15:30,959] [builder.py:1982]           [INFO]     | Amazon Collection | ? | Test Drive (TVDB: 292597)                                                  |
[2023-02-02 01:15:31,144] [builder.py:1982]           [INFO]     | Amazon Collection | ? | Corazón Contento (TVDB: 357195)                                            |
[2023-02-02 01:15:31,322] [builder.py:1982]           [INFO]     | Amazon Collection | ? | Haunted State (TVDB: 366554)                                               |
[2023-02-02 01:15:31,497] [builder.py:1982]           [INFO]     | Amazon Collection | ? | Down Bad (TVDB: 415437)                                                    |
[2023-02-02 01:15:31,719] [builder.py:1982]           [INFO]     | Amazon Collection | ? | Friedliche Weihnachten (TVDB: 428147)                                      |
[2023-02-02 01:15:31,876] [builder.py:1982]           [INFO]     | Amazon Collection | ? | Yankee Hustle (TVDB: 392714)                                               |
[2023-02-02 01:15:32,124] [builder.py:1982]           [INFO]     | Amazon Collection | ? | Rescue 193 (TVDB: 403743)                                                  |
[2023-02-02 01:15:32,298] [builder.py:1982]           [INFO]     | Amazon Collection | ? | Hysteria (2014) (TVDB: 347761)                                             |
[2023-02-02 01:15:32,489] [builder.py:1982]           [INFO]     | Amazon Collection | ? | Jestination Unknown (TVDB: 371266)                                         |
[2023-02-02 01:15:32,685] [builder.py:1982]           [INFO]     | Amazon Collection | ? | Back to Basketball (TVDB: 418596)                                          |
[2023-02-02 01:15:32,865] [builder.py:1982]           [INFO]     | Amazon Collection | ? | Budding Prospects (TVDB: 335020)                                           |
[2023-02-02 01:15:33,042] [builder.py:1982]           [INFO]     | Amazon Collection | ? | Historic Farms (TVDB: 384059)                                              |
[2023-02-02 01:15:33,376] [builder.py:1982]           [INFO]     | Amazon Collection | ? | The Gymkhana Files (TVDB: 354040)                                          |
[2023-02-02 01:15:33,600] [builder.py:1982]           [INFO]     | Amazon Collection | ? | Eat. Race. Win. (TVDB: 349546)                                             |
[2023-02-02 01:15:33,913] [builder.py:1982]           [INFO]     | Amazon Collection | ? | Tom's Paint Shop in Car City (TVDB: 376854)                                |
[2023-02-02 01:15:34,139] [builder.py:1982]           [INFO]     | Amazon Collection | ? | Basketball: Golden Giants (TVDB: 406440)                                   |
[2023-02-02 01:15:34,207] [builder.py:1977]           [ERROR]    | TVDb Error: Could not find a TVDb Series using TVDb Series ID: 34473                               |
[2023-02-02 01:15:34,391] [builder.py:1982]           [INFO]     | Amazon Collection | ? | Comedy Club (TVDB: 413150)                                                 |
[2023-02-02 01:15:34,586] [builder.py:1982]           [INFO]     | Amazon Collection | ? | Repo Recall (TVDB: 426146)                                                 |
[2023-02-02 01:15:34,839] [builder.py:1982]           [INFO]     | Amazon Collection | ? | Group Strength (TVDB: 412760)                                              |
[2023-02-02 01:15:35,013] [builder.py:1982]           [INFO]     | Amazon Collection | ? | Dish of the Day (TVDB: 403882)                                             |
[2023-02-02 01:15:35,246] [builder.py:1982]           [INFO]     | Amazon Collection | ? | Gravesend (TVDB: 380455)                                                   |
[2023-02-02 01:15:35,465] [builder.py:1982]           [INFO]     | Amazon Collection | ? | Murderous Minds: Inside Serial Killers (TVDB: 352259)                      |
[2023-02-02 01:15:35,672] [builder.py:1982]           [INFO]     | Amazon Collection | ? | Todos queríamos matar al presidente (TVDB: 367619)                         |
[2023-02-02 01:15:35,926] [builder.py:1982]           [INFO]     | Amazon Collection | ? | The Expatriates (TVDB: 350845)                                             |
[2023-02-02 01:15:36,151] [builder.py:1982]           [INFO]     | Amazon Collection | ? | For Free (TVDB: 388613)                                                    |
[2023-02-02 01:15:36,361] [builder.py:1982]           [INFO]     | Amazon Collection | ? | Go Buster! (TVDB: 393670)                                                  |
[2023-02-02 01:15:36,611] [builder.py:1982]           [INFO]     | Amazon Collection | ? | Black Box (TVDB: 372484)                                                   |
[2023-02-02 01:15:36,785] [builder.py:1982]           [INFO]     | Amazon Collection | ? | Escaping Evil: My Life in a Cult (TVDB: 284426)                            |
[2023-02-02 01:15:36,961] [builder.py:1982]           [INFO]     | Amazon Collection | ? | Reflections: Project Chameleon (TVDB: 399692)                              |
[2023-02-02 01:15:37,208] [builder.py:1982]           [INFO]     | Amazon Collection | ? | Lov3 (TVDB: 414933)                                                        |
[2023-02-02 01:15:37,404] [builder.py:1982]           [INFO]     | Amazon Collection | ? | Free Meek (TVDB: 365967)                                                   |
[2023-02-02 01:15:37,622] [builder.py:1982]           [INFO]     | Amazon Collection | ? | Wakaalat from Home (TVDB: 388202)                                          |
[2023-02-02 01:15:37,802] [builder.py:1982]           [INFO]     | Amazon Collection | ? | Standing on Sacred Ground (TVDB: 380027)                                   |
[2023-02-02 01:15:38,012] [builder.py:1982]           [INFO]     | Amazon Collection | ? | Over Grenzen (TVDB: 413694)                                                |
[2023-02-02 01:15:38,217] [builder.py:1982]           [INFO]     | Amazon Collection | ? | Pau Gasol: It’s About the Journey (TVDB: 412419)                           |
[2023-02-02 01:15:38,388] [builder.py:1982]           [INFO]     | Amazon Collection | ? | The Sticky (TVDB: 418984)                                                  |
[2023-02-02 01:15:38,589] [builder.py:1982]           [INFO]     | Amazon Collection | ? | The Legend of Sergio Ramos (TVDB: 398359)                                  |
[2023-02-02 01:15:38,859] [builder.py:1982]           [INFO]     | Amazon Collection | ? | Tony Horton's Next Level (TVDB: 386772)                                    |
[2023-02-02 01:15:39,047] [builder.py:1982]           [INFO]     | Amazon Collection | ? | The Inflight Food Trip (TVDB: 375901)                                      |
[2023-02-02 01:15:39,252] [builder.py:1982]           [INFO]     | Amazon Collection | ? | Big Fish Big Adventure (TVDB: 414963)                                      |
[2023-02-02 01:15:39,403] [builder.py:1982]           [INFO]     | Amazon Collection | ? | The Influencers (TVDB: 394184)                                             |
[2023-02-02 01:15:39,626] [builder.py:1982]           [INFO]     | Amazon Collection | ? | Life Size (TVDB: 380157)                                                   |
[2023-02-02 01:15:39,678] [builder.py:1977]           [ERROR]    | TVDb Error: Could not find a TVDb Series using TVDb Series ID: 131384                              |
[2023-02-02 01:15:40,035] [builder.py:1982]           [INFO]     | Amazon Collection | ? | Becoming Evil: Serial Killers (TVDB: 365630)                               |
[2023-02-02 01:15:40,224] [builder.py:1982]           [INFO]     | Amazon Collection | ? | Mega Manufacturing (TVDB: 386247)                                          |
[2023-02-02 01:15:40,455] [builder.py:1982]           [INFO]     | Amazon Collection | ? | Ladies of the Lake (TVDB: 328621)                                          |
[2023-02-02 01:15:40,670] [builder.py:1982]           [INFO]     | Amazon Collection | ? | Just Cause (2023) (TVDB: 427771)                                           |
[2023-02-02 01:15:40,878] [builder.py:1982]           [INFO]     | Amazon Collection | ? | Reina Roja (TVDB: 421883)                                                  |
[2023-02-02 01:15:41,025] [builder.py:1982]           [INFO]     | Amazon Collection | ? | Indian Police Force (TVDB: 419245)                                         |
[2023-02-02 01:15:41,261] [builder.py:1982]           [INFO]     | Amazon Collection | ? | Blade Runner 2099 (TVDB: 424855)                                           |
[2023-02-02 01:15:41,452] [builder.py:1982]           [INFO]     | Amazon Collection | ? | 2nd Generation (TVDB: 381884)                                              |
[2023-02-02 01:15:41,630] [builder.py:1982]           [INFO]     | Amazon Collection | ? | Alien Chronicles (TVDB: 383161)                                            |
[2023-02-02 01:15:41,821] [builder.py:1982]           [INFO]     | Amazon Collection | ? | The Mighty Nein (TVDB: 430243)                                             |
[2023-02-02 01:15:41,999] [builder.py:1982]           [INFO]     | Amazon Collection | ? | The Cosmopolitans (TVDB: 333940)                                           |
[2023-02-02 01:15:42,206] [builder.py:1982]           [INFO]     | Amazon Collection | ? | Mylène Farmer L'Ultime Création (TVDB: 388425)                             |
[2023-02-02 01:15:42,380] [builder.py:1982]           [INFO]     | Amazon Collection | ? | Academy Dreams: Leeds United (TVDB: 424890)                                |
[2023-02-02 01:15:42,540] [builder.py:1982]           [INFO]     | Amazon Collection | ? | Humanoid Monster Bella (TVDB: 404496)                                      |
[2023-02-02 01:15:42,744] [builder.py:1982]           [INFO]     | Amazon Collection | ? | Just Friends (TVDB: 424294)                                                |
[2023-02-02 01:15:42,936] [builder.py:1982]           [INFO]     | Amazon Collection | ? | The Jewish Enquirer (TVDB: 377800)                                         |
[2023-02-02 01:15:43,137] [builder.py:1982]           [INFO]     | Amazon Collection | ? | Highston (TVDB: 313897)                                                    |
[2023-02-02 01:15:43,296] [builder.py:1982]           [INFO]     | Amazon Collection | ? | Kashmir The Story (TVDB: 421333)                                           |
[2023-02-02 01:15:43,553] [builder.py:1982]           [INFO]     | Amazon Collection | ? | Os Hermanos Perdidos no Brasil (TVDB: 371268)                              |
[2023-02-02 01:15:43,743] [builder.py:1982]           [INFO]     | Amazon Collection | ? | Cross (TVDB: 426501)                                                       |
[2023-02-02 01:15:43,950] [builder.py:1982]           [INFO]     | Amazon Collection | ? | Benza English (TVDB: 399285)                                               |
[2023-02-02 01:15:44,117] [builder.py:1982]           [INFO]     | Amazon Collection | ? | Bake Off Japan (TVDB: 419622)                                              |
[2023-02-02 01:15:44,307] [builder.py:1982]           [INFO]     | Amazon Collection | ? | Blue Flame (The Lost City of West River) (TVDB: 369434)                    |
[2023-02-02 01:15:44,533] [builder.py:1982]           [INFO]     | Amazon Collection | ? | Terra Brazil - Guides (TVDB: 349253)                                       |
[2023-02-02 01:15:44,716] [builder.py:1982]           [INFO]     | Amazon Collection | ? | Game of Spy (TVDB: 422205)                                                 |
[2023-02-02 01:15:44,923] [builder.py:1982]           [INFO]     | Amazon Collection | ? | The Ride: London to Beijing (TVDB: 360399)                                 |
[2023-02-02 01:15:45,253] [builder.py:1982]           [INFO]     | Amazon Collection | ? | Game dos Clones (TVDB: 389818)                                             |
[2023-02-02 01:15:45,436] [builder.py:1982]           [INFO]     | Amazon Collection | ? | Sky River of the Himalayas (TVDB: 415430)                                  |
[2023-02-02 01:15:45,626] [builder.py:1982]           [INFO]     | Amazon Collection | ? | Life's Rewards (TVDB: 402709)                                              |
[2023-02-02 01:15:45,795] [builder.py:1982]           [INFO]     | Amazon Collection | ? | When Eagles Dare: Crystal Palace F.C. (TVDB: 403482)                       |
[2023-02-02 01:15:45,988] [builder.py:1982]           [INFO]     | Amazon Collection | ? | Phungus & Mowld (TVDB: 398745)                                             |
[2023-02-02 01:15:46,379] [builder.py:1982]           [INFO]     | Amazon Collection | ? | Uncensored - Bushido's Truth (TVDB: 412850)                                |
[2023-02-02 01:15:46,567] [builder.py:1982]           [INFO]     | Amazon Collection | ? | Africa River Wild (TVDB: 383314)                                           |
[2023-02-02 01:15:46,919] [builder.py:1982]           [INFO]     | Amazon Collection | ? | Couple Goals (TVDB: 415733)                                                |
[2023-02-02 01:15:47,167] [builder.py:1982]           [INFO]     | Amazon Collection | ? | Quark Science (TVDB: 358433)                                               |
[2023-02-02 01:15:47,390] [builder.py:1982]           [INFO]     | Amazon Collection | ? | Celebrity Bake Off Spain (TVDB: 402742)                                    |
[2023-02-02 01:15:47,567] [builder.py:1982]           [INFO]     | Amazon Collection | ? | Tournaments Brazil (TVDB: 403884)                                          |
[2023-02-02 01:15:47,819] [builder.py:1982]           [INFO]     | Amazon Collection | ? | Serbia Old and New (TVDB: 407334)                                          |
[2023-02-02 01:15:47,992] [builder.py:1982]           [INFO]     | Amazon Collection | ? | #1 Happy Family USA (TVDB: 429874)                                         |
[2023-02-02 01:15:48,253] [builder.py:1982]           [INFO]     | Amazon Collection | ? | Ruud Gullit and the Mysteries of Ancient Egypt (TVDB: 427242)              |
[2023-02-02 01:15:48,443] [builder.py:1982]           [INFO]     | Amazon Collection | ? | The Secret Life of Owls (TVDB: 345805)                                     |
[2023-02-02 01:15:48,614] [builder.py:1982]           [INFO]     | Amazon Collection | ? | Horsepower (TVDB: 425841)                                                  |
[2023-02-02 01:15:48,807] [builder.py:1982]           [INFO]     | Amazon Collection | ? | Donnie Speciaal (TVDB: 422654)                                             |
[2023-02-02 01:15:49,114] [builder.py:1982]           [INFO]     | Amazon Collection | ? | God of War (TVDB: 428401)                                                  |
[2023-02-02 01:15:49,394] [builder.py:1982]           [INFO]     | Amazon Collection | ? | Feisworld (TVDB: 407167)                                                   |
[2023-02-02 01:15:49,643] [builder.py:1982]           [INFO]     | Amazon Collection | ? | My Lady Jane (TVDB: 426829)                                                |
[2023-02-02 01:15:49,809] [builder.py:1982]           [INFO]     | Amazon Collection | ? | Bambai Meri Jaan (TVDB: 421367)                                            |
[2023-02-02 01:15:49,969] [builder.py:1982]           [INFO]     | Amazon Collection | ? | P.I. Meena (TVDB: 422254)                                                  |
[2023-02-02 01:15:50,166] [builder.py:1982]           [INFO]     | Amazon Collection | ? | Adhura (TVDB: 421369)                                                      |
[2023-02-02 01:15:50,339] [builder.py:1982]           [INFO]     | Amazon Collection | ? | Prep to Win: Harlequins (TVDB: 419256)                                     |
[2023-02-02 01:15:50,530] [builder.py:1982]           [INFO]     | Amazon Collection | ? | Anna: Status (TVDB: 419811)                                                |
[2023-02-02 01:15:50,741] [builder.py:1982]           [INFO]     | Amazon Collection | ? | Ourika (TVDB: 418963)                                                      |
[2023-02-02 01:15:50,916] [builder.py:1982]           [INFO]     | Amazon Collection | ? | The Fatal Conflict: Judea and Rome (TVDB: 356381)                          |
[2023-02-02 01:15:51,076] [builder.py:1982]           [INFO]     | Amazon Collection | ? | O Negociador (TVDB: 417644)                                                |
[2023-02-02 01:15:51,253] [builder.py:1982]           [INFO]     | Amazon Collection | ? | Donnie on The Monnie (TVDB: 413137)                                        |
[2023-02-02 01:15:51,417] [builder.py:1982]           [INFO]     | Amazon Collection | ? | Rico: Dream Big (TVDB: 417417)                                             |
[2023-02-02 01:15:51,601] [builder.py:1982]           [INFO]     | Amazon Collection | ? | Dans tes yeux (TVDB: 273250)                                               |
[2023-02-02 01:15:51,780] [builder.py:1982]           [INFO]     | Amazon Collection | ? | Entdecke die Welt (TVDB: 390789)                                           |
[2023-02-02 01:15:51,929] [builder.py:1982]           [INFO]     | Amazon Collection | ? | Say Yes to the Dress India (TVDB: 418841)                                  |
[2023-02-02 01:15:52,114] [builder.py:1982]           [INFO]     | Amazon Collection | ? | Dutch Wheels (TVDB: 413317)                                                |
[2023-02-02 01:15:52,473] [builder.py:1982]           [INFO]     | Amazon Collection | ? | Soho Theatre Live (TVDB: 331789)                                           |
[2023-02-02 01:15:52,704] [builder.py:1982]           [INFO]     | Amazon Collection | ? | Life Is Strange (TVDB: 371793)                                             |
[2023-02-02 01:15:52,910] [builder.py:1982]           [INFO]     | Amazon Collection | ? | Immediate Help (TVDB: 403904)                                              |
[2023-02-02 01:15:53,092] [builder.py:1982]           [INFO]     | Amazon Collection | ? | Investigação Criminal: Crimes Perversos (TVDB: 351949)                     |
[2023-02-02 01:15:53,319] [builder.py:1982]           [INFO]     | Amazon Collection | ? | Geek (TVDB: 348091)                                                        |
[2023-02-02 01:15:53,498] [builder.py:1982]           [INFO]     | Amazon Collection | ? | I Hate My Boss! (TVDB: 403915)                                             |
[2023-02-02 01:15:53,712] [builder.py:1982]           [INFO]     | Amazon Collection | ? | The Bitter (TVDB: 403921)                                                  |
[2023-02-02 01:15:53,878] [builder.py:1982]           [INFO]     | Amazon Collection | ? | Gamebreakers (TVDB: 405272)                                                |
[2023-02-02 01:15:54,067] [builder.py:1982]           [INFO]     | Amazon Collection | ? | Greek Salad (TVDB: 399828)                                                 |
[2023-02-02 01:15:54,341] [builder.py:1982]           [INFO]     | Amazon Collection | ? | Next: Blockchain (TVDB: 368142)                                            |
[2023-02-02 01:15:54,513] [builder.py:1982]           [INFO]     | Amazon Collection | ? | Music (TVDB: 325671)                                                       |
[2023-02-02 01:15:54,748] [builder.py:1982]           [INFO]     | Amazon Collection | ? | Phantom Lake (TVDB: 376268)                                                |
[2023-02-02 01:15:54,947] [builder.py:1982]           [INFO]     | Amazon Collection | ? | 37 Problems (TVDB: 338275)                                                 |
[2023-02-02 01:15:55,117] [builder.py:1982]           [INFO]     | Amazon Collection | ? | The Yukon Blues (TVDB: 379878)                                             |
[2023-02-02 01:15:55,285] [builder.py:1982]           [INFO]     | Amazon Collection | ? | Wisp (TVDB: 331678)                                                        |
[2023-02-02 01:15:55,472] [builder.py:1982]           [INFO]     | Amazon Collection | ? | WildCraft: South Africa (TVDB: 371290)                                     |
[2023-02-02 01:15:55,684] [builder.py:1982]           [INFO]     | Amazon Collection | ? | Rinkside (TVDB: 381753)                                                    |
[2023-02-02 01:15:55,854] [builder.py:1982]           [INFO]     | Amazon Collection | ? | The Record (TVDB: 396485)                                                  |
[2023-02-02 01:15:56,021] [builder.py:1982]           [INFO]     | Amazon Collection | ? | Broken Knuckles (TVDB: 396828)                                             |
[2023-02-02 01:15:56,180] [builder.py:1982]           [INFO]     | Amazon Collection | ? | Jodi2 (TVDB: 395836)                                                       |
[2023-02-02 01:15:56,366] [builder.py:1982]           [INFO]     | Amazon Collection | ? | Ocean Super Predators (TVDB: 413887)                                       |
[2023-02-02 01:15:56,529] [builder.py:1982]           [INFO]     | Amazon Collection | ? | Generation Brut (TVDB: 394802)                                             |
[2023-02-02 01:15:56,703] [builder.py:1982]           [INFO]     | Amazon Collection | ? | Family Food Fight (TVDB: 369163)                                           |
[2023-02-02 01:15:56,856] [builder.py:1982]           [INFO]     | Amazon Collection | ? | Detective Romi (TVDB: 393597)                                              |
[2023-02-02 01:15:57,073] [builder.py:1982]           [INFO]     | Amazon Collection | ? | Big Bad World (2013) (TVDB: 272416)                                        |
[2023-02-02 01:15:57,245] [builder.py:1982]           [INFO]     | Amazon Collection | ? | Rich Africans (TVDB: 404221)                                               |
[2023-02-02 01:15:57,414] [builder.py:1982]           [INFO]     | Amazon Collection | ? | Secret History of Brazilian Pop (TVDB: 364908)                             |
[2023-02-02 01:15:57,603] [builder.py:1982]           [INFO]     | Amazon Collection | ? | Jessy & Nessy (TVDB: 378085)                                               |
[2023-02-02 01:15:57,783] [builder.py:1982]           [INFO]     | Amazon Collection | ? | Invisible Tokyo (TVDB: 384330)                                             |
[2023-02-02 01:15:57,958] [builder.py:1982]           [INFO]     | Amazon Collection | ? | Architects of Darkness (TVDB: 380888)                                      |
[2023-02-02 01:15:58,128] [builder.py:1982]           [INFO]     | Amazon Collection | ? | The Evolution of Us (TVDB: 355690)                                         |
[2023-02-02 01:15:58,318] [builder.py:1982]           [INFO]     | Amazon Collection | ? | Skyward (TVDB: 334969)                                                     |
[2023-02-02 01:15:58,495] [builder.py:1982]           [INFO]     | Amazon Collection | ? | The Interestings (TVDB: 367959)                                            |
[2023-02-02 01:15:58,496] [builder.py:1986]           [INFO]     |                                                                                                    |
[2023-02-02 01:15:58,496] [builder.py:1987]           [INFO]     | 584 Shows Missing                                                                                  |
[2023-02-02 01:15:58,634] [builder.py:2147]           [INFO]     |                                                                                                    |
[2023-02-02 01:15:58,634] [util.py:216]               [INFO]     |============================== Updating Details of Amazon Collection ===============================|
[2023-02-02 01:15:58,635] [builder.py:2149]           [INFO]     |                                                                                                    |
[2023-02-02 01:15:58,636] [builder.py:2258]           [DEBUG]    | 1 posters found:                                                                                   |
[2023-02-02 01:15:58,636] [builder.py:2260]           [DEBUG]    | Method: url_poster Poster: https://theposterdb.com/api/assets/90886                                |
[2023-02-02 01:15:58,636] [builder.py:2327]           [INFO]     | No background collection detail or asset folder found                                              |
[2023-02-02 01:15:58,646] [library.py:147]            [INFO]     | Detail: poster update not needed                                                                   |
[2023-02-02 01:15:58,725] [plex_meta_manager.py:880]  [INFO]     |                                                                                                    |
[2023-02-02 01:15:58,726] [util.py:209]               [INFO]     |====================================================================================================|
[2023-02-02 01:15:58,726] [util.py:216]               [INFO]     |                                     Finished Amazon Collection                                     |
[2023-02-02 01:15:58,727] [util.py:216]               [INFO]     |                                    Collection Run Time: 0:02:30                                    |
[2023-02-02 01:15:58,727] [util.py:220]               [INFO]     |====================================================================================================|
