[2023-02-14 02:31:52,171] [util.py:209]               [INFO]     |====================================================================================================|
[2023-02-14 02:31:52,171] [util.py:216]               [INFO]     |                                     PBS Collection in TV Shows                                     |
[2023-02-14 02:31:52,171] [util.py:220]               [INFO]     |====================================================================================================|
[2023-02-14 02:31:52,172] [plex_meta_manager.py:750]  [INFO]     |                                                                                                    |
[2023-02-14 02:31:52,172] [util.py:216]               [INFO]     |==================================== Validating PBS Attributes =====================================|
[2023-02-14 02:31:52,173] [builder.py:265]            [DEBUG]    |                                                                                                    |
[2023-02-14 02:31:52,173] [builder.py:266]            [DEBUG]    | Validating Method: template                                                                        |
[2023-02-14 02:31:52,174] [meta.py:83]                [DEBUG]    | Value: ordereddict([('name', 'network'), ('network', 14), ('poster', 'https://theposterdb.com/api/assets/204458')]) |
[2023-02-14 02:31:52,175] [builder.py:330]            [DEBUG]    |                                                                                                    |
[2023-02-14 02:31:52,175] [builder.py:331]            [DEBUG]    | Validating Method: sync_mode                                                                       |
[2023-02-14 02:31:52,175] [builder.py:335]            [DEBUG]    | Value: sync                                                                                        |
[2023-02-14 02:31:52,175] [builder.py:453]            [DEBUG]    |                                                                                                    |
[2023-02-14 02:31:52,176] [builder.py:454]            [DEBUG]    | Validating Method: collection_order                                                                |
[2023-02-14 02:31:52,176] [builder.py:455]            [DEBUG]    | Value: alpha                                                                                       |
[2023-02-14 02:31:52,176] [builder.py:472]            [DEBUG]    |                                                                                                    |
[2023-02-14 02:31:52,177] [builder.py:473]            [DEBUG]    | Validating Method: tmdb_network                                                                    |
[2023-02-14 02:31:52,177] [builder.py:474]            [DEBUG]    | Value: 14                                                                                          |
[2023-02-14 02:31:52,315] [builder.py:472]            [DEBUG]    |                                                                                                    |
[2023-02-14 02:31:52,316] [builder.py:473]            [DEBUG]    | Validating Method: url_poster                                                                      |
[2023-02-14 02:31:52,316] [builder.py:474]            [DEBUG]    | Value: https://theposterdb.com/api/assets/204458                                                   |
[2023-02-14 02:31:52,316] [builder.py:472]            [DEBUG]    |                                                                                                    |
[2023-02-14 02:31:52,317] [builder.py:473]            [DEBUG]    | Validating Method: sort_title                                                                      |
[2023-02-14 02:31:52,317] [builder.py:474]            [DEBUG]    | Value: +4_PBS                                                                                      |
[2023-02-14 02:31:52,393] [builder.py:619]            [INFO]     |                                                                                                    |
[2023-02-14 02:31:52,393] [builder.py:620]            [INFO]     | Validation Successful                                                                              |
[2023-02-14 02:31:52,397] [plex_meta_manager.py:758]  [INFO]     |                                                                                                    |
[2023-02-14 02:31:52,398] [util.py:216]               [INFO]     |====================================== Running PBS Collection ======================================|
[2023-02-14 02:31:52,398] [plex_meta_manager.py:773]  [INFO]     |                                                                                                    |
[2023-02-14 02:31:52,398] [plex_meta_manager.py:774]  [INFO]     | Sync Mode: sync                                                                                    |
[2023-02-14 02:31:52,398] [builder.py:1275]           [DEBUG]    |                                                                                                    |
[2023-02-14 02:31:52,399] [builder.py:1276]           [DEBUG]    | Builder: tmdb_network: 14                                                                          |
[2023-02-14 02:31:52,399] [builder.py:1277]           [INFO]     |                                                                                                    |
[2023-02-14 02:31:56,170] [tmdb.py:282]               [INFO]     | Processing TMDb Network: (14) PBS (662 Shows)                                                      |
[2023-02-14 02:31:56,171] [builder.py:1282]           [DEBUG]    |                                                                                                    |
[2023-02-14 02:31:56,171] [builder.py:1283]           [DEBUG]    | 662 IDs Found: [(1655, 'tmdb_show'), (502, 'tmdb_show'), (33907, 'tmdb_show'), (656, 'tmdb_show'), (2153, 'tmdb_show'), (3562, 'tmdb_show'), (2394, 'tmdb_show'), (58287, 'tmdb_show'), (35094, 'tmdb_show'), (10472, 'tmdb_show'), (14976, 'tmdb_show'), (30778, 'tmdb_show'), (4384, 'tmdb_show'), (1181, 'tmdb_show'), (43221, 'tmdb_show'), (14951, 'tmdb_show'), (23545, 'tmdb_show'), (9890, 'tmdb_show'), (15069, 'tmdb_show'), (4887, 'tmdb_show'), (4591, 'tmdb_show'), (33739, 'tmdb_show'), (92875, 'tmdb_show'), (67419, 'tmdb_show'), (10382, 'tmdb_show'), (40050, 'tmdb_show'), (15, 'tmdb_show'), (96228, 'tmdb_show'), (5467, 'tmdb_show'), (7263, 'tmdb_show'), (10029, 'tmdb_show'), (80715, 'tmdb_show'), (73549, 'tmdb_show'), (61697, 'tmdb_show'), (14766, 'tmdb_show'), (14511, 'tmdb_show'), (219242, 'tmdb_show'), (130766, 'tmdb_show'), (14955, 'tmdb_show'), (46643, 'tmdb_show'), (3483, 'tmdb_show'), (15072, 'tmdb_show'), (125027, 'tmdb_show'), (62694, 'tmdb_show'), (1430, 'tmdb_show'), (3131, 'tmdb_show'), (42518, 'tmdb_show'), (95008, 'tmdb_show'), (7744, 'tmdb_show'), (85, 'tmdb_show'), (11203, 'tmdb_show'), (13605, 'tmdb_show'), (46434, 'tmdb_show'), (4302, 'tmdb_show'), (26338, 'tmdb_show'), (4366, 'tmdb_show'), (9693, 'tmdb_show'), (18940, 'tmdb_show'), (6883, 'tmdb_show'), (15030, 'tmdb_show'), (965, 'tmdb_show'), (4063, 'tmdb_show'), (13591, 'tmdb_show'), (4422, 'tmdb_show'), (33347, 'tmdb_show'), (33024, 'tmdb_show'), (152443, 'tmdb_show'), (9970, 'tmdb_show'), (21612, 'tmdb_show'), (10282, 'tmdb_show'), (29492, 'tmdb_show'), (4593, 'tmdb_show'), (35037, 'tmdb_show'), (126993, 'tmdb_show'), (31752, 'tmdb_show'), (62970, 'tmdb_show'), (47801, 'tmdb_show'), (8827, 'tmdb_show'), (13710, 'tmdb_show'), (63397, 'tmdb_show'), (4528, 'tmdb_show'), (31750, 'tmdb_show'), (11110, 'tmdb_show'), (64011, 'tmdb_show'), (3746, 'tmdb_show'), (39983, 'tmdb_show'), (4434, 'tmdb_show'), (10086, 'tmdb_show'), (76881, 'tmdb_show'), (63508, 'tmdb_show'), (5496, 'tmdb_show'), (16202, 'tmdb_show'), (2922, 'tmdb_show'), (18862, 'tmdb_show'), (56629, 'tmdb_show'), (19215, 'tmdb_show'), (919, 'tmdb_show'), (14298, 'tmdb_show'), (73910, 'tmdb_show'), (65646, 'tmdb_show'), (211185, 'tmdb_show'), (39459, 'tmdb_show'), (22485, 'tmdb_show'), (35260, 'tmdb_show'), (20861, 'tmdb_show'), (45595, 'tmdb_show'), (62094, 'tmdb_show'), (10478, 'tmdb_show'), (138272, 'tmdb_show'), (15178, 'tmdb_show'), (91589, 'tmdb_show'), (31708, 'tmdb_show'), (22859, 'tmdb_show'), (13336, 'tmdb_show'), (128907, 'tmdb_show'), (9190, 'tmdb_show'), (204165, 'tmdb_show'), (22867, 'tmdb_show'), (53713, 'tmdb_show'), (10532, 'tmdb_show'), (10335, 'tmdb_show'), (30715, 'tmdb_show'), (82768, 'tmdb_show'), (77144, 'tmdb_show'), (12398, 'tmdb_show'), (19590, 'tmdb_show'), (11869, 'tmdb_show'), (90214, 'tmdb_show'), (28624, 'tmdb_show'), (91049, 'tmdb_show'), (25646, 'tmdb_show'), (40173, 'tmdb_show'), (123186, 'tmdb_show'), (61657, 'tmdb_show'), (17693, 'tmdb_show'), (68853, 'tmdb_show'), (32237, 'tmdb_show'), (83013, 'tmdb_show'), (4091, 'tmdb_show'), (71755, 'tmdb_show'), (66731, 'tmdb_show'), (15050, 'tmdb_show'), (56850, 'tmdb_show'), (18889, 'tmdb_show'), (28265, 'tmdb_show'), (77141, 'tmdb_show'), (44391, 'tmdb_show'), (43397, 'tmdb_show'), (17540, 'tmdb_show'), (8642, 'tmdb_show'), (15063, 'tmdb_show'), (79180, 'tmdb_show'), (11990, 'tmdb_show'), (60289, 'tmdb_show'), (24745, 'tmdb_show'), (102233, 'tmdb_show'), (77132, 'tmdb_show'), (91463, 'tmdb_show'), (93645, 'tmdb_show'), (84628, 'tmdb_show'), (4061, 'tmdb_show'), (14844, 'tmdb_show'), (10048, 'tmdb_show'), (136597, 'tmdb_show'), (44174, 'tmdb_show'), (11730, 'tmdb_show'), (64469, 'tmdb_show'), (36258, 'tmdb_show'), (19005, 'tmdb_show'), (62089, 'tmdb_show'), (85238, 'tmdb_show'), (86558, 'tmdb_show'), (20720, 'tmdb_show'), (70027, 'tmdb_show'), (103458, 'tmdb_show'), (72465, 'tmdb_show'), (43659, 'tmdb_show'), (57412, 'tmdb_show'), (69578, 'tmdb_show'), (62042, 'tmdb_show'), (12774, 'tmdb_show'), (64053, 'tmdb_show'), (201568, 'tmdb_show'), (9821, 'tmdb_show'), (10513, 'tmdb_show'), (219756, 'tmdb_show'), (49075, 'tmdb_show'), (204422, 'tmdb_show'), (77074, 'tmdb_show'), (79771, 'tmdb_show'), (33985, 'tmdb_show'), (12376, 'tmdb_show'), (29123, 'tmdb_show'), (72612, 'tmdb_show'), (204355, 'tmdb_show'), (10278, 'tmdb_show'), (91568, 'tmdb_show'), (133802, 'tmdb_show'), (13399, 'tmdb_show'), (55354, 'tmdb_show'), (33136, 'tmdb_show'), (16313, 'tmdb_show'), (211728, 'tmdb_show'), (112300, 'tmdb_show'), (105197, 'tmdb_show'), (9146, 'tmdb_show'), (38624, 'tmdb_show'), (214241, 'tmdb_show'), (126117, 'tmdb_show'), (62074, 'tmdb_show'), (57180, 'tmdb_show'), (11087, 'tmdb_show'), (36013, 'tmdb_show'), (22261, 'tmdb_show'), (5575, 'tmdb_show'), (117340, 'tmdb_show'), (63173, 'tmdb_show'), (203012, 'tmdb_show'), (21111, 'tmdb_show'), (2127, 'tmdb_show'), (66497, 'tmdb_show'), (61567, 'tmdb_show'), (203934, 'tmdb_show'), (133063, 'tmdb_show'), (100890, 'tmdb_show'), (21199, 'tmdb_show'), (203799, 'tmdb_show'), (157459, 'tmdb_show'), (86227, 'tmdb_show'), (20684, 'tmdb_show'), (57747, 'tmdb_show'), (95153, 'tmdb_show'), (3911, 'tmdb_show'), (153301, 'tmdb_show'), (7881, 'tmdb_show'), (7563, 'tmdb_show'), (7296, 'tmdb_show'), (3864, 'tmdb_show'), (19067, 'tmdb_show'), (133142, 'tmdb_show'), (12092, 'tmdb_show'), (27917, 'tmdb_show'), (2130, 'tmdb_show'), (21444, 'tmdb_show'), (18814, 'tmdb_show'), (19676, 'tmdb_show'), (45343, 'tmdb_show'), (155075, 'tmdb_show'), (204546, 'tmdb_show'), (77248, 'tmdb_show'), (32162, 'tmdb_show'), (3028, 'tmdb_show'), (95801, 'tmdb_show'), (158541, 'tmdb_show'), (70456, 'tmdb_show'), (60820, 'tmdb_show'), (201556, 'tmdb_show'), (43175, 'tmdb_show'), (20713, 'tmdb_show'), (79503, 'tmdb_show'), (79177, 'tmdb_show'), (15035, 'tmdb_show'), (16880, 'tmdb_show'), (21470, 'tmdb_show'), (74811, 'tmdb_show'), (68672, 'tmdb_show'), (218633, 'tmdb_show'), (201560, 'tmdb_show'), (129169, 'tmdb_show'), (128746, 'tmdb_show'), (107336, 'tmdb_show'), (96524, 'tmdb_show'), (88327, 'tmdb_show'), (85938, 'tmdb_show'), (82793, 'tmdb_show'), (79178, 'tmdb_show'), (77440, 'tmdb_show'), (68692, 'tmdb_show'), (55423, 'tmdb_show'), (49338, 'tmdb_show'), (29996, 'tmdb_show'), (27317, 'tmdb_show'), (27300, 'tmdb_show'), (24734, 'tmdb_show'), (20252, 'tmdb_show'), (18982, 'tmdb_show'), (14674, 'tmdb_show'), (14438, 'tmdb_show'), (14134, 'tmdb_show'), (10741, 'tmdb_show'), (9567, 'tmdb_show'), (6014, 'tmdb_show'), (34136, 'tmdb_show'), (57350, 'tmdb_show'), (14919, 'tmdb_show'), (32134, 'tmdb_show'), (61745, 'tmdb_show'), (43652, 'tmdb_show'), (52129, 'tmdb_show'), (20947, 'tmdb_show'), (195601, 'tmdb_show'), (45334, 'tmdb_show'), (209862, 'tmdb_show'), (17698, 'tmdb_show'), (156138, 'tmdb_show'), (72722, 'tmdb_show'), (72182, 'tmdb_show'), (71808, 'tmdb_show'), (22023, 'tmdb_show'), (125933, 'tmdb_show'), (21335, 'tmdb_show'), (76519, 'tmdb_show'), (82241, 'tmdb_show'), (43647, 'tmdb_show'), (63392, 'tmdb_show'), (20890, 'tmdb_show'), (65690, 'tmdb_show'), (64934, 'tmdb_show'), (26819, 'tmdb_show'), (77273, 'tmdb_show'), (156306, 'tmdb_show'), (16429, 'tmdb_show'), (38403, 'tmdb_show'), (77379, 'tmdb_show'), (19193, 'tmdb_show'), (137897, 'tmdb_show'), (8653, 'tmdb_show'), (155597, 'tmdb_show'), (43089, 'tmdb_show'), (195837, 'tmdb_show'), (156049, 'tmdb_show'), (83384, 'tmdb_show'), (61763, 'tmdb_show'), (103686, 'tmdb_show'), (43656, 'tmdb_show'), (30135, 'tmdb_show'), (15001, 'tmdb_show'), (70283, 'tmdb_show'), (44332, 'tmdb_show'), (154324, 'tmdb_show'), (213268, 'tmdb_show'), (138164, 'tmdb_show'), (72772, 'tmdb_show'), (36003, 'tmdb_show'), (25289, 'tmdb_show'), (111592, 'tmdb_show'), (219720, 'tmdb_show'), (206984, 'tmdb_show'), (47735, 'tmdb_show'), (1226, 'tmdb_show'), (134959, 'tmdb_show'), (133232, 'tmdb_show'), (87034, 'tmdb_show'), (42160, 'tmdb_show'), (13686, 'tmdb_show'), (76934, 'tmdb_show'), (4779, 'tmdb_show'), (110920, 'tmdb_show'), (75005, 'tmdb_show'), (115702, 'tmdb_show'), (105126, 'tmdb_show'), (9989, 'tmdb_show'), (101150, 'tmdb_show'), (112276, 'tmdb_show'), (19585, 'tmdb_show'), (134850, 'tmdb_show'), (205034, 'tmdb_show'), (933, 'tmdb_show'), (95773, 'tmdb_show'), (124750, 'tmdb_show'), (111539, 'tmdb_show'), (64373, 'tmdb_show'), (95312, 'tmdb_show'), (76154, 'tmdb_show'), (16833, 'tmdb_show'), (206657, 'tmdb_show'), (201858, 'tmdb_show'), (102960, 'tmdb_show'), (77075, 'tmdb_show'), (213758, 'tmdb_show'), (119380, 'tmdb_show'), (49117, 'tmdb_show'), (17894, 'tmdb_show'), (13424, 'tmdb_show'), (133691, 'tmdb_show'), (22173, 'tmdb_show'), (79179, 'tmdb_show'), (215529, 'tmdb_show'), (81328, 'tmdb_show'), (47675, 'tmdb_show'), (463, 'tmdb_show'), (28972, 'tmdb_show'), (63168, 'tmdb_show'), (45199, 'tmdb_show'), (213347, 'tmdb_show'), (44340, 'tmdb_show'), (26722, 'tmdb_show'), (23759, 'tmdb_show'), (214357, 'tmdb_show'), (208243, 'tmdb_show'), (205703, 'tmdb_show'), (204414, 'tmdb_show'), (201857, 'tmdb_show'), (124704, 'tmdb_show'), (117219, 'tmdb_show'), (85068, 'tmdb_show'), (60646, 'tmdb_show'), (43572, 'tmdb_show'), (13102, 'tmdb_show'), (8850, 'tmdb_show'), (97655, 'tmdb_show'), (94402, 'tmdb_show'), (18184, 'tmdb_show'), (75704, 'tmdb_show'), (14679, 'tmdb_show'), (217075, 'tmdb_show'), (77179, 'tmdb_show'), (57602, 'tmdb_show'), (47298, 'tmdb_show'), (15084, 'tmdb_show'), (78919, 'tmdb_show'), (66151, 'tmdb_show'), (110522, 'tmdb_show'), (98237, 'tmdb_show'), (43441, 'tmdb_show'), (12079, 'tmdb_show'), (3987, 'tmdb_show'), (62310, 'tmdb_show'), (203691, 'tmdb_show'), (197325, 'tmdb_show'), (83744, 'tmdb_show'), (21380, 'tmdb_show'), (19022, 'tmdb_show'), (50187, 'tmdb_show'), (6061, 'tmdb_show'), (216625, 'tmdb_show'), (128049, 'tmdb_show'), (43666, 'tmdb_show'), (11234, 'tmdb_show'), (138172, 'tmdb_show'), (204330, 'tmdb_show'), (29711, 'tmdb_show'), (117018, 'tmdb_show'), (43616, 'tmdb_show'), (32514, 'tmdb_show'), (43612, 'tmdb_show'), (94338, 'tmdb_show'), (67617, 'tmdb_show'), (118367, 'tmdb_show'), (29770, 'tmdb_show'), (93979, 'tmdb_show'), (55472, 'tmdb_show'), (46887, 'tmdb_show'), (61948, 'tmdb_show'), (23380, 'tmdb_show'), (15546, 'tmdb_show'), (71500, 'tmdb_show'), (115876, 'tmdb_show'), (158921, 'tmdb_show'), (43664, 'tmdb_show'), (220281, 'tmdb_show'), (220017, 'tmdb_show'), (219707, 'tmdb_show'), (218918, 'tmdb_show'), (218136, 'tmdb_show'), (217124, 'tmdb_show'), (216468, 'tmdb_show'), (214972, 'tmdb_show'), (213348, 'tmdb_show'), (210412, 'tmdb_show'), (208681, 'tmdb_show'), (208165, 'tmdb_show'), (203816, 'tmdb_show'), (203626, 'tmdb_show'), (203500, 'tmdb_show'), (203013, 'tmdb_show'), (202911, 'tmdb_show'), (202684, 'tmdb_show'), (201552, 'tmdb_show'), (201125, 'tmdb_show'), (198144, 'tmdb_show'), (157461, 'tmdb_show'), (156393, 'tmdb_show'), (155073, 'tmdb_show'), (139156, 'tmdb_show'), (136645, 'tmdb_show'), (135856, 'tmdb_show'), (135203, 'tmdb_show'), (134321, 'tmdb_show'), (133870, 'tmdb_show'), (133199, 'tmdb_show'), (133008, 'tmdb_show'), (131821, 'tmdb_show'), (130689, 'tmdb_show'), (127458, 'tmdb_show'), (127435, 'tmdb_show'), (125958, 'tmdb_show'), (125205, 'tmdb_show'), (124735, 'tmdb_show'), (120639, 'tmdb_show'), (119342, 'tmdb_show'), (117328, 'tmdb_show'), (117326, 'tmdb_show'), (117290, 'tmdb_show'), (116282, 'tmdb_show'), (115978, 'tmdb_show'), (115701, 'tmdb_show'), (113348, 'tmdb_show'), (111373, 'tmdb_show'), (108828, 'tmdb_show'), (108162, 'tmdb_show'), (106721, 'tmdb_show'), (106512, 'tmdb_show'), (101701, 'tmdb_show'), (100406, 'tmdb_show'), (95584, 'tmdb_show'), (85954, 'tmdb_show'), (80131, 'tmdb_show'), (79729, 'tmdb_show'), (78663, 'tmdb_show'), (77989, 'tmdb_show'), (77127, 'tmdb_show'), (77126, 'tmdb_show'), (77057, 'tmdb_show'), (76771, 'tmdb_show'), (75873, 'tmdb_show'), (75830, 'tmdb_show'), (75829, 'tmdb_show'), (75828, 'tmdb_show'), (73603, 'tmdb_show'), (73496, 'tmdb_show'), (71271, 'tmdb_show'), (70736, 'tmdb_show'), (69719, 'tmdb_show'), (68317, 'tmdb_show'), (67851, 'tmdb_show'), (66403, 'tmdb_show'), (65546, 'tmdb_show'), (64121, 'tmdb_show'), (61896, 'tmdb_show'), (61257, 'tmdb_show'), (60275, 'tmdb_show'), (60273, 'tmdb_show'), (57140, 'tmdb_show'), (56894, 'tmdb_show'), (52068, 'tmdb_show'), (49960, 'tmdb_show'), (49596, 'tmdb_show'), (48586, 'tmdb_show'), (47531, 'tmdb_show'), (45741, 'tmdb_show'), (45740, 'tmdb_show'), (45597, 'tmdb_show'), (45596, 'tmdb_show'), (45593, 'tmdb_show'), (45567, 'tmdb_show'), (45521, 'tmdb_show'), (45396, 'tmdb_show'), (45201, 'tmdb_show'), (45200, 'tmdb_show'), (44445, 'tmdb_show'), (43675, 'tmdb_show'), (43093, 'tmdb_show'), (42595, 'tmdb_show'), (41766, 'tmdb_show'), (41675, 'tmdb_show'), (41671, 'tmdb_show'), (41665, 'tmdb_show'), (41616, 'tmdb_show'), (41546, 'tmdb_show'), (41412, 'tmdb_show'), (41340, 'tmdb_show'), (40511, 'tmdb_show'), (38968, 'tmdb_show'), (37800, 'tmdb_show'), (37596, 'tmdb_show'), (35911, 'tmdb_show'), (34929, 'tmdb_show'), (34455, 'tmdb_show'), (33232, 'tmdb_show'), (32537, 'tmdb_show'), (32383, 'tmdb_show'), (31452, 'tmdb_show'), (31320, 'tmdb_show'), (31079, 'tmdb_show'), (31056, 'tmdb_show'), (31001, 'tmdb_show'), (30698, 'tmdb_show'), (30000, 'tmdb_show'), (29907, 'tmdb_show'), (28692, 'tmdb_show'), (28323, 'tmdb_show'), (27123, 'tmdb_show'), (27071, 'tmdb_show'), (26308, 'tmdb_show'), (26050, 'tmdb_show'), (24821, 'tmdb_show'), (23714, 'tmdb_show'), (21972, 'tmdb_show'), (21466, 'tmdb_show'), (21358, 'tmdb_show'), (21352, 'tmdb_show'), (21342, 'tmdb_show'), (21023, 'tmdb_show'), (20765, 'tmdb_show'), (20476, 'tmdb_show'), (19984, 'tmdb_show'), (19703, 'tmdb_show'), (19537, 'tmdb_show'), (19181, 'tmdb_show'), (19174, 'tmdb_show'), (19073, 'tmdb_show'), (18980, 'tmdb_show'), (18963, 'tmdb_show'), (18941, 'tmdb_show'), (18915, 'tmdb_show'), (18583, 'tmdb_show'), (18079, 'tmdb_show'), (17989, 'tmdb_show'), (17983, 'tmdb_show'), (17501, 'tmdb_show'), (16376, 'tmdb_show'), (15864, 'tmdb_show'), (15560, 'tmdb_show'), (15261, 'tmdb_show'), (15019, 'tmdb_show'), (14996, 'tmdb_show'), (14993, 'tmdb_show'), (14896, 'tmdb_show'), (14886, 'tmdb_show'), (14437, 'tmdb_show'), (14400, 'tmdb_show'), (13835, 'tmdb_show'), (13519, 'tmdb_show'), (12805, 'tmdb_show'), (12299, 'tmdb_show'), (11915, 'tmdb_show'), (10904, 'tmdb_show'), (10796, 'tmdb_show'), (10631, 'tmdb_show'), (10357, 'tmdb_show'), (10256, 'tmdb_show'), (10105, 'tmdb_show'), (9807, 'tmdb_show'), (9572, 'tmdb_show'), (8818, 'tmdb_show'), (8661, 'tmdb_show'), (7488, 'tmdb_show'), (7314, 'tmdb_show'), (7071, 'tmdb_show'), (6639, 'tmdb_show'), (6191, 'tmdb_show'), (5880, 'tmdb_show'), (5869, 'tmdb_show'), (5741, 'tmdb_show'), (4908, 'tmdb_show'), (4323, 'tmdb_show'), (4072, 'tmdb_show'), (3749, 'tmdb_show'), (3583, 'tmdb_show'), (2858, 'tmdb_show'), (1290, 'tmdb_show')] |
[2023-02-14 02:31:56,172] [builder.py:1284]           [DEBUG]    |                                                                                                    |
[2023-02-14 02:31:56,682] [builder.py:1361]           [ERROR]    | Convert Error: No TVDb ID Found for TMDb ID: 5496                                                  |
[2023-02-14 02:31:56,891] [builder.py:1361]           [ERROR]    | Convert Error: No TVDb ID Found for TMDb ID: 35260                                                 |
[2023-02-14 02:31:56,892] [builder.py:1361]           [ERROR]    | Convert Error: No TVDb ID Found for TMDb ID: 45595                                                 |
[2023-02-14 02:31:56,894] [builder.py:1361]           [ERROR]    | Convert Error: No TVDb ID Found for TMDb ID: 15178                                                 |
[2023-02-14 02:31:56,995] [builder.py:1361]           [ERROR]    | Convert Error: No TVDb ID Found for TMDb ID: 91589                                                 |
[2023-02-14 02:31:57,107] [builder.py:1361]           [ERROR]    | Convert Error: No TVDb ID Found for TMDb ID: 77144                                                 |
[2023-02-14 02:31:57,219] [builder.py:1361]           [ERROR]    | Convert Error: No TVDb ID Found for TMDb ID: 17693                                                 |
[2023-02-14 02:31:57,324] [builder.py:1361]           [ERROR]    | Convert Error: No TVDb ID Found for TMDb ID: 71755                                                 |
[2023-02-14 02:31:57,429] [builder.py:1361]           [ERROR]    | Convert Error: No TVDb ID Found for TMDb ID: 28265                                                 |
[2023-02-14 02:31:57,538] [builder.py:1361]           [ERROR]    | Convert Error: No TVDb ID Found for TMDb ID: 77141                                                 |
[2023-02-14 02:31:57,645] [builder.py:1361]           [ERROR]    | Convert Error: No TVDb ID Found for TMDb ID: 79180                                                 |
[2023-02-14 02:31:57,744] [builder.py:1361]           [ERROR]    | Convert Error: No TVDb ID Found for TMDb ID: 11990                                                 |
[2023-02-14 02:31:57,853] [builder.py:1361]           [ERROR]    | Convert Error: No TVDb ID Found for TMDb ID: 77132                                                 |
[2023-02-14 02:31:58,092] [builder.py:1361]           [ERROR]    | Convert Error: No TVDb ID Found for TMDb ID: 84628                                                 |
[2023-02-14 02:31:58,205] [builder.py:1361]           [ERROR]    | Convert Error: No TVDb ID Found for TMDb ID: 64469                                                 |
[2023-02-14 02:31:58,305] [builder.py:1361]           [ERROR]    | Convert Error: No TVDb ID Found for TMDb ID: 70027                                                 |
[2023-02-14 02:31:58,518] [builder.py:1361]           [ERROR]    | Convert Error: No TVDb ID Found for TMDb ID: 201568                                                |
[2023-02-14 02:31:58,616] [builder.py:1361]           [ERROR]    | Convert Error: No TVDb ID Found for TMDb ID: 219756                                                |
[2023-02-14 02:31:58,729] [builder.py:1361]           [ERROR]    | Convert Error: No TVDb ID Found for TMDb ID: 55354                                                 |
[2023-02-14 02:31:58,831] [builder.py:1361]           [ERROR]    | Convert Error: No TVDb ID Found for TMDb ID: 57180                                                 |
[2023-02-14 02:31:58,928] [builder.py:1361]           [ERROR]    | Convert Error: No TVDb ID Found for TMDb ID: 11087                                                 |
[2023-02-14 02:31:59,030] [builder.py:1361]           [ERROR]    | Convert Error: No TVDb ID Found for TMDb ID: 117340                                                |
[2023-02-14 02:31:59,143] [builder.py:1361]           [ERROR]    | Convert Error: No TVDb ID Found for TMDb ID: 203934                                                |
[2023-02-14 02:31:59,251] [builder.py:1361]           [ERROR]    | Convert Error: No TVDb ID Found for TMDb ID: 133063                                                |
[2023-02-14 02:31:59,357] [builder.py:1361]           [ERROR]    | Convert Error: No TVDb ID Found for TMDb ID: 100890                                                |
[2023-02-14 02:31:59,462] [builder.py:1361]           [ERROR]    | Convert Error: No TVDb ID Found for TMDb ID: 21199                                                 |
[2023-02-14 02:31:59,592] [builder.py:1361]           [ERROR]    | Convert Error: No TVDb ID Found for TMDb ID: 3911                                                  |
[2023-02-14 02:31:59,705] [builder.py:1361]           [ERROR]    | Convert Error: No TVDb ID Found for TMDb ID: 19067                                                 |
[2023-02-14 02:31:59,810] [builder.py:1361]           [ERROR]    | Convert Error: No TVDb ID Found for TMDb ID: 133142                                                |
[2023-02-14 02:31:59,922] [builder.py:1361]           [ERROR]    | Convert Error: No TVDb ID Found for TMDb ID: 60820                                                 |
[2023-02-14 02:32:00,034] [builder.py:1361]           [ERROR]    | Convert Error: No TVDb ID Found for TMDb ID: 16880                                                 |
[2023-02-14 02:32:00,153] [builder.py:1361]           [ERROR]    | Convert Error: No TVDb ID Found for TMDb ID: 201560                                                |
[2023-02-14 02:32:00,250] [builder.py:1361]           [ERROR]    | Convert Error: No TVDb ID Found for TMDb ID: 96524                                                 |
[2023-02-14 02:32:00,351] [builder.py:1361]           [ERROR]    | Convert Error: No TVDb ID Found for TMDb ID: 85938                                                 |
[2023-02-14 02:32:00,469] [builder.py:1361]           [ERROR]    | Convert Error: No TVDb ID Found for TMDb ID: 79178                                                 |
[2023-02-14 02:32:00,571] [builder.py:1361]           [ERROR]    | Convert Error: No TVDb ID Found for TMDb ID: 77440                                                 |
[2023-02-14 02:32:00,675] [builder.py:1361]           [ERROR]    | Convert Error: No TVDb ID Found for TMDb ID: 29996                                                 |
[2023-02-14 02:32:00,788] [builder.py:1361]           [ERROR]    | Convert Error: No TVDb ID Found for TMDb ID: 14674                                                 |
[2023-02-14 02:32:00,893] [builder.py:1361]           [ERROR]    | Convert Error: No TVDb ID Found for TMDb ID: 14134                                                 |
[2023-02-14 02:32:01,001] [builder.py:1361]           [ERROR]    | Convert Error: No TVDb ID Found for TMDb ID: 6014                                                  |
[2023-02-14 02:32:01,104] [builder.py:1361]           [ERROR]    | Convert Error: No TVDb ID Found for TMDb ID: 57350                                                 |
[2023-02-14 02:32:01,215] [builder.py:1361]           [ERROR]    | Convert Error: No TVDb ID Found for TMDb ID: 195601                                                |
[2023-02-14 02:32:01,314] [builder.py:1361]           [ERROR]    | Convert Error: No TVDb ID Found for TMDb ID: 45334                                                 |
[2023-02-14 02:32:01,428] [builder.py:1361]           [ERROR]    | Convert Error: No TVDb ID Found for TMDb ID: 17698                                                 |
[2023-02-14 02:32:01,541] [builder.py:1361]           [ERROR]    | Convert Error: No TVDb ID Found for TMDb ID: 43647                                                 |
[2023-02-14 02:32:01,641] [builder.py:1361]           [ERROR]    | Convert Error: No TVDb ID Found for TMDb ID: 63392                                                 |
[2023-02-14 02:32:01,757] [builder.py:1361]           [ERROR]    | Convert Error: No TVDb ID Found for TMDb ID: 64934                                                 |
[2023-02-14 02:32:01,863] [builder.py:1361]           [ERROR]    | Convert Error: No TVDb ID Found for TMDb ID: 77273                                                 |
[2023-02-14 02:32:01,966] [builder.py:1361]           [ERROR]    | Convert Error: No TVDb ID Found for TMDb ID: 16429                                                 |
[2023-02-14 02:32:02,074] [builder.py:1361]           [ERROR]    | Convert Error: No TVDb ID Found for TMDb ID: 38403                                                 |
[2023-02-14 02:32:02,177] [builder.py:1361]           [ERROR]    | Convert Error: No TVDb ID Found for TMDb ID: 77379                                                 |
[2023-02-14 02:32:02,279] [builder.py:1361]           [ERROR]    | Convert Error: No TVDb ID Found for TMDb ID: 137897                                                |
[2023-02-14 02:32:02,387] [builder.py:1361]           [ERROR]    | Convert Error: No TVDb ID Found for TMDb ID: 43089                                                 |
[2023-02-14 02:32:02,496] [builder.py:1361]           [ERROR]    | Convert Error: No TVDb ID Found for TMDb ID: 195837                                                |
[2023-02-14 02:32:02,609] [builder.py:1361]           [ERROR]    | Convert Error: No TVDb ID Found for TMDb ID: 61763                                                 |
[2023-02-14 02:32:02,719] [builder.py:1361]           [ERROR]    | Convert Error: No TVDb ID Found for TMDb ID: 43656                                                 |
[2023-02-14 02:32:02,826] [builder.py:1361]           [ERROR]    | Convert Error: No TVDb ID Found for TMDb ID: 138164                                                |
[2023-02-14 02:32:02,932] [builder.py:1361]           [ERROR]    | Convert Error: No TVDb ID Found for TMDb ID: 72772                                                 |
[2023-02-14 02:32:03,037] [builder.py:1361]           [ERROR]    | Convert Error: No TVDb ID Found for TMDb ID: 36003                                                 |
[2023-02-14 02:32:03,140] [builder.py:1361]           [ERROR]    | Convert Error: No TVDb ID Found for TMDb ID: 206984                                                |
[2023-02-14 02:32:03,247] [builder.py:1361]           [ERROR]    | Convert Error: No TVDb ID Found for TMDb ID: 47735                                                 |
[2023-02-14 02:32:03,354] [builder.py:1361]           [ERROR]    | Convert Error: No TVDb ID Found for TMDb ID: 1226                                                  |
[2023-02-14 02:32:03,463] [builder.py:1361]           [ERROR]    | Convert Error: No TVDb ID Found for TMDb ID: 134959                                                |
[2023-02-14 02:32:03,464] [builder.py:1361]           [ERROR]    | Convert Error: No TVDb ID Found for TMDb ID: 133232                                                |
[2023-02-14 02:32:03,577] [builder.py:1361]           [ERROR]    | Convert Error: No TVDb ID Found for TMDb ID: 87034                                                 |
[2023-02-14 02:32:03,683] [builder.py:1361]           [ERROR]    | Convert Error: No TVDb ID Found for TMDb ID: 75005                                                 |
[2023-02-14 02:32:03,793] [builder.py:1361]           [ERROR]    | Convert Error: No TVDb ID Found for TMDb ID: 115702                                                |
[2023-02-14 02:32:03,890] [builder.py:1361]           [ERROR]    | Convert Error: No TVDb ID Found for TMDb ID: 9989                                                  |
[2023-02-14 02:32:03,990] [builder.py:1361]           [ERROR]    | Convert Error: No TVDb ID Found for TMDb ID: 112276                                                |
[2023-02-14 02:32:04,094] [builder.py:1361]           [ERROR]    | Convert Error: No TVDb ID Found for TMDb ID: 134850                                                |
[2023-02-14 02:32:04,206] [builder.py:1361]           [ERROR]    | Convert Error: No TVDb ID Found for TMDb ID: 205034                                                |
[2023-02-14 02:32:04,316] [builder.py:1361]           [ERROR]    | Convert Error: No TVDb ID Found for TMDb ID: 95773                                                 |
[2023-02-14 02:32:04,419] [builder.py:1361]           [ERROR]    | Convert Error: No TVDb ID Found for TMDb ID: 64373                                                 |
[2023-02-14 02:32:04,554] [builder.py:1361]           [ERROR]    | Convert Error: No TVDb ID Found for TMDb ID: 77075                                                 |
[2023-02-14 02:32:04,652] [builder.py:1361]           [ERROR]    | Convert Error: No TVDb ID Found for TMDb ID: 213758                                                |
[2023-02-14 02:32:04,765] [builder.py:1361]           [ERROR]    | Convert Error: No TVDb ID Found for TMDb ID: 119380                                                |
[2023-02-14 02:32:04,869] [builder.py:1361]           [ERROR]    | Convert Error: No TVDb ID Found for TMDb ID: 133691                                                |
[2023-02-14 02:32:04,972] [builder.py:1361]           [ERROR]    | Convert Error: No TVDb ID Found for TMDb ID: 22173                                                 |
[2023-02-14 02:32:05,082] [builder.py:1361]           [ERROR]    | Convert Error: No TVDb ID Found for TMDb ID: 79179                                                 |
[2023-02-14 02:32:05,193] [builder.py:1361]           [ERROR]    | Convert Error: No TVDb ID Found for TMDb ID: 44340                                                 |
[2023-02-14 02:32:05,304] [builder.py:1361]           [ERROR]    | Convert Error: No TVDb ID Found for TMDb ID: 124704                                                |
[2023-02-14 02:32:05,403] [builder.py:1361]           [ERROR]    | Convert Error: No TVDb ID Found for TMDb ID: 117219                                                |
[2023-02-14 02:32:05,523] [builder.py:1361]           [ERROR]    | Convert Error: No TVDb ID Found for TMDb ID: 8850                                                  |
[2023-02-14 02:32:05,729] [builder.py:1361]           [ERROR]    | Convert Error: No TVDb ID Found for TMDb ID: 94402                                                 |
[2023-02-14 02:32:05,838] [builder.py:1361]           [ERROR]    | Convert Error: No TVDb ID Found for TMDb ID: 75704                                                 |
[2023-02-14 02:32:05,940] [builder.py:1361]           [ERROR]    | Convert Error: No TVDb ID Found for TMDb ID: 77179                                                 |
[2023-02-14 02:32:06,038] [builder.py:1361]           [ERROR]    | Convert Error: No TVDb ID Found for TMDb ID: 47298                                                 |
[2023-02-14 02:32:06,148] [builder.py:1361]           [ERROR]    | Convert Error: No TVDb ID Found for TMDb ID: 19022                                                 |
[2023-02-14 02:32:06,258] [builder.py:1361]           [ERROR]    | Convert Error: No TVDb ID Found for TMDb ID: 6061                                                  |
[2023-02-14 02:32:06,367] [builder.py:1361]           [ERROR]    | Convert Error: No TVDb ID Found for TMDb ID: 43666                                                 |
[2023-02-14 02:32:06,464] [builder.py:1361]           [ERROR]    | Convert Error: No TVDb ID Found for TMDb ID: 204330                                                |
[2023-02-14 02:32:06,565] [builder.py:1361]           [ERROR]    | Convert Error: No TVDb ID Found for TMDb ID: 43612                                                 |
[2023-02-14 02:32:06,668] [builder.py:1361]           [ERROR]    | Convert Error: No TVDb ID Found for TMDb ID: 93979                                                 |
[2023-02-14 02:32:06,770] [builder.py:1361]           [ERROR]    | Convert Error: No TVDb ID Found for TMDb ID: 55472                                                 |
[2023-02-14 02:32:06,880] [builder.py:1361]           [ERROR]    | Convert Error: No TVDb ID Found for TMDb ID: 46887                                                 |
[2023-02-14 02:32:07,013] [builder.py:1361]           [ERROR]    | Convert Error: No TVDb ID Found for TMDb ID: 23380                                                 |
[2023-02-14 02:32:07,119] [builder.py:1361]           [ERROR]    | Convert Error: No TVDb ID Found for TMDb ID: 71500                                                 |
[2023-02-14 02:32:07,219] [builder.py:1361]           [ERROR]    | Convert Error: No TVDb ID Found for TMDb ID: 115876                                                |
[2023-02-14 02:32:07,324] [builder.py:1361]           [ERROR]    | Convert Error: No TVDb ID Found for TMDb ID: 43664                                                 |
[2023-02-14 02:32:07,430] [builder.py:1361]           [ERROR]    | Convert Error: No TVDb ID Found for TMDb ID: 220017                                                |
[2023-02-14 02:32:07,528] [builder.py:1361]           [ERROR]    | Convert Error: No TVDb ID Found for TMDb ID: 218918                                                |
[2023-02-14 02:32:07,631] [builder.py:1361]           [ERROR]    | Convert Error: No TVDb ID Found for TMDb ID: 214972                                                |
[2023-02-14 02:32:07,739] [builder.py:1361]           [ERROR]    | Convert Error: No TVDb ID Found for TMDb ID: 210412                                                |
[2023-02-14 02:32:07,850] [builder.py:1361]           [ERROR]    | Convert Error: No TVDb ID Found for TMDb ID: 208165                                                |
[2023-02-14 02:32:07,944] [builder.py:1361]           [ERROR]    | Convert Error: No TVDb ID Found for TMDb ID: 203816                                                |
[2023-02-14 02:32:08,047] [builder.py:1361]           [ERROR]    | Convert Error: No TVDb ID Found for TMDb ID: 203500                                                |
[2023-02-14 02:32:08,154] [builder.py:1361]           [ERROR]    | Convert Error: No TVDb ID Found for TMDb ID: 202684                                                |
[2023-02-14 02:32:08,262] [builder.py:1361]           [ERROR]    | Convert Error: No TVDb ID Found for TMDb ID: 201125                                                |
[2023-02-14 02:32:08,375] [builder.py:1361]           [ERROR]    | Convert Error: No TVDb ID Found for TMDb ID: 157461                                                |
[2023-02-14 02:32:08,486] [builder.py:1361]           [ERROR]    | Convert Error: No TVDb ID Found for TMDb ID: 135856                                                |
[2023-02-14 02:32:08,589] [builder.py:1361]           [ERROR]    | Convert Error: No TVDb ID Found for TMDb ID: 134321                                                |
[2023-02-14 02:32:08,695] [builder.py:1361]           [ERROR]    | Convert Error: No TVDb ID Found for TMDb ID: 133870                                                |
[2023-02-14 02:32:08,795] [builder.py:1361]           [ERROR]    | Convert Error: No TVDb ID Found for TMDb ID: 133199                                                |
[2023-02-14 02:32:08,902] [builder.py:1361]           [ERROR]    | Convert Error: No TVDb ID Found for TMDb ID: 133008                                                |
[2023-02-14 02:32:09,005] [builder.py:1361]           [ERROR]    | Convert Error: No TVDb ID Found for TMDb ID: 131821                                                |
[2023-02-14 02:32:09,117] [builder.py:1361]           [ERROR]    | Convert Error: No TVDb ID Found for TMDb ID: 127458                                                |
[2023-02-14 02:32:09,220] [builder.py:1361]           [ERROR]    | Convert Error: No TVDb ID Found for TMDb ID: 124735                                                |
[2023-02-14 02:32:09,327] [builder.py:1361]           [ERROR]    | Convert Error: No TVDb ID Found for TMDb ID: 120639                                                |
[2023-02-14 02:32:09,428] [builder.py:1361]           [ERROR]    | Convert Error: No TVDb ID Found for TMDb ID: 117328                                                |
[2023-02-14 02:32:09,544] [builder.py:1361]           [ERROR]    | Convert Error: No TVDb ID Found for TMDb ID: 117290                                                |
[2023-02-14 02:32:09,649] [builder.py:1361]           [ERROR]    | Convert Error: No TVDb ID Found for TMDb ID: 116282                                                |
[2023-02-14 02:32:09,754] [builder.py:1361]           [ERROR]    | Convert Error: No TVDb ID Found for TMDb ID: 115701                                                |
[2023-02-14 02:32:09,856] [builder.py:1361]           [ERROR]    | Convert Error: No TVDb ID Found for TMDb ID: 111373                                                |
[2023-02-14 02:32:09,967] [builder.py:1361]           [ERROR]    | Convert Error: No TVDb ID Found for TMDb ID: 108162                                                |
[2023-02-14 02:32:10,063] [builder.py:1361]           [ERROR]    | Convert Error: No TVDb ID Found for TMDb ID: 106721                                                |
[2023-02-14 02:32:10,169] [builder.py:1361]           [ERROR]    | Convert Error: No TVDb ID Found for TMDb ID: 106512                                                |
[2023-02-14 02:32:10,294] [builder.py:1361]           [ERROR]    | Convert Error: No TVDb ID Found for TMDb ID: 101701                                                |
[2023-02-14 02:32:10,415] [builder.py:1361]           [ERROR]    | Convert Error: No TVDb ID Found for TMDb ID: 100406                                                |
[2023-02-14 02:32:10,515] [builder.py:1361]           [ERROR]    | Convert Error: No TVDb ID Found for TMDb ID: 85954                                                 |
[2023-02-14 02:32:10,614] [builder.py:1361]           [ERROR]    | Convert Error: No TVDb ID Found for TMDb ID: 79729                                                 |
[2023-02-14 02:32:10,719] [builder.py:1361]           [ERROR]    | Convert Error: No TVDb ID Found for TMDb ID: 77127                                                 |
[2023-02-14 02:32:10,818] [builder.py:1361]           [ERROR]    | Convert Error: No TVDb ID Found for TMDb ID: 77126                                                 |
[2023-02-14 02:32:10,927] [builder.py:1361]           [ERROR]    | Convert Error: No TVDb ID Found for TMDb ID: 75873                                                 |
[2023-02-14 02:32:11,038] [builder.py:1361]           [ERROR]    | Convert Error: No TVDb ID Found for TMDb ID: 75830                                                 |
[2023-02-14 02:32:11,154] [builder.py:1361]           [ERROR]    | Convert Error: No TVDb ID Found for TMDb ID: 75829                                                 |
[2023-02-14 02:32:11,257] [builder.py:1361]           [ERROR]    | Convert Error: No TVDb ID Found for TMDb ID: 75828                                                 |
[2023-02-14 02:32:11,381] [builder.py:1361]           [ERROR]    | Convert Error: No TVDb ID Found for TMDb ID: 66403                                                 |
[2023-02-14 02:32:11,485] [builder.py:1361]           [ERROR]    | Convert Error: No TVDb ID Found for TMDb ID: 64121                                                 |
[2023-02-14 02:32:11,586] [builder.py:1361]           [ERROR]    | Convert Error: No TVDb ID Found for TMDb ID: 61257                                                 |
[2023-02-14 02:32:11,696] [builder.py:1361]           [ERROR]    | Convert Error: No TVDb ID Found for TMDb ID: 60273                                                 |
[2023-02-14 02:32:11,792] [builder.py:1361]           [ERROR]    | Convert Error: No TVDb ID Found for TMDb ID: 57140                                                 |
[2023-02-14 02:32:11,897] [builder.py:1361]           [ERROR]    | Convert Error: No TVDb ID Found for TMDb ID: 56894                                                 |
[2023-02-14 02:32:11,998] [builder.py:1361]           [ERROR]    | Convert Error: No TVDb ID Found for TMDb ID: 52068                                                 |
[2023-02-14 02:32:12,107] [builder.py:1361]           [ERROR]    | Convert Error: No TVDb ID Found for TMDb ID: 49960                                                 |
[2023-02-14 02:32:12,218] [builder.py:1361]           [ERROR]    | Convert Error: No TVDb ID Found for TMDb ID: 49596                                                 |
[2023-02-14 02:32:12,326] [builder.py:1361]           [ERROR]    | Convert Error: No TVDb ID Found for TMDb ID: 48586                                                 |
[2023-02-14 02:32:12,420] [builder.py:1361]           [ERROR]    | Convert Error: No TVDb ID Found for TMDb ID: 47531                                                 |
[2023-02-14 02:32:12,528] [builder.py:1361]           [ERROR]    | Convert Error: No TVDb ID Found for TMDb ID: 45741                                                 |
[2023-02-14 02:32:12,642] [builder.py:1361]           [ERROR]    | Convert Error: No TVDb ID Found for TMDb ID: 45740                                                 |
[2023-02-14 02:32:12,745] [builder.py:1361]           [ERROR]    | Convert Error: No TVDb ID Found for TMDb ID: 45597                                                 |
[2023-02-14 02:32:12,842] [builder.py:1361]           [ERROR]    | Convert Error: No TVDb ID Found for TMDb ID: 45596                                                 |
[2023-02-14 02:32:12,940] [builder.py:1361]           [ERROR]    | Convert Error: No TVDb ID Found for TMDb ID: 45593                                                 |
[2023-02-14 02:32:13,050] [builder.py:1361]           [ERROR]    | Convert Error: No TVDb ID Found for TMDb ID: 45567                                                 |
[2023-02-14 02:32:13,153] [builder.py:1361]           [ERROR]    | Convert Error: No TVDb ID Found for TMDb ID: 45521                                                 |
[2023-02-14 02:32:13,256] [builder.py:1361]           [ERROR]    | Convert Error: No TVDb ID Found for TMDb ID: 45201                                                 |
[2023-02-14 02:32:13,363] [builder.py:1361]           [ERROR]    | Convert Error: No TVDb ID Found for TMDb ID: 45200                                                 |
[2023-02-14 02:32:13,476] [builder.py:1361]           [ERROR]    | Convert Error: No TVDb ID Found for TMDb ID: 43675                                                 |
[2023-02-14 02:32:13,584] [builder.py:1361]           [ERROR]    | Convert Error: No TVDb ID Found for TMDb ID: 41675                                                 |
[2023-02-14 02:32:13,692] [builder.py:1361]           [ERROR]    | Convert Error: No TVDb ID Found for TMDb ID: 41665                                                 |
[2023-02-14 02:32:13,805] [builder.py:1361]           [ERROR]    | Convert Error: No TVDb ID Found for TMDb ID: 41616                                                 |
[2023-02-14 02:32:13,911] [builder.py:1361]           [ERROR]    | Convert Error: No TVDb ID Found for TMDb ID: 41546                                                 |
[2023-02-14 02:32:14,016] [builder.py:1361]           [ERROR]    | Convert Error: No TVDb ID Found for TMDb ID: 41412                                                 |
[2023-02-14 02:32:14,122] [builder.py:1361]           [ERROR]    | Convert Error: No TVDb ID Found for TMDb ID: 41340                                                 |
[2023-02-14 02:32:14,223] [builder.py:1361]           [ERROR]    | Convert Error: No TVDb ID Found for TMDb ID: 40511                                                 |
[2023-02-14 02:32:14,331] [builder.py:1361]           [ERROR]    | Convert Error: No TVDb ID Found for TMDb ID: 37800                                                 |
[2023-02-14 02:32:14,428] [builder.py:1361]           [ERROR]    | Convert Error: No TVDb ID Found for TMDb ID: 37596                                                 |
[2023-02-14 02:32:14,528] [builder.py:1361]           [ERROR]    | Convert Error: No TVDb ID Found for TMDb ID: 34929                                                 |
[2023-02-14 02:32:14,627] [builder.py:1361]           [ERROR]    | Convert Error: No TVDb ID Found for TMDb ID: 34455                                                 |
[2023-02-14 02:32:14,726] [builder.py:1361]           [ERROR]    | Convert Error: No TVDb ID Found for TMDb ID: 33232                                                 |
[2023-02-14 02:32:14,824] [builder.py:1361]           [ERROR]    | Convert Error: No TVDb ID Found for TMDb ID: 32383                                                 |
[2023-02-14 02:32:14,930] [builder.py:1361]           [ERROR]    | Convert Error: No TVDb ID Found for TMDb ID: 31320                                                 |
[2023-02-14 02:32:15,027] [builder.py:1361]           [ERROR]    | Convert Error: No TVDb ID Found for TMDb ID: 31079                                                 |
[2023-02-14 02:32:15,123] [builder.py:1361]           [ERROR]    | Convert Error: No TVDb ID Found for TMDb ID: 31001                                                 |
[2023-02-14 02:32:15,237] [builder.py:1361]           [ERROR]    | Convert Error: No TVDb ID Found for TMDb ID: 30698                                                 |
[2023-02-14 02:32:15,343] [builder.py:1361]           [ERROR]    | Convert Error: No TVDb ID Found for TMDb ID: 29907                                                 |
[2023-02-14 02:32:15,449] [builder.py:1361]           [ERROR]    | Convert Error: No TVDb ID Found for TMDb ID: 28692                                                 |
[2023-02-14 02:32:15,551] [builder.py:1361]           [ERROR]    | Convert Error: No TVDb ID Found for TMDb ID: 28323                                                 |
[2023-02-14 02:32:15,672] [builder.py:1361]           [ERROR]    | Convert Error: No TVDb ID Found for TMDb ID: 26050                                                 |
[2023-02-14 02:32:15,773] [builder.py:1361]           [ERROR]    | Convert Error: No TVDb ID Found for TMDb ID: 24821                                                 |
[2023-02-14 02:32:15,875] [builder.py:1361]           [ERROR]    | Convert Error: No TVDb ID Found for TMDb ID: 21466                                                 |
[2023-02-14 02:32:15,981] [builder.py:1361]           [ERROR]    | Convert Error: No TVDb ID Found for TMDb ID: 21358                                                 |
[2023-02-14 02:32:16,079] [builder.py:1361]           [ERROR]    | Convert Error: No TVDb ID Found for TMDb ID: 21352                                                 |
[2023-02-14 02:32:16,207] [builder.py:1361]           [ERROR]    | Convert Error: No TVDb ID Found for TMDb ID: 21342                                                 |
[2023-02-14 02:32:16,308] [builder.py:1361]           [ERROR]    | Convert Error: No TVDb ID Found for TMDb ID: 20765                                                 |
[2023-02-14 02:32:16,407] [builder.py:1361]           [ERROR]    | Convert Error: No TVDb ID Found for TMDb ID: 19984                                                 |
[2023-02-14 02:32:16,509] [builder.py:1361]           [ERROR]    | Convert Error: No TVDb ID Found for TMDb ID: 19703                                                 |
[2023-02-14 02:32:16,604] [builder.py:1361]           [ERROR]    | Convert Error: No TVDb ID Found for TMDb ID: 19537                                                 |
[2023-02-14 02:32:16,702] [builder.py:1361]           [ERROR]    | Convert Error: No TVDb ID Found for TMDb ID: 19181                                                 |
[2023-02-14 02:32:16,803] [builder.py:1361]           [ERROR]    | Convert Error: No TVDb ID Found for TMDb ID: 19174                                                 |
[2023-02-14 02:32:16,902] [builder.py:1361]           [ERROR]    | Convert Error: No TVDb ID Found for TMDb ID: 19073                                                 |
[2023-02-14 02:32:17,004] [builder.py:1361]           [ERROR]    | Convert Error: No TVDb ID Found for TMDb ID: 18963                                                 |
[2023-02-14 02:32:17,106] [builder.py:1361]           [ERROR]    | Convert Error: No TVDb ID Found for TMDb ID: 18941                                                 |
[2023-02-14 02:32:17,207] [builder.py:1361]           [ERROR]    | Convert Error: No TVDb ID Found for TMDb ID: 18583                                                 |
[2023-02-14 02:32:17,323] [builder.py:1361]           [ERROR]    | Convert Error: No TVDb ID Found for TMDb ID: 18079                                                 |
[2023-02-14 02:32:17,438] [builder.py:1361]           [ERROR]    | Convert Error: No TVDb ID Found for TMDb ID: 17989                                                 |
[2023-02-14 02:32:17,543] [builder.py:1361]           [ERROR]    | Convert Error: No TVDb ID Found for TMDb ID: 17983                                                 |
[2023-02-14 02:32:17,640] [builder.py:1361]           [ERROR]    | Convert Error: No TVDb ID Found for TMDb ID: 17501                                                 |
[2023-02-14 02:32:17,755] [builder.py:1361]           [ERROR]    | Convert Error: No TVDb ID Found for TMDb ID: 16376                                                 |
[2023-02-14 02:32:17,861] [builder.py:1361]           [ERROR]    | Convert Error: No TVDb ID Found for TMDb ID: 15864                                                 |
[2023-02-14 02:32:17,957] [builder.py:1361]           [ERROR]    | Convert Error: No TVDb ID Found for TMDb ID: 15560                                                 |
[2023-02-14 02:32:18,055] [builder.py:1361]           [ERROR]    | Convert Error: No TVDb ID Found for TMDb ID: 15261                                                 |
[2023-02-14 02:32:18,160] [builder.py:1361]           [ERROR]    | Convert Error: No TVDb ID Found for TMDb ID: 15019                                                 |
[2023-02-14 02:32:18,273] [builder.py:1361]           [ERROR]    | Convert Error: No TVDb ID Found for TMDb ID: 14886                                                 |
[2023-02-14 02:32:18,476] [builder.py:1361]           [ERROR]    | Convert Error: No TVDb ID Found for TMDb ID: 11915                                                 |
[2023-02-14 02:32:18,581] [builder.py:1361]           [ERROR]    | Convert Error: No TVDb ID Found for TMDb ID: 10904                                                 |
[2023-02-14 02:32:18,689] [builder.py:1361]           [ERROR]    | Convert Error: No TVDb ID Found for TMDb ID: 10796                                                 |
[2023-02-14 02:32:18,784] [builder.py:1361]           [ERROR]    | Convert Error: No TVDb ID Found for TMDb ID: 10631                                                 |
[2023-02-14 02:32:18,882] [builder.py:1361]           [ERROR]    | Convert Error: No TVDb ID Found for TMDb ID: 10256                                                 |
[2023-02-14 02:32:18,986] [builder.py:1361]           [ERROR]    | Convert Error: No TVDb ID Found for TMDb ID: 9807                                                  |
[2023-02-14 02:32:19,109] [builder.py:1361]           [ERROR]    | Convert Error: No TVDb ID Found for TMDb ID: 8818                                                  |
[2023-02-14 02:32:19,209] [builder.py:1361]           [ERROR]    | Convert Error: No TVDb ID Found for TMDb ID: 8661                                                  |
[2023-02-14 02:32:19,315] [builder.py:1361]           [ERROR]    | Convert Error: No TVDb ID Found for TMDb ID: 7488                                                  |
[2023-02-14 02:32:19,426] [builder.py:1361]           [ERROR]    | Convert Error: No TVDb ID Found for TMDb ID: 7314                                                  |
[2023-02-14 02:32:19,530] [builder.py:1361]           [ERROR]    | Convert Error: No TVDb ID Found for TMDb ID: 6639                                                  |
[2023-02-14 02:32:19,641] [builder.py:1361]           [ERROR]    | Convert Error: No TVDb ID Found for TMDb ID: 5869                                                  |
[2023-02-14 02:32:19,747] [builder.py:1361]           [ERROR]    | Convert Error: No TVDb ID Found for TMDb ID: 4072                                                  |
[2023-02-14 02:32:19,842] [builder.py:1361]           [ERROR]    | Convert Error: No TVDb ID Found for TMDb ID: 3749                                                  |
[2023-02-14 02:32:19,947] [builder.py:1361]           [ERROR]    | Convert Error: No TVDb ID Found for TMDb ID: 3583                                                  |
[2023-02-14 02:32:20,046] [builder.py:1361]           [ERROR]    | Convert Error: No TVDb ID Found for TMDb ID: 2858                                                  |
[2023-02-14 02:32:20,150] [builder.py:1361]           [ERROR]    | Convert Error: No TVDb ID Found for TMDb ID: 1290                                                  |
[2023-02-14 02:32:20,158] [builder.py:1697]           [INFO]     |                                                                                                    |
[2023-02-14 02:32:20,158] [util.py:216]               [INFO]     |===================================== Adding to PBS Collection =====================================|
[2023-02-14 02:32:20,158] [builder.py:1699]           [INFO]     |                                                                                                    |
[2023-02-14 02:32:20,159] [builder.py:1709]           [INFO]     | 1/1 | PBS Collection | = | Downton Abbey                                                           |
[2023-02-14 02:32:20,159] [builder.py:1734]           [INFO]     |                                                                                                    |
[2023-02-14 02:32:20,159] [builder.py:1735]           [INFO]     | 1 Show Processed                                                                                   |
[2023-02-14 02:32:20,160] [builder.py:1969]           [INFO]     |                                                                                                    |
[2023-02-14 02:32:20,160] [util.py:216]               [INFO]     |================================= Missing Shows from Library: PBS ==================================|
[2023-02-14 02:32:20,160] [builder.py:1971]           [INFO]     |                                                                                                    |
[2023-02-14 02:32:21,135] [builder.py:1982]           [INFO]     | PBS Collection | ? | PBS NewsHour (TVDB: 81388)                                                    |
[2023-02-14 02:32:22,894] [builder.py:1982]           [INFO]     | PBS Collection | ? | Sesame Street (TVDB: 78419)                                                   |
[2023-02-14 02:32:23,894] [builder.py:1982]           [INFO]     | PBS Collection | ? | Curious George (TVDB: 79429)                                                  |
[2023-02-14 02:32:24,906] [builder.py:1982]           [INFO]     | PBS Collection | ? | Arthur (TVDB: 74678)                                                          |
[2023-02-14 02:32:26,487] [builder.py:1982]           [INFO]     | PBS Collection | ? | NOVA (TVDB: 76119)                                                            |
[2023-02-14 02:32:27,513] [builder.py:1982]           [INFO]     | PBS Collection | ? | This Old House (TVDB: 77444)                                                  |
[2023-02-14 02:32:27,981] [builder.py:1982]           [INFO]     | PBS Collection | ? | PBS News Weekend (TVDB: 273048)                                               |
[2023-02-14 02:32:28,422] [builder.py:1982]           [INFO]     | PBS Collection | ? | Wild Kratts (TVDB: 216851)                                                    |
[2023-02-14 02:32:29,274] [builder.py:1982]           [INFO]     | PBS Collection | ? | Austin City Limits (TVDB: 71649)                                              |
[2023-02-14 02:32:30,084] [builder.py:1982]           [INFO]     | PBS Collection | ? | Independent Lens (TVDB: 84082)                                                |
[2023-02-14 02:32:30,486] [builder.py:1982]           [INFO]     | PBS Collection | ? | Dinosaur Train (TVDB: 116291)                                                 |
[2023-02-14 02:32:31,467] [builder.py:1982]           [INFO]     | PBS Collection | ? | Frontline (TVDB: 80646)                                                       |
[2023-02-14 02:32:32,221] [builder.py:1982]           [INFO]     | PBS Collection | ? | American Experience (TVDB: 71638)                                             |
[2023-02-14 02:32:32,670] [builder.py:1982]           [INFO]     | PBS Collection | ? | Finding Your Roots with Henry Louis Gates, Jr. (TVDB: 257587)                 |
[2023-02-14 02:32:33,636] [builder.py:1982]           [INFO]     | PBS Collection | ? | Nature (TVDB: 81157)                                                          |
[2023-02-14 02:32:34,676] [builder.py:1982]           [INFO]     | PBS Collection | ? | Ask This Old House (TVDB: 74326)                                              |
[2023-02-14 02:32:35,476] [builder.py:1982]           [INFO]     | PBS Collection | ? | The Dick Cavett Show (TVDB: 250936)                                           |
[2023-02-14 02:32:36,185] [builder.py:1982]           [INFO]     | PBS Collection | ? | American Masters (TVDB: 81727)                                                |
[2023-02-14 02:32:36,854] [builder.py:1982]           [INFO]     | PBS Collection | ? | Barney and Friends (TVDB: 72180)                                              |
[2023-02-14 02:32:37,663] [builder.py:1982]           [INFO]     | PBS Collection | ? | America's Test Kitchen (TVDB: 80297)                                          |
[2023-02-14 02:32:38,452] [builder.py:1982]           [INFO]     | PBS Collection | ? | Antiques Roadshow (US) (TVDB: 75117)                                          |
[2023-02-14 02:32:38,858] [builder.py:1982]           [INFO]     | PBS Collection | ? | Sanditon (TVDB: 363794)                                                       |
[2023-02-14 02:32:39,367] [builder.py:1982]           [INFO]     | PBS Collection | ? | Victoria (TVDB: 302205)                                                       |
[2023-02-14 02:32:40,066] [builder.py:1982]           [INFO]     | PBS Collection | ? | The Joy of Painting (TVDB: 79167)                                             |
[2023-02-14 02:32:40,746] [builder.py:1982]           [INFO]     | PBS Collection | ? | Daniel Tiger's Neighborhood (TVDB: 261511)                                    |
[2023-02-14 02:32:41,700] [builder.py:1982]           [INFO]     | PBS Collection | ? | Mister Rogers' Neighborhood (TVDB: 77750)                                     |
[2023-02-14 02:32:41,965] [builder.py:1982]           [INFO]     | PBS Collection | ? | Around the World in 80 Days (2021) (TVDB: 388899)                             |
[2023-02-14 02:32:42,564] [builder.py:1982]           [INFO]     | PBS Collection | ? | MotorWeek (TVDB: 239601)                                                      |
[2023-02-14 02:32:42,887] [builder.py:1982]           [INFO]     | PBS Collection | ? | Wallander (UK) (TVDB: 83925)                                                  |
[2023-02-14 02:32:43,761] [builder.py:1982]           [INFO]     | PBS Collection | ? | Great Performances (TVDB: 76548)                                              |
[2023-02-14 02:32:44,217] [builder.py:1982]           [INFO]     | PBS Collection | ? | Firing Line with Margaret Hoover (TVDB: 353066)                               |
[2023-02-14 02:32:44,500] [builder.py:1982]           [INFO]     | PBS Collection | ? | Odd Squad (TVDB: 288449)                                                      |
[2023-02-14 02:32:44,750] [builder.py:1982]           [INFO]     | PBS Collection | ? | Wolf Hall (TVDB: 281977)                                                      |
[2023-02-14 02:32:45,102] [builder.py:1982]           [INFO]     | PBS Collection | ? | Super WHY! (TVDB: 81164)                                                      |
[2023-02-14 02:32:45,498] [builder.py:1982]           [INFO]     | PBS Collection | ? | WordGirl (TVDB: 83660)                                                        |
[2023-02-14 02:32:45,678] [builder.py:1982]           [INFO]     | PBS Collection | ? | Dogs in the Wild, A Nature Miniseries (TVDB: 430353)                          |
[2023-02-14 02:32:45,903] [builder.py:1982]           [INFO]     | PBS Collection | ? | Magpie Murders (TVDB: 410479)                                                 |
[2023-02-14 02:32:46,524] [builder.py:1982]           [INFO]     | PBS Collection | ? | P.O.V. (TVDB: 102241)                                                         |
[2023-02-14 02:32:46,850] [builder.py:1982]           [INFO]     | PBS Collection | ? | Mr Selfridge (TVDB: 261633)                                                   |
[2023-02-14 02:32:47,125] [builder.py:1982]           [INFO]     | PBS Collection | ? | Bill Nye: The Science Guy (TVDB: 78494)                                       |
[2023-02-14 02:32:47,795] [builder.py:1982]           [INFO]     | PBS Collection | ? | The Woodwright's Shop (TVDB: 93871)                                           |
[2023-02-14 02:32:47,989] [builder.py:1982]           [INFO]     | PBS Collection | ? | Human: The World Within (TVDB: 402219)                                        |
[2023-02-14 02:32:48,351] [builder.py:1982]           [INFO]     | PBS Collection | ? | Peg + Cat (TVDB: 273993)                                                      |
[2023-02-14 02:32:48,601] [builder.py:1982]           [INFO]     | PBS Collection | ? | Cosmos (TVDB: 74995)                                                          |
[2023-02-14 02:32:48,958] [builder.py:1982]           [INFO]     | PBS Collection | ? | 3-2-1 Contact (TVDB: 73584)                                                   |
[2023-02-14 02:32:49,205] [builder.py:1982]           [INFO]     | PBS Collection | ? | Great Expectations (2011) (TVDB: 254143)                                      |
[2023-02-14 02:32:49,444] [builder.py:1982]           [INFO]     | PBS Collection | ? | Monstrum (TVDB: 363839)                                                       |
[2023-02-14 02:32:49,689] [builder.py:1982]           [INFO]     | PBS Collection | ? | Sid the Science Kid (TVDB: 82931)                                             |
[2023-02-14 02:32:49,962] [builder.py:1982]           [INFO]     | PBS Collection | ? | Postcards from Buster (TVDB: 72830)                                           |
[2023-02-14 02:32:50,175] [builder.py:1982]           [INFO]     | PBS Collection | ? | Doctor Zhivago (TVDB: 139641)                                                 |
[2023-02-14 02:32:50,420] [builder.py:1982]           [INFO]     | PBS Collection | ? | Jakers! The Adventures of Piggley Winks (TVDB: 82131)                         |
[2023-02-14 02:32:50,715] [builder.py:1982]           [INFO]     | PBS Collection | ? | The Vietnam War (2017) (TVDB: 333595)                                         |
[2023-02-14 02:32:51,078] [builder.py:1982]           [INFO]     | PBS Collection | ? | Between the Lions (TVDB: 74776)                                               |
[2023-02-14 02:32:51,367] [builder.py:1982]           [INFO]     | PBS Collection | ? | Tavis Smiley (TVDB: 73799)                                                    |
[2023-02-14 02:32:51,852] [builder.py:1982]           [INFO]     | PBS Collection | ? | The Electric Company (TVDB: 73666)                                            |
[2023-02-14 02:32:52,133] [builder.py:1982]           [INFO]     | PBS Collection | ? | The Civil War (TVDB: 78973)                                                   |
[2023-02-14 02:32:52,655] [builder.py:1982]           [INFO]     | PBS Collection | ? | Cook's Country (TVDB: 86521)                                                  |
[2023-02-14 02:32:52,823] [builder.py:1982]           [INFO]     | PBS Collection | ? | BBC World News America (TVDB: 283660)                                         |
[2023-02-14 02:32:53,278] [builder.py:1982]           [INFO]     | PBS Collection | ? | Secrets of the Dead (TVDB: 73986)                                             |
[2023-02-14 02:32:53,588] [builder.py:1982]           [INFO]     | PBS Collection | ? | Where in the World is Carmen Sandiego? (TVDB: 72207)                          |
[2023-02-14 02:32:53,926] [builder.py:1982]           [INFO]     | PBS Collection | ? | Square One TV (TVDB: 78309)                                                   |
[2023-02-14 02:32:54,332] [builder.py:1982]           [INFO]     | PBS Collection | ? | Scientific American Frontiers (TVDB: 74273)                                   |
[2023-02-14 02:32:54,597] [builder.py:1982]           [INFO]     | PBS Collection | ? | The Big Comfy Couch (TVDB: 70805)                                             |
[2023-02-14 02:32:54,846] [builder.py:1982]           [INFO]     | PBS Collection | ? | Angelina Ballerina: The Next Steps (TVDB: 128601)                             |
[2023-02-14 02:32:55,238] [builder.py:1982]           [INFO]     | PBS Collection | ? | Zoom (TVDB: 78367)                                                            |
[2023-02-14 02:32:55,637] [builder.py:1982]           [INFO]     | PBS Collection | ? | Articulate (TVDB: 330703)                                                     |
[2023-02-14 02:32:55,878] [builder.py:1982]           [INFO]     | PBS Collection | ? | Franny's Feet (TVDB: 128951)                                                  |
[2023-02-14 02:32:56,210] [builder.py:1982]           [INFO]     | PBS Collection | ? | Craft in America (TVDB: 203321)                                               |
[2023-02-14 02:32:56,605] [builder.py:1982]           [INFO]     | PBS Collection | ? | American Playhouse (TVDB: 146861)                                             |
[2023-02-14 02:32:56,810] [builder.py:1982]           [INFO]     | PBS Collection | ? | Great Performances at the Met (2007) (TVDB: 405677)                           |
[2023-02-14 02:32:57,293] [builder.py:1982]           [INFO]     | PBS Collection | ? | The French Chef (TVDB: 71713)                                                 |
[2023-02-14 02:32:57,496] [builder.py:1982]           [INFO]     | PBS Collection | ? | The Blues (TVDB: 82364)                                                       |
[2023-02-14 02:32:57,899] [builder.py:1982]           [INFO]     | PBS Collection | ? | The Daytripper (TVDB: 256279)                                                 |
[2023-02-14 02:32:58,103] [builder.py:1982]           [INFO]     | PBS Collection | ? | Monty Python: Almost The Truth (The Lawyer's Cut) (TVDB: 118861)              |
[2023-02-14 02:32:58,654] [builder.py:1982]           [INFO]     | PBS Collection | ? | Rick Steves' Europe (TVDB: 74691)                                             |
[2023-02-14 02:32:58,960] [builder.py:1982]           [INFO]     | PBS Collection | ? | Last Tango in Halifax (TVDB: 264185)                                          |
[2023-02-14 02:32:59,353] [builder.py:1982]           [INFO]     | PBS Collection | ? | Marty Stouffer's Wild America (TVDB: 89871)                                   |
[2023-02-14 02:32:59,591] [builder.py:1982]           [INFO]     | PBS Collection | ? | The Virgin Queen (TVDB: 84614)                                                |
[2023-02-14 02:32:59,865] [builder.py:1982]           [INFO]     | PBS Collection | ? | The Mind of a Chef (TVDB: 263160)                                             |
[2023-02-14 02:33:00,388] [builder.py:1982]           [INFO]     | PBS Collection | ? | Newton's Apple (TVDB: 71848)                                                  |
[2023-02-14 02:33:00,685] [builder.py:1982]           [INFO]     | PBS Collection | ? | The War (TVDB: 80620)                                                         |
[2023-02-14 02:33:00,936] [builder.py:1982]           [INFO]     | PBS Collection | ? | Liberty's Kids (TVDB: 77619)                                                  |
[2023-02-14 02:33:01,189] [builder.py:1982]           [INFO]     | PBS Collection | ? | Professor T. (TVDB: 300677)                                                   |
[2023-02-14 02:33:01,447] [builder.py:1982]           [INFO]     | PBS Collection | ? | Maya & Miguel (TVDB: 73370)                                                   |
[2023-02-14 02:33:01,662] [builder.py:1982]           [INFO]     | PBS Collection | ? | Prohibition (TVDB: 251965)                                                    |
[2023-02-14 02:33:01,981] [builder.py:1982]           [INFO]     | PBS Collection | ? | Adventures from the Book of Virtues (TVDB: 76598)                             |
[2023-02-14 02:33:02,507] [builder.py:1982]           [INFO]     | PBS Collection | ? | The New Yankee Workshop (TVDB: 72938)                                         |
[2023-02-14 02:33:02,562] [builder.py:1977]           [ERROR]    | TVDb Error: Could not find a TVDb Series using TVDb Series ID: 270383                              |
[2023-02-14 02:33:02,837] [builder.py:1982]           [INFO]     | PBS Collection | ? | Mercy Street (TVDB: 299033)                                                   |
[2023-02-14 02:33:03,084] [builder.py:1982]           [INFO]     | PBS Collection | ? | The Electric Company (2009) (TVDB: 112181)                                    |
[2023-02-14 02:33:03,502] [builder.py:1982]           [INFO]     | PBS Collection | ? | Soundstage (TVDB: 83641)                                                      |
[2023-02-14 02:33:03,877] [builder.py:1982]           [INFO]     | PBS Collection | ? | The Aviators (TVDB: 232191)                                                   |
[2023-02-14 02:33:04,129] [builder.py:1982]           [INFO]     | PBS Collection | ? | The Dust Bowl (TVDB: 264098)                                                  |
[2023-02-14 02:33:04,406] [builder.py:1982]           [INFO]     | PBS Collection | ? | Baseball (TVDB: 81381)                                                        |
[2023-02-14 02:33:06,219] [builder.py:1982]           [INFO]     | PBS Collection | ? | Charlie Rose (TVDB: 81410)                                                    |
[2023-02-14 02:33:06,452] [builder.py:1982]           [INFO]     | PBS Collection | ? | WordWorld (TVDB: 81312)                                                       |
[2023-02-14 02:33:06,678] [builder.py:1982]           [INFO]     | PBS Collection | ? | Spy in the Wild (TVDB: 322505)                                                |
[2023-02-14 02:33:06,892] [builder.py:1982]           [INFO]     | PBS Collection | ? | The Roosevelts: An Intimate History (TVDB: 282249)                            |
[2023-02-14 02:33:07,062] [builder.py:1982]           [INFO]     | PBS Collection | ? | Rosie's Rules (TVDB: 425455)                                                  |
[2023-02-14 02:33:07,491] [builder.py:1982]           [INFO]     | PBS Collection | ? | Martha Bakes (TVDB: 270411)                                                   |
[2023-02-14 02:33:07,687] [builder.py:1982]           [INFO]     | PBS Collection | ? | The Righteous Apples (TVDB: 71650)                                            |
[2023-02-14 02:33:07,924] [builder.py:1982]           [INFO]     | PBS Collection | ? | Jazz (TVDB: 80679)                                                            |
[2023-02-14 02:33:08,188] [builder.py:1982]           [INFO]     | PBS Collection | ? | A Chef's Life (TVDB: 271032)                                                  |
[2023-02-14 02:33:08,678] [builder.py:1982]           [INFO]     | PBS Collection | ? | Washington Week (TVDB: 316836)                                                |
[2023-02-14 02:33:08,939] [builder.py:1982]           [INFO]     | PBS Collection | ? | Smart Travels with Rudy Maxa (TVDB: 119571)                                   |
[2023-02-14 02:33:09,181] [builder.py:1982]           [INFO]     | PBS Collection | ? | The National Parks: America's Best Idea (TVDB: 116171)                        |
[2023-02-14 02:33:09,416] [builder.py:1982]           [INFO]     | PBS Collection | ? | American Family (TVDB: 231141)                                                |
[2023-02-14 02:33:09,644] [builder.py:1982]           [INFO]     | PBS Collection | ? | Auto B. Good (TVDB: 81677)                                                    |
[2023-02-14 02:33:09,900] [builder.py:1982]           [INFO]     | PBS Collection | ? | Muhammad Ali (TVDB: 403212)                                                   |
[2023-02-14 02:33:10,065] [builder.py:1982]           [INFO]     | PBS Collection | ? | Liberty! The American Revolution (TVDB: 81495)                                |
[2023-02-14 02:33:10,302] [builder.py:1982]           [INFO]     | PBS Collection | ? | The U.S. and the Holocaust (TVDB: 421197)                                     |
[2023-02-14 02:33:10,506] [builder.py:1982]           [INFO]     | PBS Collection | ? | In the Footsteps of Alexander the Great (TVDB: 71105)                         |
[2023-02-14 02:33:10,795] [builder.py:1982]           [INFO]     | PBS Collection | ? | Martha Stewart's Cooking School (TVDB: 263216)                                |
[2023-02-14 02:33:11,029] [builder.py:1982]           [INFO]     | PBS Collection | ? | Kidsongs (TVDB: 71364)                                                        |
[2023-02-14 02:33:11,246] [builder.py:1982]           [INFO]     | PBS Collection | ? | Vegetable Soup (TVDB: 75146)                                                  |
[2023-02-14 02:33:11,442] [builder.py:1982]           [INFO]     | PBS Collection | ? | The West (TVDB: 80105)                                                        |
[2023-02-14 02:33:11,631] [builder.py:1982]           [INFO]     | PBS Collection | ? | The Dictator's Playbook (TVDB: 357889)                                        |
[2023-02-14 02:33:11,860] [builder.py:1982]           [INFO]     | PBS Collection | ? | An American Family (TVDB: 245121)                                             |
[2023-02-14 02:33:12,069] [builder.py:1982]           [INFO]     | PBS Collection | ? | New York: A Documentary Film (TVDB: 82457)                                    |
[2023-02-14 02:33:12,246] [builder.py:1982]           [INFO]     | PBS Collection | ? | The Open Mind (TVDB: 401455)                                                  |
[2023-02-14 02:33:12,560] [builder.py:1982]           [INFO]     | PBS Collection | ? | Beecham House (TVDB: 359506)                                                  |
[2023-02-14 02:33:12,850] [builder.py:1982]           [INFO]     | PBS Collection | ? | Angelina Ballerina (TVDB: 83466)                                              |
[2023-02-14 02:33:13,059] [builder.py:1982]           [INFO]     | PBS Collection | ? | Breakthrough: The Ideas That Changed the World (TVDB: 362718)                 |
[2023-02-14 02:33:13,285] [builder.py:1982]           [INFO]     | PBS Collection | ? | Anna Karenina (2000) (TVDB: 219261)                                           |
[2023-02-14 02:33:13,521] [builder.py:1982]           [INFO]     | PBS Collection | ? | Mathnet (TVDB: 73839)                                                         |
[2023-02-14 02:33:13,701] [builder.py:1982]           [INFO]     | PBS Collection | ? | Greta Thunberg: A Year to Change the World (TVDB: 400987)                     |
[2023-02-14 02:33:14,049] [builder.py:1982]           [INFO]     | PBS Collection | ? | Bluegrass Underground (TVDB: 261269)                                          |
[2023-02-14 02:33:14,239] [builder.py:1982]           [INFO]     | PBS Collection | ? | Six Wives with Lucy Worsley (TVDB: 320612)                                    |
[2023-02-14 02:33:14,870] [builder.py:1982]           [INFO]     | PBS Collection | ? | Oregon Field Guide (TVDB: 126181)                                             |
[2023-02-14 02:33:15,051] [builder.py:1982]           [INFO]     | PBS Collection | ? | The Mystery of Matter: Search for the Elements (TVDB: 299721)                 |
[2023-02-14 02:33:15,293] [builder.py:1982]           [INFO]     | PBS Collection | ? | Where in Time is Carmen Sandiego? (TVDB: 76624)                               |
[2023-02-14 02:33:15,533] [builder.py:1982]           [INFO]     | PBS Collection | ? | SciTech Now (TVDB: 287919)                                                    |
[2023-02-14 02:33:15,771] [builder.py:1982]           [INFO]     | PBS Collection | ? | The Voyage of the Mimi (TVDB: 73643)                                          |
[2023-02-14 02:33:15,941] [builder.py:1982]           [INFO]     | PBS Collection | ? | God In America: How Religious Liberty Shaped America (TVDB: 197401)           |
[2023-02-14 02:33:16,144] [builder.py:1982]           [INFO]     | PBS Collection | ? | The Great War and the Shaping of the 20th Century (TVDB: 83978)               |
[2023-02-14 02:33:16,419] [builder.py:1982]           [INFO]     | PBS Collection | ? | Great Cars: The Television Series (TVDB: 351086)                              |
[2023-02-14 02:33:16,584] [builder.py:1982]           [INFO]     | PBS Collection | ? | Lewis and Clark: The Journey of the Corps of Discovery (TVDB: 92251)          |
[2023-02-14 02:33:16,773] [builder.py:1982]           [INFO]     | PBS Collection | ? | Lomax: The Hound of Music (TVDB: 408935)                                      |
[2023-02-14 02:33:17,138] [builder.py:1982]           [INFO]     | PBS Collection | ? | Mexico - One Plate at a Time (TVDB: 80477)                                    |
[2023-02-14 02:33:17,703] [builder.py:1982]           [INFO]     | PBS Collection | ? | Hometime (TVDB: 82287)                                                        |
[2023-02-14 02:33:17,958] [builder.py:1982]           [INFO]     | PBS Collection | ? | Superheroes: A Never-Ending Battle (TVDB: 273623)                             |
[2023-02-14 02:33:18,351] [builder.py:1982]           [INFO]     | PBS Collection | ? | art21 (TVDB: 84504)                                                           |
[2023-02-14 02:33:18,580] [builder.py:1982]           [INFO]     | PBS Collection | ? | H₂O: The Molecule That Made Us (TVDB: 380647)                                 |
[2023-02-14 02:33:18,783] [builder.py:1982]           [INFO]     | PBS Collection | ? | Chasing the Moon (TVDB: 366918)                                               |
[2023-02-14 02:33:19,052] [builder.py:1982]           [INFO]     | PBS Collection | ? | Christopher Kimball’s Milk Street Television (TVDB: 334523)                   |
[2023-02-14 02:33:19,232] [builder.py:1982]           [INFO]     | PBS Collection | ? | Joseph Campbell and the Power of Myth (TVDB: 79505)                           |
[2023-02-14 02:33:19,434] [builder.py:1982]           [INFO]     | PBS Collection | ? | Oliver's Travels (TVDB: 155791)                                               |
[2023-02-14 02:33:19,926] [builder.py:1982]           [INFO]     | PBS Collection | ? | Reading Rainbow (TVDB: 77547)                                                 |
[2023-02-14 02:33:20,135] [builder.py:1982]           [INFO]     | PBS Collection | ? | American Veteran (TVDB: 411308)                                               |
[2023-02-14 02:33:20,306] [builder.py:1982]           [INFO]     | PBS Collection | ? | Broadway: The American Musical (TVDB: 119351)                                 |
[2023-02-14 02:33:20,678] [builder.py:1982]           [INFO]     | PBS Collection | ? | Tracks Ahead (TVDB: 197021)                                                   |
[2023-02-14 02:33:20,899] [builder.py:1982]           [INFO]     | PBS Collection | ? | The American Frontier (TVDB: 73840)                                           |
[2023-02-14 02:33:21,102] [builder.py:1982]           [INFO]     | PBS Collection | ? | The Adams Chronicles (TVDB: 76175)                                            |
[2023-02-14 02:33:21,295] [builder.py:1982]           [INFO]     | PBS Collection | ? | Earth: A New Wild (TVDB: 286615)                                              |
[2023-02-14 02:33:21,509] [builder.py:1982]           [INFO]     | PBS Collection | ? | Ancient Invisible Cities (TVDB: 352477)                                       |
[2023-02-14 02:33:21,759] [builder.py:1982]           [INFO]     | PBS Collection | ? | Country Music (TVDB: 359180)                                                  |
[2023-02-14 02:33:21,927] [builder.py:1982]           [INFO]     | PBS Collection | ? | Rainbow Quest (TVDB: 146071)                                                  |
[2023-02-14 02:33:22,124] [builder.py:1982]           [INFO]     | PBS Collection | ? | Asian Americans (TVDB: 367567)                                                |
[2023-02-14 02:33:22,300] [builder.py:1982]           [INFO]     | PBS Collection | ? | Great Yellowstone Thaw (TVDB: 330449)                                         |
[2023-02-14 02:33:22,490] [builder.py:1982]           [INFO]     | PBS Collection | ? | American Cinema (TVDB: 76643)                                                 |
[2023-02-14 02:33:22,661] [builder.py:1982]           [INFO]     | PBS Collection | ? | Secrets of the Manor House (TVDB: 272257)                                     |
[2023-02-14 02:33:22,921] [builder.py:1982]           [INFO]     | PBS Collection | ? | Futurestates (TVDB: 291891)                                                   |
[2023-02-14 02:33:23,096] [builder.py:1982]           [INFO]     | PBS Collection | ? | The Perilous Fight: America's World War II in Color (TVDB: 277782)            |
[2023-02-14 02:33:23,434] [builder.py:1982]           [INFO]     | PBS Collection | ? | NOW (TVDB: 80941)                                                             |
[2023-02-14 02:33:23,662] [builder.py:1982]           [INFO]     | PBS Collection | ? | I'll Have What Phil's Having (TVDB: 301399)                                   |
[2023-02-14 02:33:24,252] [builder.py:1982]           [INFO]     | PBS Collection | ? | Computer Chronicles (TVDB: 186081)                                            |
[2023-02-14 02:33:24,476] [builder.py:1982]           [INFO]     | PBS Collection | ? | Meeting of Minds (TVDB: 78311)                                                |
[2023-02-14 02:33:24,703] [builder.py:1982]           [INFO]     | PBS Collection | ? | Benjamin Franklin (TVDB: 108501)                                              |
[2023-02-14 02:33:24,757] [builder.py:1977]           [ERROR]    | TVDb Error: Could not find a TVDb Series using TVDb Series ID: 421460                              |
[2023-02-14 02:33:24,960] [builder.py:1982]           [INFO]     | PBS Collection | ? | Frank Lloyd Wright (TVDB: 209131)                                             |
[2023-02-14 02:33:25,141] [builder.py:1982]           [INFO]     | PBS Collection | ? | The Great American Read (TVDB: 347565)                                        |
[2023-02-14 02:33:25,310] [builder.py:1982]           [INFO]     | PBS Collection | ? | Lord Mountbatten: The Last Viceroy (TVDB: 180521)                             |
[2023-02-14 02:33:25,490] [builder.py:1982]           [INFO]     | PBS Collection | ? | The Eyes of Nye (TVDB: 79398)                                                 |
[2023-02-14 02:33:25,695] [builder.py:1982]           [INFO]     | PBS Collection | ? | The Steven Banks Show (TVDB: 71405)                                           |
[2023-02-14 02:33:25,911] [builder.py:1982]           [INFO]     | PBS Collection | ? | Photo Ark (TVDB: 330480)                                                      |
[2023-02-14 02:33:26,121] [builder.py:1982]           [INFO]     | PBS Collection | ? | America Outdoors with Baratunde Thurston (TVDB: 421523)                       |
[2023-02-14 02:33:26,636] [builder.py:1982]           [INFO]     | PBS Collection | ? | Live from Lincoln Center (TVDB: 195211)                                       |
[2023-02-14 02:33:26,813] [builder.py:1982]           [INFO]     | PBS Collection | ? | Unser Universum (TVDB: 379125)                                                |
[2023-02-14 02:33:27,004] [builder.py:1982]           [INFO]     | PBS Collection | ? | House Calls with Dr. Phil (TVDB: 408876)                                      |
[2023-02-14 02:33:27,236] [builder.py:1982]           [INFO]     | PBS Collection | ? | Timothy Goes to School (TVDB: 77188)                                          |
[2023-02-14 02:33:27,407] [builder.py:1982]           [INFO]     | PBS Collection | ? | The Unknown War (TVDB: 249282)                                                |
[2023-02-14 02:33:27,635] [builder.py:1982]           [INFO]     | PBS Collection | ? | America's Ballroom Challenge (TVDB: 80866)                                    |
[2023-02-14 02:33:27,837] [builder.py:1982]           [INFO]     | PBS Collection | ? | America From The Ground Up (TVDB: 289136)                                     |
[2023-02-14 02:33:28,028] [builder.py:1982]           [INFO]     | PBS Collection | ? | The Age of Nature (TVDB: 388660)                                              |
[2023-02-14 02:33:28,458] [builder.py:1982]           [INFO]     | PBS Collection | ? | Variety Studio: Actors on Actors (TVDB: 317778)                               |
[2023-02-14 02:33:28,657] [builder.py:1982]           [INFO]     | PBS Collection | ? | Eyes on the Prize (TVDB: 84630)                                               |
[2023-02-14 02:33:28,893] [builder.py:1982]           [INFO]     | PBS Collection | ? | Justice: What's the Right Thing to Do? (TVDB: 150281)                         |
[2023-02-14 02:33:29,075] [builder.py:1982]           [INFO]     | PBS Collection | ? | Next at the Kennedy Center (TVDB: 426095)                                     |
[2023-02-14 02:33:29,348] [builder.py:1982]           [INFO]     | PBS Collection | ? | Outside Beyond the Lens (TVDB: 370922)                                        |
[2023-02-14 02:33:29,627] [builder.py:1982]           [INFO]     | PBS Collection | ? | Transatlantic Sessions (TVDB: 235671)                                         |
[2023-02-14 02:33:29,804] [builder.py:1982]           [INFO]     | PBS Collection | ? | Lost Treasures Of The Ancient World (TVDB: 109501)                            |
[2023-02-14 02:33:29,982] [builder.py:1982]           [INFO]     | PBS Collection | ? | Russia's War: Blood Upon The Snow (TVDB: 78999)                               |
[2023-02-14 02:33:30,186] [builder.py:1982]           [INFO]     | PBS Collection | ? | Up & Coming (TVDB: 71151)                                                     |
[2023-02-14 02:33:30,429] [builder.py:1982]           [INFO]     | PBS Collection | ? | First Peoples (TVDB: 293528)                                                  |
[2023-02-14 02:33:30,611] [builder.py:1982]           [INFO]     | PBS Collection | ? | The Great American Recipe (TVDB: 420622)                                      |
[2023-02-14 02:33:30,796] [builder.py:1982]           [INFO]     | PBS Collection | ? | Made in Spain (TVDB: 100331)                                                  |
[2023-02-14 02:33:31,057] [builder.py:1982]           [INFO]     | PBS Collection | ? | Que Pasa, USA? (TVDB: 74758)                                                  |
[2023-02-14 02:33:31,262] [builder.py:1982]           [INFO]     | PBS Collection | ? | Genius by Stephen Hawking (TVDB: 309662)                                      |
[2023-02-14 02:33:31,500] [builder.py:1982]           [INFO]     | PBS Collection | ? | Breathless (TVDB: 273986)                                                     |
[2023-02-14 02:33:31,682] [builder.py:1982]           [INFO]     | PBS Collection | ? | American Anthems (TVDB: 421107)                                               |
[2023-02-14 02:33:31,868] [builder.py:1982]           [INFO]     | PBS Collection | ? | Chernobyl: The New Evidence (TVDB: 417138)                                    |
[2023-02-14 02:33:32,074] [builder.py:1982]           [INFO]     | PBS Collection | ? | Walt Disney (TVDB: 320989)                                                    |
[2023-02-14 02:33:32,271] [builder.py:1982]           [INFO]     | PBS Collection | ? | Slavery and the Making of America (TVDB: 84979)                               |
[2023-02-14 02:33:32,470] [builder.py:1982]           [INFO]     | PBS Collection | ? | Shakespeare Uncovered (TVDB: 260091)                                          |
[2023-02-14 02:33:32,809] [builder.py:1982]           [INFO]     | PBS Collection | ? | Wisconsin Foodie (TVDB: 279433)                                               |
[2023-02-14 02:33:32,988] [builder.py:1982]           [INFO]     | PBS Collection | ? | Roadfood (TVDB: 412309)                                                       |
[2023-02-14 02:33:33,180] [builder.py:1982]           [INFO]     | PBS Collection | ? | Spain: On The Road Again (TVDB: 84181)                                        |
[2023-02-14 02:33:33,351] [builder.py:1982]           [INFO]     | PBS Collection | ? | Click & Clack's As The Wrench Turns (TVDB: 199031)                            |
[2023-02-14 02:33:33,550] [builder.py:1982]           [INFO]     | PBS Collection | ? | Carrier (TVDB: 81913)                                                         |
[2023-02-14 02:33:33,812] [builder.py:1982]           [INFO]     | PBS Collection | ? | NOVA scienceNOW (TVDB: 81526)                                                 |
[2023-02-14 02:33:34,018] [builder.py:1982]           [INFO]     | PBS Collection | ? | The World of Chemistry (TVDB: 75704)                                          |
[2023-02-14 02:33:34,273] [builder.py:1982]           [INFO]     | PBS Collection | ? | Adventures with Kanga Roddy (TVDB: 78183)                                     |
[2023-02-14 02:33:34,495] [builder.py:1982]           [INFO]     | PBS Collection | ? | Monty Python's Personal Best (TVDB: 279855)                                   |
[2023-02-14 02:33:34,692] [builder.py:1982]           [INFO]     | PBS Collection | ? | The Elegant Universe (TVDB: 78985)                                            |
[2023-02-14 02:33:34,909] [builder.py:1982]           [INFO]     | PBS Collection | ? | Time Team America (TVDB: 104691)                                              |
[2023-02-14 02:33:35,092] [builder.py:1982]           [INFO]     | PBS Collection | ? | America at a Crossroads (TVDB: 84877)                                         |
[2023-02-14 02:33:35,332] [builder.py:1982]           [INFO]     | PBS Collection | ? | Thomas Jefferson (TVDB: 84784)                                                |
[2023-02-14 02:33:35,519] [builder.py:1982]           [INFO]     | PBS Collection | ? | Beyond The Canvas (TVDB: 399776)                                              |
[2023-02-14 02:33:35,703] [builder.py:1982]           [INFO]     | PBS Collection | ? | The Great Muslim American Road Trip (TVDB: 421522)                            |
[2023-02-14 02:33:35,898] [builder.py:1982]           [INFO]     | PBS Collection | ? | Animals with Cameras (TVDB: 372187)                                           |
[2023-02-14 02:33:36,083] [builder.py:1982]           [INFO]     | PBS Collection | ? | The Greeks (TVDB: 313523)                                                     |
[2023-02-14 02:33:36,275] [builder.py:1982]           [INFO]     | PBS Collection | ? | Ramona (TVDB: 77707)                                                          |
[2023-02-14 02:33:36,435] [builder.py:1982]           [INFO]     | PBS Collection | ? | College Behind Bars (TVDB: 369560)                                            |
[2023-02-14 02:33:36,759] [builder.py:1982]           [INFO]     | PBS Collection | ? | America ReFramed (TVDB: 296803)                                               |
[2023-02-14 02:33:36,923] [builder.py:1982]           [INFO]     | PBS Collection | ? | Guns, Germs and Steel (TVDB: 81936)                                           |
[2023-02-14 02:33:37,119] [builder.py:1982]           [INFO]     | PBS Collection | ? | Beyond the Elements (2021) (TVDB: 405893)                                     |
[2023-02-14 02:33:37,169] [builder.py:1977]           [ERROR]    | TVDb Error: Could not find a TVDb Series using TVDb Series ID: 96381                               |
[2023-02-14 02:33:37,348] [builder.py:1982]           [INFO]     | PBS Collection | ? | Mary Lou's Flip Flop Shop (TVDB: 74387)                                       |
[2023-02-14 02:33:37,519] [builder.py:1982]           [INFO]     | PBS Collection | ? | Royal Wedding Watch (2018) (TVDB: 410511)                                     |
[2023-02-14 02:33:37,717] [builder.py:1982]           [INFO]     | PBS Collection | ? | The Medici: Godfathers of the Renaissance (TVDB: 92731)                       |
[2023-02-14 02:33:37,906] [builder.py:1982]           [INFO]     | PBS Collection | ? | In Julia's Kitchen with Master Chefs (TVDB: 301289)                           |
[2023-02-14 02:33:38,100] [builder.py:1982]           [INFO]     | PBS Collection | ? | Summer's Lease (TVDB: 115351)                                                 |
[2023-02-14 02:33:38,336] [builder.py:1982]           [INFO]     | PBS Collection | ? | Soundbreaking (TVDB: 309491)                                                  |
[2023-02-14 02:33:38,558] [builder.py:1982]           [INFO]     | PBS Collection | ? | Beyond the Cosmos (TVDB: 257422)                                              |
[2023-02-14 02:33:38,711] [builder.py:1982]           [INFO]     | PBS Collection | ? | Judy Woodruff Presents: America at a Crossroads (TVDB: 429384)                |
[2023-02-14 02:33:38,956] [builder.py:1982]           [INFO]     | PBS Collection | ? | How She Rolls (TVDB: 403406)                                                  |
[2023-02-14 02:33:39,166] [builder.py:1982]           [INFO]     | PBS Collection | ? | The Latino Experience (TVDB: 405569)                                          |
[2023-02-14 02:33:39,341] [builder.py:1982]           [INFO]     | PBS Collection | ? | Power Trip: The Story of Energy (TVDB: 381292)                                |
[2023-02-14 02:33:39,566] [builder.py:1982]           [INFO]     | PBS Collection | ? | Reconstruction: America After the Civil War (TVDB: 362030)                    |
[2023-02-14 02:33:39,762] [builder.py:1982]           [INFO]     | PBS Collection | ? | Native America (TVDB: 349801)                                                 |
[2023-02-14 02:33:39,943] [builder.py:1982]           [INFO]     | PBS Collection | ? | Black America Since MLK: And Still I Rise (TVDB: 319700)                      |
[2023-02-14 02:33:40,178] [builder.py:1982]           [INFO]     | PBS Collection | ? | Infinity Hall Live (TVDB: 261086)                                             |
[2023-02-14 02:33:40,377] [builder.py:1982]           [INFO]     | PBS Collection | ? | The Jacques Cousteau Odyssey (TVDB: 79893)                                    |
[2023-02-14 02:33:40,544] [builder.py:1982]           [INFO]     | PBS Collection | ? | The Art Maker (TVDB: 74016)                                                   |
[2023-02-14 02:33:40,758] [builder.py:1982]           [INFO]     | PBS Collection | ? | Manor House (TVDB: 72507)                                                     |
[2023-02-14 02:33:40,915] [builder.py:1982]           [INFO]     | PBS Collection | ? | Math Wise (TVDB: 73644)                                                       |
[2023-02-14 02:33:41,102] [builder.py:1982]           [INFO]     | PBS Collection | ? | Behind the Scenes (TVDB: 261414)                                              |
[2023-02-14 02:33:41,279] [builder.py:1982]           [INFO]     | PBS Collection | ? | Africans in America: America's Journey Through Slavery (TVDB: 278749)         |
[2023-02-14 02:33:41,476] [builder.py:1982]           [INFO]     | PBS Collection | ? | Powerhouse (TVDB: 74865)                                                      |
[2023-02-14 02:33:41,659] [builder.py:1982]           [INFO]     | PBS Collection | ? | The Letter People (TVDB: 73106)                                               |
[2023-02-14 02:33:42,170] [builder.py:1982]           [INFO]     | PBS Collection | ? | Closer to Truth (TVDB: 75006)                                                 |
[2023-02-14 02:33:42,335] [builder.py:1982]           [INFO]     | PBS Collection | ? | The Jewish Americans (TVDB: 97361)                                            |
[2023-02-14 02:33:42,473] [builder.py:1982]           [INFO]     | PBS Collection | ? | To the Contrary (TVDB: 330675)                                                |
[2023-02-14 02:33:42,669] [builder.py:1982]           [INFO]     | PBS Collection | ? | Faces of America (TVDB: 141941)                                               |
[2023-02-14 02:33:42,893] [builder.py:1982]           [INFO]     | PBS Collection | ? | Rock N' Roll Stories (TVDB: 289761)                                           |
[2023-02-14 02:33:43,112] [builder.py:1982]           [INFO]     | PBS Collection | ? | America Revealed (TVDB: 256484)                                               |
[2023-02-14 02:33:43,458] [builder.py:1982]           [INFO]     | PBS Collection | ? | Sara's Weeknight Meals (TVDB: 280263)                                         |
[2023-02-14 02:33:43,637] [builder.py:1982]           [INFO]     | PBS Collection | ? | Spaceflight (TVDB: 254709)                                                    |
[2023-02-14 02:33:43,823] [builder.py:1982]           [INFO]     | PBS Collection | ? | Cooking with Nick Stellino (TVDB: 297085)                                     |
[2023-02-14 02:33:44,052] [builder.py:1982]           [INFO]     | PBS Collection | ? | Benjamin Franklin (2022) (TVDB: 415024)                                       |
[2023-02-14 02:33:44,227] [builder.py:1982]           [INFO]     | PBS Collection | ? | Wild Alaska Live (TVDB: 332599)                                               |
[2023-02-14 02:33:44,416] [builder.py:1982]           [INFO]     | PBS Collection | ? | Big Pacific (TVDB: 329836)                                                    |
[2023-02-14 02:33:44,629] [builder.py:1982]           [INFO]     | PBS Collection | ? | A Craftsman's Legacy (TVDB: 292075)                                           |
[2023-02-14 02:33:44,882] [builder.py:1982]           [INFO]     | PBS Collection | ? | Wish Kids (TVDB: 77289)                                                       |
[2023-02-14 02:33:45,081] [builder.py:1982]           [INFO]     | PBS Collection | ? | Extra Life: A Short History of Living Longer (TVDB: 399489)                   |
[2023-02-14 02:33:45,313] [builder.py:1982]           [INFO]     | PBS Collection | ? | Vietnam: A Television History (TVDB: 79301)                                   |
[2023-02-14 02:33:45,496] [builder.py:1982]           [INFO]     | PBS Collection | ? | Jackie Robinson (TVDB: 310180)                                                |
[2023-02-14 02:33:45,806] [builder.py:1982]           [INFO]     | PBS Collection | ? | Samantha Brown's Places to Love (TVDB: 338855)                                |
[2023-02-14 02:33:46,073] [builder.py:1982]           [INFO]     | PBS Collection | ? | The Living Edens (TVDB: 82356)                                                |
[2023-02-14 02:33:46,269] [builder.py:1982]           [INFO]     | PBS Collection | ? | AHA! A House for Arts (TVDB: 308065)                                          |
[2023-02-14 02:33:46,446] [builder.py:1982]           [INFO]     | PBS Collection | ? | Wish*a*roo Park (TVDB: 75022)                                                 |
[2023-02-14 02:33:46,625] [builder.py:1982]           [INFO]     | PBS Collection | ? | Australia's First 4 Billion Years (TVDB: 269772)                              |
[2023-02-14 02:33:46,783] [builder.py:1982]           [INFO]     | PBS Collection | ? | Islam: Empire of faith (TVDB: 319646)                                         |
[2023-02-14 02:33:46,993] [builder.py:1982]           [INFO]     | PBS Collection | ? | The War That Made America (TVDB: 121021)                                      |
[2023-02-14 02:33:47,160] [builder.py:1982]           [INFO]     | PBS Collection | ? | Stars on Stage from Westport Country Playhouse (2022) (TVDB: 414654)          |
[2023-02-14 02:33:47,347] [builder.py:1982]           [INFO]     | PBS Collection | ? | Citizen Hearst: An American Experience Special (2021) (TVDB: 410861)          |
[2023-02-14 02:33:47,519] [builder.py:1982]           [INFO]     | PBS Collection | ? | American Roots Music (TVDB: 260815)                                           |
[2023-02-14 02:33:47,729] [builder.py:1982]           [INFO]     | PBS Collection | ? | The Search for Solutions (TVDB: 382462)                                       |
[2023-02-14 02:33:47,918] [builder.py:1982]           [INFO]     | PBS Collection | ? | The American President (TVDB: 209391)                                         |
[2023-02-14 02:33:48,096] [builder.py:1982]           [INFO]     | PBS Collection | ? | Storylords (TVDB: 110051)                                                     |
[2023-02-14 02:33:48,286] [builder.py:1982]           [INFO]     | PBS Collection | ? | Africa's Great Civilizations (TVDB: 324455)                                   |
[2023-02-14 02:33:48,459] [builder.py:1982]           [INFO]     | PBS Collection | ? | Caprial and John's Kitchen (TVDB: 74294)                                      |
[2023-02-14 02:33:48,635] [builder.py:1982]           [INFO]     | PBS Collection | ? | The Tank: Weapon of the 20th Century (TVDB: 406162)                           |
[2023-02-14 02:33:48,824] [builder.py:1982]           [INFO]     | PBS Collection | ? | Rick Steves' Art of Europe (TVDB: 426475)                                     |
[2023-02-14 02:33:48,988] [builder.py:1982]           [INFO]     | PBS Collection | ? | On Common Ground (TVDB: 70637)                                                |
[2023-02-14 02:33:49,218] [builder.py:1982]           [INFO]     | PBS Collection | ? | Hemingway (TVDB: 394111)                                                      |
[2023-02-14 02:33:49,535] [builder.py:1982]           [INFO]     | PBS Collection | ? | Charlie Rose: The Week (TVDB: 273236)                                         |
[2023-02-14 02:33:49,756] [builder.py:1982]           [INFO]     | PBS Collection | ? | America in Primetime (TVDB: 253250)                                           |
[2023-02-14 02:33:49,966] [builder.py:1982]           [INFO]     | PBS Collection | ? | The Mechanical Universe (TVDB: 83782)                                         |
[2023-02-14 02:33:50,177] [builder.py:1982]           [INFO]     | PBS Collection | ? | Impossible Builds (TVDB: 342515)                                              |
[2023-02-14 02:33:51,287] [builder.py:1982]           [INFO]     | PBS Collection | ? | Hallmark Hall Of Fame (TVDB: 76447)                                           |
[2023-02-14 02:33:51,481] [builder.py:1982]           [INFO]     | PBS Collection | ? | Poetry In America (TVDB: 347334)                                              |
[2023-02-14 02:33:51,687] [builder.py:1982]           [INFO]     | PBS Collection | ? | Lucy Worsley's Royal Myths & Secrets (TVDB: 384127)                           |
[2023-02-14 02:33:51,884] [builder.py:1982]           [INFO]     | PBS Collection | ? | Sacred Wonders (TVDB: 367669)                                                 |
[2023-02-14 02:33:52,079] [builder.py:1982]           [INFO]     | PBS Collection | ? | Nerds 2.0.1 (TVDB: 80985)                                                     |
[2023-02-14 02:33:52,297] [builder.py:1982]           [INFO]     | PBS Collection | ? | Kratts' Creatures (TVDB: 71102)                                               |
[2023-02-14 02:33:52,509] [builder.py:1982]           [INFO]     | PBS Collection | ? | Inside The Met (TVDB: 403302)                                                 |
[2023-02-14 02:33:52,682] [builder.py:1982]           [INFO]     | PBS Collection | ? | This Far By Faith (TVDB: 374432)                                              |
[2023-02-14 02:33:52,937] [builder.py:1982]           [INFO]     | PBS Collection | ? | Chicago Tours with Geoffrey Baer (TVDB: 314216)                               |
[2023-02-14 02:33:53,139] [builder.py:1982]           [INFO]     | PBS Collection | ? | We'll Meet Again (2018) (TVDB: 341805)                                        |
[2023-02-14 02:33:53,215] [builder.py:1977]           [ERROR]    | TVDb Error: Could not find a TVDb Series using TVDb Series ID: 263876                              |
[2023-02-14 02:33:53,550] [builder.py:1982]           [INFO]     | PBS Collection | ? | Lidia's Kitchen (TVDB: 280192)                                                |
[2023-02-14 02:33:53,752] [builder.py:1982]           [INFO]     | PBS Collection | ? | Colombia: Wild and Free (TVDB: 420079)                                        |
[2023-02-14 02:33:53,918] [builder.py:1982]           [INFO]     | PBS Collection | ? | The Gene: An Intimate History (TVDB: 379797)                                  |
[2023-02-14 02:33:54,099] [builder.py:1982]           [INFO]     | PBS Collection | ? | Middletown (TVDB: 367348)                                                     |
[2023-02-14 02:33:54,291] [builder.py:1982]           [INFO]     | PBS Collection | ? | Mythos (TVDB: 85103)                                                          |
[2023-02-14 02:33:54,477] [builder.py:1982]           [INFO]     | PBS Collection | ? | Tomes & Talismans (TVDB: 257737)                                              |
[2023-02-14 02:33:54,651] [builder.py:1982]           [INFO]     | PBS Collection | ? | Food Flirts (TVDB: 332559)                                                    |
[2023-02-14 02:33:54,832] [builder.py:1982]           [INFO]     | PBS Collection | ? | Outback (TVDB: 350991)                                                        |
[2023-02-14 02:33:54,991] [builder.py:1982]           [INFO]     | PBS Collection | ? | American Visions (TVDB: 260249)                                               |
[2023-02-14 02:33:55,182] [builder.py:1982]           [INFO]     | PBS Collection | ? | Texas Ranch House (TVDB: 82565)                                               |
[2023-02-14 02:33:55,342] [builder.py:1982]           [INFO]     | PBS Collection | ? | The West of the Imagination (TVDB: 254626)                                    |
[2023-02-14 02:33:55,530] [builder.py:1982]           [INFO]     | PBS Collection | ? | Why Poverty? (TVDB: 264443)                                                   |
[2023-02-14 02:33:55,750] [builder.py:1982]           [INFO]     | PBS Collection | ? | Demonstrations in Physics (TVDB: 74012)                                       |
[2023-02-14 02:33:55,949] [builder.py:1982]           [INFO]     | PBS Collection | ? | Remaking American Medicine (TVDB: 340132)                                     |
[2023-02-14 02:33:56,121] [builder.py:1982]           [INFO]     | PBS Collection | ? | Make 'Em Laugh: The Funny Business of America (TVDB: 85681)                   |
[2023-02-14 02:33:56,341] [builder.py:1982]           [INFO]     | PBS Collection | ? | Travels in Europe with Rick Steves (TVDB: 74690)                              |
[2023-02-14 02:33:56,548] [builder.py:1982]           [INFO]     | PBS Collection | ? | Tutankhamun: Allies & Enemies (TVDB: 427083)                                  |
[2023-02-14 02:33:56,934] [builder.py:1982]           [INFO]     | PBS Collection | ? | Changing Seas (TVDB: 365698)                                                  |
[2023-02-14 02:33:57,154] [builder.py:1982]           [INFO]     | PBS Collection | ? | Tom Jones (2023) (TVDB: 409781)                                               |
[2023-02-14 02:33:57,334] [builder.py:1982]           [INFO]     | PBS Collection | ? | MN Hardcore (TVDB: 394025)                                                    |
[2023-02-14 02:33:57,511] [builder.py:1982]           [INFO]     | PBS Collection | ? | Lucy Worsley Investigates (TVDB: 420050)                                      |
[2023-02-14 02:33:57,776] [builder.py:1982]           [INFO]     | PBS Collection | ? | Lidia Celebrates America (TVDB: 289611)                                       |
[2023-02-14 02:33:57,968] [builder.py:1982]           [INFO]     | PBS Collection | ? | Free to Choose (TVDB: 80929)                                                  |
[2023-02-14 02:33:58,157] [builder.py:1982]           [INFO]     | PBS Collection | ? | 3-2-1 Classroom Contact (TVDB: 73585)                                         |
[2023-02-14 02:33:58,406] [builder.py:1982]           [INFO]     | PBS Collection | ? | The Charlie Horse Music Pizza (TVDB: 77192)                                   |
[2023-02-14 02:33:58,600] [builder.py:1982]           [INFO]     | PBS Collection | ? | Classic Woodworking (TVDB: 364991)                                            |
[2023-02-14 02:33:58,790] [builder.py:1982]           [INFO]     | PBS Collection | ? | Appalachia: a History of Mountains and People (TVDB: 164491)                  |
[2023-02-14 02:33:59,138] [builder.py:1982]           [INFO]     | PBS Collection | ? | History Detectives (TVDB: 74267)                                              |
[2023-02-14 02:33:59,311] [builder.py:1982]           [INFO]     | PBS Collection | ? | Global Spyware Scandal (TVDB: 428865)                                         |
[2023-02-14 02:33:59,684] [builder.py:1982]           [INFO]     | PBS Collection | ? | Pati's Mexican Table (TVDB: 270213)                                           |
[2023-02-14 02:33:59,868] [builder.py:1982]           [INFO]     | PBS Collection | ? | In the Life (TVDB: 122501)                                                    |
[2023-02-14 02:34:00,048] [builder.py:1982]           [INFO]     | PBS Collection | ? | First Civilizations (TVDB: 346394)                                            |
[2023-02-14 02:34:00,327] [builder.py:1982]           [INFO]     | PBS Collection | ? | David Holt's State of Music (TVDB: 309883)                                    |
[2023-02-14 02:34:00,536] [builder.py:1982]           [INFO]     | PBS Collection | ? | Hacking Your Mind (TVDB: 388641)                                              |
[2023-02-14 02:34:00,721] [builder.py:1982]           [INFO]     | PBS Collection | ? | No Passport Required (TVDB: 349841)                                           |
[2023-02-14 02:34:00,923] [builder.py:1982]           [INFO]     | PBS Collection | ? | Nostromo (TVDB: 277467)                                                       |
[2023-02-14 02:34:01,160] [builder.py:1982]           [INFO]     | PBS Collection | ? | Frontier House (TVDB: 79558)                                                  |
[2023-02-14 02:34:01,456] [builder.py:1982]           [INFO]     | PBS Collection | ? | Sneak Previews (TVDB: 311447)                                                 |
[2023-02-14 02:34:01,669] [builder.py:1982]           [INFO]     | PBS Collection | ? | Space Racers (TVDB: 282447)                                                   |
[2023-02-14 02:34:01,877] [builder.py:1982]           [INFO]     | PBS Collection | ? | Planet California (TVDB: 421022)                                              |
[2023-02-14 02:34:02,048] [builder.py:1982]           [INFO]     | PBS Collection | ? | Chamber Music Society Returns (TVDB: 418877)                                  |
[2023-02-14 02:34:02,246] [builder.py:1982]           [INFO]     | PBS Collection | ? | Sinking Cities (TVDB: 354989)                                                 |
[2023-02-14 02:34:02,407] [builder.py:1982]           [INFO]     | PBS Collection | ? | The Story of English (TVDB: 152071)                                           |
[2023-02-14 02:34:02,592] [builder.py:1982]           [INFO]     | PBS Collection | ? | The Spoils of Poynton (TVDB: 176271)                                          |
[2023-02-14 02:34:02,831] [builder.py:1982]           [INFO]     | PBS Collection | ? | Beyond Your Backyard (TVDB: 366434)                                           |
[2023-02-14 02:34:03,015] [builder.py:1982]           [INFO]     | PBS Collection | ? | Mysteries of Mental Illness (TVDB: 404535)                                    |
[2023-02-14 02:34:03,223] [builder.py:1982]           [INFO]     | PBS Collection | ? | War and Peace in the Nuclear Age (TVDB: 254694)                               |
[2023-02-14 02:34:03,392] [builder.py:1982]           [INFO]     | PBS Collection | ? | Downing of a Flag (TVDB: 407724)                                              |
[2023-02-14 02:34:03,589] [builder.py:1982]           [INFO]     | PBS Collection | ? | Trying Times (TVDB: 70569)                                                    |
[2023-02-14 02:34:03,872] [builder.py:1982]           [INFO]     | PBS Collection | ? | Colorado Experience (TVDB: 305121)                                            |
[2023-02-14 02:34:04,122] [builder.py:1982]           [INFO]     | PBS Collection | ? | Adventures With Purpose (TVDB: 248787)                                        |
[2023-02-14 02:34:04,325] [builder.py:1982]           [INFO]     | PBS Collection | ? | Race: The Power of An Illusion (TVDB: 108041)                                 |
[2023-02-14 02:34:04,520] [builder.py:1982]           [INFO]     | PBS Collection | ? | Retro Report on PBS (TVDB: 370524)                                            |
[2023-02-14 02:34:04,757] [builder.py:1982]           [INFO]     | PBS Collection | ? | Blank on Blank (TVDB: 283916)                                                 |
[2023-02-14 02:34:04,938] [builder.py:1982]           [INFO]     | PBS Collection | ? | Europe's New Wild (TVDB: 396266)                                              |
[2023-02-14 02:34:05,271] [builder.py:1982]           [INFO]     | PBS Collection | ? | Pioneers of Television (TVDB: 198531)                                         |
[2023-02-14 02:34:05,434] [builder.py:1982]           [INFO]     | PBS Collection | ? | Jacques Pepin: Fast Food My Way (TVDB: 94491)                                 |
[2023-02-14 02:34:05,646] [builder.py:1982]           [INFO]     | PBS Collection | ? | Zula Patrol (TVDB: 79378)                                                     |
[2023-02-14 02:34:05,811] [builder.py:1982]           [INFO]     | PBS Collection | ? | Expedition With Steve Backshall: Unpacked (TVDB: 400945)                      |
[2023-02-14 02:34:05,981] [builder.py:1982]           [INFO]     | PBS Collection | ? | Vine Talk (TVDB: 249191)                                                      |
[2023-02-14 02:34:06,138] [builder.py:1982]           [INFO]     | PBS Collection | ? | My Music with Rhiannon Giddens (TVDB: 430627)                                 |
[2023-02-14 02:34:06,314] [builder.py:1982]           [INFO]     | PBS Collection | ? | The Lost DNA (TVDB: 425105)                                                   |
[2023-02-14 02:34:06,663] [builder.py:1982]           [INFO]     | PBS Collection | ? | A Taste of History (TVDB: 275848)                                             |
[2023-02-14 02:34:07,273] [builder.py:1982]           [INFO]     | PBS Collection | ? | Ken Burns Films (TVDB: 277594)                                                |
[2023-02-14 02:34:07,455] [builder.py:1982]           [INFO]     | PBS Collection | ? | Latin Music USA (TVDB: 118981)                                                |
[2023-02-14 02:34:07,682] [builder.py:1982]           [INFO]     | PBS Collection | ? | Heart & Soul (TVDB: 300974)                                                   |
[2023-02-14 02:34:07,857] [builder.py:1982]           [INFO]     | PBS Collection | ? | Cooking in Concert (TVDB: 328992)                                             |
[2023-02-14 02:34:08,017] [builder.py:1982]           [INFO]     | PBS Collection | ? | Hiding in Plain Sight: Youth Mental Illness (TVDB: 420623)                    |
[2023-02-14 02:34:08,174] [builder.py:1982]           [INFO]     | PBS Collection | ? | History With David Rubenstein (TVDB: 420611)                                  |
[2023-02-14 02:34:08,380] [builder.py:1982]           [INFO]     | PBS Collection | ? | NOVA Wonders (TVDB: 346741)                                                   |
[2023-02-14 02:34:08,580] [builder.py:1982]           [INFO]     | PBS Collection | ? | Antiques Roadshow Recut (2020) (TVDB: 408668)                                 |
[2023-02-14 02:34:08,772] [builder.py:1982]           [INFO]     | PBS Collection | ? | Blue Sky Metropolis (TVDB: 367899)                                            |
[2023-02-14 02:34:09,052] [builder.py:1982]           [INFO]     | PBS Collection | ? | Tell Me More With Kelly Corrigan (TVDB: 410490)                               |
[2023-02-14 02:34:09,222] [builder.py:1982]           [INFO]     | PBS Collection | ? | NOVA Universe Revealed (2021) (TVDB: 411966)                                  |
[2023-02-14 02:34:09,423] [builder.py:1982]           [INFO]     | PBS Collection | ? | Animal Odd Couples (TVDB: 275404)                                             |
[2023-02-14 02:34:09,627] [builder.py:1982]           [INFO]     | PBS Collection | ? | La Frontera with Pati Jinich (TVDB: 410816)                                   |
[2023-02-14 02:34:09,807] [builder.py:1982]           [INFO]     | PBS Collection | ? | In Their Own Words (2015) (TVDB: 298933)                                      |
[2023-02-14 02:34:09,998] [builder.py:1982]           [INFO]     | PBS Collection | ? | Philly D.A. (TVDB: 399292)                                                    |
[2023-02-14 02:34:10,219] [builder.py:1982]           [INFO]     | PBS Collection | ? | Life at the Waterhole (TVDB: 402289)                                          |
[2023-02-14 02:34:10,488] [builder.py:1982]           [INFO]     | PBS Collection | ? | Lucky Chow (TVDB: 331367)                                                     |
[2023-02-14 02:34:10,660] [builder.py:1982]           [INFO]     | PBS Collection | ? | Music at the Museum (2021) (TVDB: 414690)                                     |
[2023-02-14 02:34:10,858] [builder.py:1982]           [INFO]     | PBS Collection | ? | The Supreme Court (TVDB: 131151)                                              |
[2023-02-14 02:34:11,029] [builder.py:1982]           [INFO]     | PBS Collection | ? | World Class Trains (TVDB: 85454)                                              |
[2023-02-14 02:34:11,211] [builder.py:1982]           [INFO]     | PBS Collection | ? | Secrets of Royal Travel (TVDB: 391964)                                        |
[2023-02-14 02:34:11,396] [builder.py:1982]           [INFO]     | PBS Collection | ? | When Whales Walked: Journeys in Deep Time (TVDB: 378800)                      |
[2023-02-14 02:34:11,448] [builder.py:1977]           [ERROR]    | TVDb Error: Could not find a TVDb Series using TVDb Series ID: 368933                              |
[2023-02-14 02:34:11,616] [builder.py:1982]           [INFO]     | PBS Collection | ? | Breaking Big (TVDB: 349132)                                                   |
[2023-02-14 02:34:11,818] [builder.py:1982]           [INFO]     | PBS Collection | ? | BBQ with Franklin (TVDB: 296598)                                              |
[2023-02-14 02:34:11,999] [builder.py:1982]           [INFO]     | PBS Collection | ? | Refuge (TVDB: 344303)                                                         |
[2023-02-14 02:34:12,188] [builder.py:1982]           [INFO]     | PBS Collection | ? | I Remember Harlem (TVDB: 342710)                                              |
[2023-02-14 02:34:12,375] [builder.py:1982]           [INFO]     | PBS Collection | ? | #MeToo, Now What? (TVDB: 341338)                                              |
[2023-02-14 02:34:12,544] [builder.py:1982]           [INFO]     | PBS Collection | ? | Third Rail with OZY (TVDB: 334823)                                            |
[2023-02-14 02:34:12,725] [builder.py:1982]           [INFO]     | PBS Collection | ? | School Inc. (TVDB: 333889)                                                    |
[2023-02-14 02:34:12,920] [builder.py:1982]           [INFO]     | PBS Collection | ? | Big Blue Live (TVDB: 298573)                                                  |
[2023-02-14 02:34:13,083] [builder.py:1982]           [INFO]     | PBS Collection | ? | Dead Reckoning: War, Crime, and Justice (TVDB: 326201)                        |
[2023-02-14 02:34:13,291] [builder.py:1982]           [INFO]     | PBS Collection | ? | Travels to the Edge with Art Wolfe (TVDB: 81175)                              |
[2023-02-14 02:34:13,736] [builder.py:1982]           [INFO]     | PBS Collection | ? | Texas Parks and Wildlife (TVDB: 274872)                                       |
[2023-02-14 02:34:13,899] [builder.py:1982]           [INFO]     | PBS Collection | ? | The Contenders - 16 for '16 (TVDB: 317334)                                    |
[2023-02-14 02:34:14,066] [builder.py:1982]           [INFO]     | PBS Collection | ? | Gorongosa Park: Rebirth of Paradise (TVDB: 301854)                            |
[2023-02-14 02:34:14,258] [builder.py:1982]           [INFO]     | PBS Collection | ? | How We Got to Now (TVDB: 282551)                                              |
[2023-02-14 02:34:14,432] [builder.py:1982]           [INFO]     | PBS Collection | ? | Food Forward (TVDB: 286360)                                                   |
[2023-02-14 02:34:14,605] [builder.py:1982]           [INFO]     | PBS Collection | ? | Landscapes Through Time with David Dunlop (TVDB: 110061)                      |
[2023-02-14 02:34:14,789] [builder.py:1982]           [INFO]     | PBS Collection | ? | A Science Odyssey (TVDB: 84757)                                               |
[2023-02-14 02:34:15,028] [builder.py:1982]           [INFO]     | PBS Collection | ? | Julia and Jacques: Cooking at Home (TVDB: 74029)                              |
[2023-02-14 02:34:15,128] [builder.py:1977]           [ERROR]    | TVDb Error: Could not find a TVDb Series using TVDb Series ID: 2026712                             |
[2023-02-14 02:34:15,608] [builder.py:1982]           [INFO]     | PBS Collection | ? | Kimchi Chronicles (TVDB: 249934)                                              |
[2023-02-14 02:34:15,868] [builder.py:1982]           [INFO]     | PBS Collection | ? | Garden Smart (TVDB: 260810)                                                   |
[2023-02-14 02:34:16,049] [builder.py:1982]           [INFO]     | PBS Collection | ? | Wild Animal Baby Explorers (TVDB: 256532)                                     |
[2023-02-14 02:34:16,232] [builder.py:1982]           [INFO]     | PBS Collection | ? | This Emotional Life (TVDB: 134781)                                            |
[2023-02-14 02:34:16,485] [builder.py:1982]           [INFO]     | PBS Collection | ? | Need To Know (TVDB: 166581)                                                   |
[2023-02-14 02:34:16,705] [builder.py:1982]           [INFO]     | PBS Collection | ? | Gourmet's Adventures With Ruth (TVDB: 248231)                                 |
[2023-02-14 02:34:16,875] [builder.py:1982]           [INFO]     | PBS Collection | ? | Wonderworks (TVDB: 261177)                                                    |
[2023-02-14 02:34:17,101] [builder.py:1982]           [INFO]     | PBS Collection | ? | Regency House Party (TVDB: 75311)                                             |
[2023-02-14 02:34:17,275] [builder.py:1982]           [INFO]     | PBS Collection | ? | In Search of Ancient Ireland (TVDB: 71104)                                    |
[2023-02-14 02:34:17,437] [builder.py:1982]           [INFO]     | PBS Collection | ? | Science Investigators (TVDB: 279129)                                          |
[2023-02-14 02:34:17,589] [builder.py:1982]           [INFO]     | PBS Collection | ? | The Kinetic Karnival of Jearl Walker (TVDB: 73851)                            |
[2023-02-14 02:34:17,764] [builder.py:1982]           [INFO]     | PBS Collection | ? | Dragons, Wagons & Wax (TVDB: 73954)                                           |
[2023-02-14 02:34:17,937] [builder.py:1982]           [INFO]     | PBS Collection | ? | Walking the Bible (TVDB: 81171)                                               |
[2023-02-14 02:34:18,146] [builder.py:1982]           [INFO]     | PBS Collection | ? | Baking with Julia (TVDB: 203351)                                              |
[2023-02-14 02:34:18,333] [builder.py:1982]           [INFO]     | PBS Collection | ? | Strange Days On Planet Earth (TVDB: 82246)                                    |
[2023-02-14 02:34:18,506] [builder.py:1982]           [INFO]     | PBS Collection | ? | Building Big (TVDB: 97341)                                                    |
[2023-02-14 02:34:18,665] [builder.py:1982]           [INFO]     | PBS Collection | ? | I'll Make Me a World (TVDB: 255538)                                           |
[2023-02-14 02:34:18,928] [builder.py:1982]           [INFO]     | PBS Collection | ? | Wide Angle (TVDB: 108031)                                                     |
[2023-02-14 02:34:19,101] [builder.py:1982]           [INFO]     | PBS Collection | ? | Betsy's Kindergarten Adventures (TVDB: 260311)                                |
[2023-02-14 02:34:19,285] [builder.py:1982]           [INFO]     | PBS Collection | ? | Gather 'Round (TVDB: 73942)                                                   |
[2023-02-14 02:34:19,480] [builder.py:1982]           [INFO]     | PBS Collection | ? | Wired Science (TVDB: 80708)                                                   |
[2023-02-14 02:34:19,696] [builder.py:1982]           [INFO]     | PBS Collection | ? | Design Squad (TVDB: 251960)                                                   |
[2023-02-14 02:34:19,863] [builder.py:1982]           [INFO]     | PBS Collection | ? | Learn to Read (TVDB: 74020)                                                   |
[2023-02-14 02:34:20,031] [builder.py:1982]           [INFO]     | PBS Collection | ? | NerdTV (TVDB: 79012)                                                          |
[2023-02-14 02:34:20,231] [builder.py:1982]           [INFO]     | PBS Collection | ? | High Feather (TVDB: 75988)                                                    |
[2023-02-14 02:34:20,464] [builder.py:1982]           [INFO]     | PBS Collection | ? | Sessions at West 54th (TVDB: 77035)                                           |
[2023-02-14 02:34:20,661] [builder.py:1982]           [INFO]     | PBS Collection | ? | Bill Moyers Journal (TVDB: 80942)                                             |
[2023-02-14 02:34:20,709] [builder.py:1977]           [ERROR]    | TVDb Error: Could not find a TVDb Series using TVDb Series ID: 260594                              |
[2023-02-14 02:34:20,758] [builder.py:1977]           [ERROR]    | TVDb Error: Could not find a TVDb Series using TVDb Series ID: 265643                              |
[2023-02-14 02:34:20,961] [builder.py:1982]           [INFO]     | PBS Collection | ? | Earth Revealed (TVDB: 74662)                                                  |
[2023-02-14 02:34:21,143] [builder.py:1982]           [INFO]     | PBS Collection | ? | French in Action (TVDB: 260354)                                               |
[2023-02-14 02:34:21,289] [builder.py:1982]           [INFO]     | PBS Collection | ? | Deep jungle (TVDB: 119541)                                                    |
[2023-02-14 02:34:21,441] [builder.py:1982]           [INFO]     | PBS Collection | ? | Freedom: A History of Us (TVDB: 280985)                                       |
[2023-02-14 02:34:21,591] [builder.py:1982]           [INFO]     | PBS Collection | ? | Inside/Out (TVDB: 77005)                                                      |
[2023-02-14 02:34:21,842] [builder.py:1982]           [INFO]     | PBS Collection | ? | Dragonfly TV (TVDB: 97401)                                                    |
[2023-02-14 02:34:21,843] [builder.py:1986]           [INFO]     |                                                                                                    |
[2023-02-14 02:34:21,843] [builder.py:1987]           [INFO]     | 433 Shows Missing                                                                                  |
[2023-02-14 02:34:22,472] [builder.py:2147]           [INFO]     |                                                                                                    |
[2023-02-14 02:34:22,472] [util.py:216]               [INFO]     |================================ Updating Details of PBS Collection ================================|
[2023-02-14 02:34:22,473] [builder.py:2149]           [INFO]     |                                                                                                    |
[2023-02-14 02:34:22,474] [builder.py:2258]           [DEBUG]    | 1 posters found:                                                                                   |
[2023-02-14 02:34:22,474] [builder.py:2260]           [DEBUG]    | Method: url_poster Poster: https://theposterdb.com/api/assets/204458                               |
[2023-02-14 02:34:22,475] [builder.py:2327]           [INFO]     | No background collection detail or asset folder found                                              |
[2023-02-14 02:34:22,476] [library.py:147]            [INFO]     | Detail: poster update not needed                                                                   |
[2023-02-14 02:34:22,549] [plex_meta_manager.py:880]  [INFO]     |                                                                                                    |
[2023-02-14 02:34:22,550] [util.py:209]               [INFO]     |====================================================================================================|
[2023-02-14 02:34:22,550] [util.py:216]               [INFO]     |                                      Finished PBS Collection                                       |
[2023-02-14 02:34:22,551] [util.py:216]               [INFO]     |                                    Collection Run Time: 0:02:30                                    |
[2023-02-14 02:34:22,551] [util.py:220]               [INFO]     |====================================================================================================|
