[2023-02-14 02:09:56,381] [util.py:209]               [INFO]     |====================================================================================================|
[2023-02-14 02:09:56,381] [util.py:216]               [INFO]     |                                     Fox Collection in TV Shows                                     |
[2023-02-14 02:09:56,381] [util.py:220]               [INFO]     |====================================================================================================|
[2023-02-14 02:09:56,382] [plex_meta_manager.py:750]  [INFO]     |                                                                                                    |
[2023-02-14 02:09:56,382] [util.py:216]               [INFO]     |==================================== Validating Fox Attributes =====================================|
[2023-02-14 02:09:56,382] [builder.py:265]            [DEBUG]    |                                                                                                    |
[2023-02-14 02:09:56,383] [builder.py:266]            [DEBUG]    | Validating Method: template                                                                        |
[2023-02-14 02:09:56,383] [meta.py:83]                [DEBUG]    | Value: ordereddict([('name', 'network'), ('network', 19), ('poster', 'https://theposterdb.com/api/assets/48747')]) |
[2023-02-14 02:09:56,383] [builder.py:330]            [DEBUG]    |                                                                                                    |
[2023-02-14 02:09:56,383] [builder.py:331]            [DEBUG]    | Validating Method: sync_mode                                                                       |
[2023-02-14 02:09:56,384] [builder.py:335]            [DEBUG]    | Value: sync                                                                                        |
[2023-02-14 02:09:56,384] [builder.py:453]            [DEBUG]    |                                                                                                    |
[2023-02-14 02:09:56,384] [builder.py:454]            [DEBUG]    | Validating Method: collection_order                                                                |
[2023-02-14 02:09:56,384] [builder.py:455]            [DEBUG]    | Value: alpha                                                                                       |
[2023-02-14 02:09:56,385] [builder.py:472]            [DEBUG]    |                                                                                                    |
[2023-02-14 02:09:56,385] [builder.py:473]            [DEBUG]    | Validating Method: tmdb_network                                                                    |
[2023-02-14 02:09:56,385] [builder.py:474]            [DEBUG]    | Value: 19                                                                                          |
[2023-02-14 02:09:56,514] [builder.py:472]            [DEBUG]    |                                                                                                    |
[2023-02-14 02:09:56,514] [builder.py:473]            [DEBUG]    | Validating Method: url_poster                                                                      |
[2023-02-14 02:09:56,514] [builder.py:474]            [DEBUG]    | Value: https://theposterdb.com/api/assets/48747                                                    |
[2023-02-14 02:09:56,514] [builder.py:472]            [DEBUG]    |                                                                                                    |
[2023-02-14 02:09:56,515] [builder.py:473]            [DEBUG]    | Validating Method: sort_title                                                                      |
[2023-02-14 02:09:56,515] [builder.py:474]            [DEBUG]    | Value: +4_Fox                                                                                      |
[2023-02-14 02:09:56,598] [builder.py:619]            [INFO]     |                                                                                                    |
[2023-02-14 02:09:56,598] [builder.py:620]            [INFO]     | Validation Successful                                                                              |
[2023-02-14 02:09:56,600] [plex_meta_manager.py:758]  [INFO]     |                                                                                                    |
[2023-02-14 02:09:56,600] [util.py:216]               [INFO]     |====================================== Running Fox Collection ======================================|
[2023-02-14 02:09:56,600] [plex_meta_manager.py:773]  [INFO]     |                                                                                                    |
[2023-02-14 02:09:56,600] [plex_meta_manager.py:774]  [INFO]     | Sync Mode: sync                                                                                    |
[2023-02-14 02:09:56,601] [builder.py:1275]           [DEBUG]    |                                                                                                    |
[2023-02-14 02:09:56,601] [builder.py:1276]           [DEBUG]    | Builder: tmdb_network: 19                                                                          |
[2023-02-14 02:09:56,601] [builder.py:1277]           [INFO]     |                                                                                                    |
[2023-02-14 02:10:00,235] [tmdb.py:282]               [INFO]     | Processing TMDb Network: (19) FOX (658 Shows)                                                      |
[2023-02-14 02:10:00,235] [builder.py:1282]           [DEBUG]    |                                                                                                    |
[2023-02-14 02:10:00,236] [builder.py:1283]           [DEBUG]    | 658 IDs Found: [(63174, 'tmdb_show'), (456, 'tmdb_show'), (1911, 'tmdb_show'), (1408, 'tmdb_show'), (1434, 'tmdb_show'), (2288, 'tmdb_show'), (2004, 'tmdb_show'), (1433, 'tmdb_show'), (75219, 'tmdb_show'), (52, 'tmdb_show'), (1973, 'tmdb_show'), (615, 'tmdb_show'), (89393, 'tmdb_show'), (4087, 'tmdb_show'), (1705, 'tmdb_show'), (60708, 'tmdb_show'), (2025, 'tmdb_show'), (48891, 'tmdb_show'), (74016, 'tmdb_show'), (125282, 'tmdb_show'), (71738, 'tmdb_show'), (62046, 'tmdb_show'), (32726, 'tmdb_show'), (125116, 'tmdb_show'), (1417, 'tmdb_show'), (2122, 'tmdb_show'), (39297, 'tmdb_show'), (69629, 'tmdb_show'), (4239, 'tmdb_show'), (1420, 'tmdb_show'), (2098, 'tmdb_show'), (3626, 'tmdb_show'), (67116, 'tmdb_show'), (433, 'tmdb_show'), (888, 'tmdb_show'), (5835, 'tmdb_show'), (2370, 'tmdb_show'), (2673, 'tmdb_show'), (61733, 'tmdb_show'), (8358, 'tmdb_show'), (202308, 'tmdb_show'), (10079, 'tmdb_show'), (4288, 'tmdb_show'), (67135, 'tmdb_show'), (1649, 'tmdb_show'), (15632, 'tmdb_show'), (63329, 'tmdb_show'), (58474, 'tmdb_show'), (202097, 'tmdb_show'), (4589, 'tmdb_show'), (2284, 'tmdb_show'), (4574, 'tmdb_show'), (84910, 'tmdb_show'), (61888, 'tmdb_show'), (2407, 'tmdb_show'), (50825, 'tmdb_show'), (3670, 'tmdb_show'), (1437, 'tmdb_show'), (40290, 'tmdb_show'), (2328, 'tmdb_show'), (4274, 'tmdb_show'), (91875, 'tmdb_show'), (45094, 'tmdb_show'), (39510, 'tmdb_show'), (85385, 'tmdb_show'), (1486, 'tmdb_show'), (32815, 'tmdb_show'), (4349, 'tmdb_show'), (44857, 'tmdb_show'), (14956, 'tmdb_show'), (3976, 'tmdb_show'), (10126, 'tmdb_show'), (68780, 'tmdb_show'), (129500, 'tmdb_show'), (2188, 'tmdb_show'), (113627, 'tmdb_show'), (93221, 'tmdb_show'), (4266, 'tmdb_show'), (1693, 'tmdb_show'), (32754, 'tmdb_show'), (4415, 'tmdb_show'), (171, 'tmdb_show'), (53425, 'tmdb_show'), (10391, 'tmdb_show'), (4731, 'tmdb_show'), (9550, 'tmdb_show'), (4330, 'tmdb_show'), (56761, 'tmdb_show'), (1794, 'tmdb_show'), (11294, 'tmdb_show'), (1480, 'tmdb_show'), (77459, 'tmdb_show'), (11100, 'tmdb_show'), (3534, 'tmdb_show'), (214162, 'tmdb_show'), (66789, 'tmdb_show'), (35339, 'tmdb_show'), (12323, 'tmdb_show'), (71739, 'tmdb_show'), (57755, 'tmdb_show'), (66551, 'tmdb_show'), (63175, 'tmdb_show'), (51019, 'tmdb_show'), (93292, 'tmdb_show'), (1802, 'tmdb_show'), (11767, 'tmdb_show'), (18653, 'tmdb_show'), (67129, 'tmdb_show'), (89571, 'tmdb_show'), (1144, 'tmdb_show'), (3370, 'tmdb_show'), (1549, 'tmdb_show'), (127, 'tmdb_show'), (2136, 'tmdb_show'), (1463, 'tmdb_show'), (4040, 'tmdb_show'), (66844, 'tmdb_show'), (1767, 'tmdb_show'), (4406, 'tmdb_show'), (9980, 'tmdb_show'), (14540, 'tmdb_show'), (3787, 'tmdb_show'), (61399, 'tmdb_show'), (11040, 'tmdb_show'), (5999, 'tmdb_show'), (14651, 'tmdb_show'), (2262, 'tmdb_show'), (31832, 'tmdb_show'), (89498, 'tmdb_show'), (94064, 'tmdb_show'), (4270, 'tmdb_show'), (39360, 'tmdb_show'), (15830, 'tmdb_show'), (10424, 'tmdb_show'), (3909, 'tmdb_show'), (1839, 'tmdb_show'), (51046, 'tmdb_show'), (4251, 'tmdb_show'), (3898, 'tmdb_show'), (3089, 'tmdb_show'), (1982, 'tmdb_show'), (63509, 'tmdb_show'), (13885, 'tmdb_show'), (216562, 'tmdb_show'), (477, 'tmdb_show'), (50971, 'tmdb_show'), (2092, 'tmdb_show'), (64434, 'tmdb_show'), (5383, 'tmdb_show'), (3945, 'tmdb_show'), (1536, 'tmdb_show'), (1525, 'tmdb_show'), (11191, 'tmdb_show'), (932, 'tmdb_show'), (2580, 'tmdb_show'), (89235, 'tmdb_show'), (1568, 'tmdb_show'), (5715, 'tmdb_show'), (3948, 'tmdb_show'), (689, 'tmdb_show'), (81942, 'tmdb_show'), (114603, 'tmdb_show'), (39715, 'tmdb_show'), (82653, 'tmdb_show'), (8627, 'tmdb_show'), (1679, 'tmdb_show'), (15123, 'tmdb_show'), (32755, 'tmdb_show'), (3003, 'tmdb_show'), (61405, 'tmdb_show'), (4398, 'tmdb_show'), (2295, 'tmdb_show'), (2689, 'tmdb_show'), (2229, 'tmdb_show'), (89624, 'tmdb_show'), (25230, 'tmdb_show'), (3130, 'tmdb_show'), (4590, 'tmdb_show'), (44472, 'tmdb_show'), (3576, 'tmdb_show'), (63328, 'tmdb_show'), (63039, 'tmdb_show'), (2624, 'tmdb_show'), (67147, 'tmdb_show'), (46956, 'tmdb_show'), (846, 'tmdb_show'), (737, 'tmdb_show'), (1650, 'tmdb_show'), (1300, 'tmdb_show'), (32085, 'tmdb_show'), (4531, 'tmdb_show'), (129502, 'tmdb_show'), (89, 'tmdb_show'), (16953, 'tmdb_show'), (49008, 'tmdb_show'), (96652, 'tmdb_show'), (10684, 'tmdb_show'), (12011, 'tmdb_show'), (8108, 'tmdb_show'), (1616, 'tmdb_show'), (2142, 'tmdb_show'), (43275, 'tmdb_show'), (22887, 'tmdb_show'), (127161, 'tmdb_show'), (2340, 'tmdb_show'), (79679, 'tmdb_show'), (1130, 'tmdb_show'), (34541, 'tmdb_show'), (67936, 'tmdb_show'), (678, 'tmdb_show'), (19260, 'tmdb_show'), (349, 'tmdb_show'), (71654, 'tmdb_show'), (79723, 'tmdb_show'), (125713, 'tmdb_show'), (50844, 'tmdb_show'), (2726, 'tmdb_show'), (27, 'tmdb_show'), (4632, 'tmdb_show'), (65879, 'tmdb_show'), (15884, 'tmdb_show'), (4487, 'tmdb_show'), (630, 'tmdb_show'), (56204, 'tmdb_show'), (71736, 'tmdb_show'), (2034, 'tmdb_show'), (43105, 'tmdb_show'), (95681, 'tmdb_show'), (25898, 'tmdb_show'), (1460, 'tmdb_show'), (17082, 'tmdb_show'), (50846, 'tmdb_show'), (5540, 'tmdb_show'), (639, 'tmdb_show'), (67991, 'tmdb_show'), (42402, 'tmdb_show'), (5030, 'tmdb_show'), (4738, 'tmdb_show'), (1997, 'tmdb_show'), (11000, 'tmdb_show'), (5339, 'tmdb_show'), (699, 'tmdb_show'), (4064, 'tmdb_show'), (8705, 'tmdb_show'), (369, 'tmdb_show'), (90690, 'tmdb_show'), (89499, 'tmdb_show'), (4306, 'tmdb_show'), (6761, 'tmdb_show'), (14901, 'tmdb_show'), (8433, 'tmdb_show'), (31504, 'tmdb_show'), (23902, 'tmdb_show'), (3159, 'tmdb_show'), (2358, 'tmdb_show'), (3399, 'tmdb_show'), (4311, 'tmdb_show'), (2315, 'tmdb_show'), (124278, 'tmdb_show'), (1721, 'tmdb_show'), (60772, 'tmdb_show'), (430, 'tmdb_show'), (10500, 'tmdb_show'), (3189, 'tmdb_show'), (8131, 'tmdb_show'), (128591, 'tmdb_show'), (66247, 'tmdb_show'), (12431, 'tmdb_show'), (10257, 'tmdb_show'), (17078, 'tmdb_show'), (29301, 'tmdb_show'), (4992, 'tmdb_show'), (1956, 'tmdb_show'), (3351, 'tmdb_show'), (3682, 'tmdb_show'), (105315, 'tmdb_show'), (32825, 'tmdb_show'), (10006, 'tmdb_show'), (42467, 'tmdb_show'), (3687, 'tmdb_show'), (22579, 'tmdb_show'), (61429, 'tmdb_show'), (5186, 'tmdb_show'), (113626, 'tmdb_show'), (4935, 'tmdb_show'), (10225, 'tmdb_show'), (9883, 'tmdb_show'), (110494, 'tmdb_show'), (18303, 'tmdb_show'), (30290, 'tmdb_show'), (32757, 'tmdb_show'), (10155, 'tmdb_show'), (11044, 'tmdb_show'), (8930, 'tmdb_show'), (66491, 'tmdb_show'), (1936, 'tmdb_show'), (4030, 'tmdb_show'), (32750, 'tmdb_show'), (18662, 'tmdb_show'), (6225, 'tmdb_show'), (281, 'tmdb_show'), (81147, 'tmdb_show'), (3110, 'tmdb_show'), (12620, 'tmdb_show'), (9795, 'tmdb_show'), (11007, 'tmdb_show'), (71989, 'tmdb_show'), (10308, 'tmdb_show'), (10003, 'tmdb_show'), (489, 'tmdb_show'), (14381, 'tmdb_show'), (44008, 'tmdb_show'), (129501, 'tmdb_show'), (14223, 'tmdb_show'), (5592, 'tmdb_show'), (15653, 'tmdb_show'), (39318, 'tmdb_show'), (623, 'tmdb_show'), (3175, 'tmdb_show'), (15136, 'tmdb_show'), (4375, 'tmdb_show'), (3496, 'tmdb_show'), (1291, 'tmdb_show'), (29906, 'tmdb_show'), (3153, 'tmdb_show'), (583, 'tmdb_show'), (75757, 'tmdb_show'), (3298, 'tmdb_show'), (13092, 'tmdb_show'), (12732, 'tmdb_show'), (2812, 'tmdb_show'), (45304, 'tmdb_show'), (15839, 'tmdb_show'), (12302, 'tmdb_show'), (46796, 'tmdb_show'), (156556, 'tmdb_show'), (218410, 'tmdb_show'), (43186, 'tmdb_show'), (28627, 'tmdb_show'), (12776, 'tmdb_show'), (21763, 'tmdb_show'), (17070, 'tmdb_show'), (10394, 'tmdb_show'), (128, 'tmdb_show'), (10361, 'tmdb_show'), (10730, 'tmdb_show'), (33393, 'tmdb_show'), (50675, 'tmdb_show'), (12645, 'tmdb_show'), (103134, 'tmdb_show'), (63260, 'tmdb_show'), (11066, 'tmdb_show'), (24986, 'tmdb_show'), (9849, 'tmdb_show'), (17010, 'tmdb_show'), (37544, 'tmdb_show'), (12100, 'tmdb_show'), (9956, 'tmdb_show'), (125572, 'tmdb_show'), (6544, 'tmdb_show'), (4006, 'tmdb_show'), (88911, 'tmdb_show'), (2366, 'tmdb_show'), (10054, 'tmdb_show'), (9796, 'tmdb_show'), (65877, 'tmdb_show'), (55850, 'tmdb_show'), (27207, 'tmdb_show'), (120708, 'tmdb_show'), (61343, 'tmdb_show'), (125318, 'tmdb_show'), (12611, 'tmdb_show'), (25074, 'tmdb_show'), (24849, 'tmdb_show'), (21637, 'tmdb_show'), (10579, 'tmdb_show'), (1707, 'tmdb_show'), (34975, 'tmdb_show'), (25410, 'tmdb_show'), (12768, 'tmdb_show'), (10366, 'tmdb_show'), (39343, 'tmdb_show'), (23362, 'tmdb_show'), (83922, 'tmdb_show'), (23541, 'tmdb_show'), (11101, 'tmdb_show'), (11208, 'tmdb_show'), (4865, 'tmdb_show'), (70666, 'tmdb_show'), (15956, 'tmdb_show'), (29801, 'tmdb_show'), (9997, 'tmdb_show'), (21866, 'tmdb_show'), (39299, 'tmdb_show'), (4197, 'tmdb_show'), (37257, 'tmdb_show'), (970, 'tmdb_show'), (144, 'tmdb_show'), (14062, 'tmdb_show'), (9990, 'tmdb_show'), (56210, 'tmdb_show'), (74528, 'tmdb_show'), (21160, 'tmdb_show'), (202224, 'tmdb_show'), (87429, 'tmdb_show'), (10531, 'tmdb_show'), (90154, 'tmdb_show'), (130705, 'tmdb_show'), (103853, 'tmdb_show'), (96721, 'tmdb_show'), (96566, 'tmdb_show'), (91372, 'tmdb_show'), (62483, 'tmdb_show'), (43138, 'tmdb_show'), (25011, 'tmdb_show'), (24783, 'tmdb_show'), (18103, 'tmdb_show'), (16146, 'tmdb_show'), (15682, 'tmdb_show'), (15023, 'tmdb_show'), (11213, 'tmdb_show'), (9959, 'tmdb_show'), (5765, 'tmdb_show'), (13029, 'tmdb_show'), (11341, 'tmdb_show'), (4786, 'tmdb_show'), (22981, 'tmdb_show'), (28630, 'tmdb_show'), (10510, 'tmdb_show'), (12206, 'tmdb_show'), (9748, 'tmdb_show'), (40363, 'tmdb_show'), (105694, 'tmdb_show'), (63004, 'tmdb_show'), (27402, 'tmdb_show'), (34942, 'tmdb_show'), (26349, 'tmdb_show'), (14762, 'tmdb_show'), (9856, 'tmdb_show'), (14632, 'tmdb_show'), (9862, 'tmdb_show'), (10562, 'tmdb_show'), (5733, 'tmdb_show'), (30848, 'tmdb_show'), (1318, 'tmdb_show'), (5582, 'tmdb_show'), (14734, 'tmdb_show'), (17913, 'tmdb_show'), (25821, 'tmdb_show'), (29903, 'tmdb_show'), (6031, 'tmdb_show'), (29999, 'tmdb_show'), (23367, 'tmdb_show'), (29017, 'tmdb_show'), (79773, 'tmdb_show'), (24586, 'tmdb_show'), (1730, 'tmdb_show'), (64949, 'tmdb_show'), (18679, 'tmdb_show'), (25594, 'tmdb_show'), (10983, 'tmdb_show'), (4469, 'tmdb_show'), (123570, 'tmdb_show'), (39481, 'tmdb_show'), (19975, 'tmdb_show'), (14123, 'tmdb_show'), (2012, 'tmdb_show'), (13734, 'tmdb_show'), (27303, 'tmdb_show'), (11814, 'tmdb_show'), (215234, 'tmdb_show'), (10334, 'tmdb_show'), (9971, 'tmdb_show'), (153627, 'tmdb_show'), (12557, 'tmdb_show'), (71889, 'tmdb_show'), (28110, 'tmdb_show'), (103417, 'tmdb_show'), (117924, 'tmdb_show'), (5513, 'tmdb_show'), (10805, 'tmdb_show'), (2449, 'tmdb_show'), (14772, 'tmdb_show'), (41776, 'tmdb_show'), (10101, 'tmdb_show'), (10577, 'tmdb_show'), (63008, 'tmdb_show'), (131033, 'tmdb_show'), (16566, 'tmdb_show'), (66518, 'tmdb_show'), (30117, 'tmdb_show'), (62538, 'tmdb_show'), (16910, 'tmdb_show'), (11784, 'tmdb_show'), (21966, 'tmdb_show'), (32279, 'tmdb_show'), (3179, 'tmdb_show'), (10063, 'tmdb_show'), (29901, 'tmdb_show'), (25407, 'tmdb_show'), (10068, 'tmdb_show'), (25424, 'tmdb_show'), (10868, 'tmdb_show'), (19248, 'tmdb_show'), (14983, 'tmdb_show'), (10406, 'tmdb_show'), (27618, 'tmdb_show'), (31408, 'tmdb_show'), (209737, 'tmdb_show'), (131034, 'tmdb_show'), (70055, 'tmdb_show'), (62820, 'tmdb_show'), (60734, 'tmdb_show'), (38991, 'tmdb_show'), (35025, 'tmdb_show'), (32947, 'tmdb_show'), (31405, 'tmdb_show'), (23849, 'tmdb_show'), (22488, 'tmdb_show'), (15196, 'tmdb_show'), (2894, 'tmdb_show'), (31228, 'tmdb_show'), (61298, 'tmdb_show'), (3327, 'tmdb_show'), (25597, 'tmdb_show'), (38311, 'tmdb_show'), (31395, 'tmdb_show'), (13090, 'tmdb_show'), (66138, 'tmdb_show'), (103510, 'tmdb_show'), (14745, 'tmdb_show'), (35703, 'tmdb_show'), (1576, 'tmdb_show'), (69403, 'tmdb_show'), (34666, 'tmdb_show'), (23802, 'tmdb_show'), (11215, 'tmdb_show'), (3944, 'tmdb_show'), (11384, 'tmdb_show'), (4138, 'tmdb_show'), (6062, 'tmdb_show'), (214087, 'tmdb_show'), (209749, 'tmdb_show'), (209748, 'tmdb_show'), (209746, 'tmdb_show'), (209744, 'tmdb_show'), (209743, 'tmdb_show'), (209741, 'tmdb_show'), (209632, 'tmdb_show'), (209142, 'tmdb_show'), (205452, 'tmdb_show'), (156447, 'tmdb_show'), (119192, 'tmdb_show'), (118930, 'tmdb_show'), (89238, 'tmdb_show'), (71159, 'tmdb_show'), (57177, 'tmdb_show'), (52342, 'tmdb_show'), (43117, 'tmdb_show'), (43084, 'tmdb_show'), (41094, 'tmdb_show'), (40350, 'tmdb_show'), (39658, 'tmdb_show'), (38014, 'tmdb_show'), (37976, 'tmdb_show'), (36786, 'tmdb_show'), (36687, 'tmdb_show'), (35714, 'tmdb_show'), (35651, 'tmdb_show'), (35399, 'tmdb_show'), (35125, 'tmdb_show'), (34786, 'tmdb_show'), (34657, 'tmdb_show'), (34153, 'tmdb_show'), (30893, 'tmdb_show'), (30574, 'tmdb_show'), (30476, 'tmdb_show'), (30449, 'tmdb_show'), (30091, 'tmdb_show'), (30020, 'tmdb_show'), (29513, 'tmdb_show'), (29420, 'tmdb_show'), (29058, 'tmdb_show'), (28787, 'tmdb_show'), (28367, 'tmdb_show'), (27536, 'tmdb_show'), (27239, 'tmdb_show'), (27226, 'tmdb_show'), (26985, 'tmdb_show'), (26895, 'tmdb_show'), (26872, 'tmdb_show'), (26696, 'tmdb_show'), (26630, 'tmdb_show'), (25984, 'tmdb_show'), (25902, 'tmdb_show'), (25777, 'tmdb_show'), (25415, 'tmdb_show'), (25372, 'tmdb_show'), (25035, 'tmdb_show'), (24871, 'tmdb_show'), (24189, 'tmdb_show'), (24158, 'tmdb_show'), (23955, 'tmdb_show'), (23845, 'tmdb_show'), (23454, 'tmdb_show'), (23355, 'tmdb_show'), (23262, 'tmdb_show'), (23165, 'tmdb_show'), (23075, 'tmdb_show'), (22982, 'tmdb_show'), (22972, 'tmdb_show'), (22481, 'tmdb_show'), (22372, 'tmdb_show'), (22185, 'tmdb_show'), (21727, 'tmdb_show'), (21481, 'tmdb_show'), (18025, 'tmdb_show'), (16878, 'tmdb_show'), (16531, 'tmdb_show'), (16351, 'tmdb_show'), (15631, 'tmdb_show'), (14975, 'tmdb_show'), (14560, 'tmdb_show'), (14089, 'tmdb_show'), (14022, 'tmdb_show'), (13886, 'tmdb_show'), (13639, 'tmdb_show'), (13028, 'tmdb_show'), (12801, 'tmdb_show'), (12358, 'tmdb_show'), (12305, 'tmdb_show'), (12110, 'tmdb_show'), (11648, 'tmdb_show'), (11607, 'tmdb_show'), (11588, 'tmdb_show'), (10932, 'tmdb_show'), (10835, 'tmdb_show'), (10833, 'tmdb_show'), (10585, 'tmdb_show'), (10525, 'tmdb_show'), (10464, 'tmdb_show'), (10416, 'tmdb_show'), (10300, 'tmdb_show'), (10261, 'tmdb_show'), (10232, 'tmdb_show'), (10040, 'tmdb_show'), (9936, 'tmdb_show'), (9754, 'tmdb_show'), (8559, 'tmdb_show'), (7962, 'tmdb_show'), (4648, 'tmdb_show'), (4017, 'tmdb_show'), (4009, 'tmdb_show'), (2645, 'tmdb_show'), (1740, 'tmdb_show'), (1689, 'tmdb_show'), (1166, 'tmdb_show'), (447, 'tmdb_show')] |
[2023-02-14 02:10:00,236] [builder.py:1284]           [DEBUG]    |                                                                                                    |
[2023-02-14 02:10:00,808] [builder.py:1361]           [ERROR]    | Convert Error: No TVDb ID Found for TMDb ID: 22887                                                 |
[2023-02-14 02:10:00,918] [builder.py:1361]           [ERROR]    | Convert Error: No TVDb ID Found for TMDb ID: 25898                                                 |
[2023-02-14 02:10:01,160] [builder.py:1361]           [ERROR]    | Convert Error: No TVDb ID Found for TMDb ID: 3687                                                  |
[2023-02-14 02:10:01,262] [builder.py:1361]           [ERROR]    | Convert Error: No TVDb ID Found for TMDb ID: 22579                                                 |
[2023-02-14 02:10:01,509] [builder.py:1361]           [ERROR]    | Convert Error: No TVDb ID Found for TMDb ID: 15839                                                 |
[2023-02-14 02:10:01,611] [builder.py:1361]           [ERROR]    | Convert Error: No TVDb ID Found for TMDb ID: 10394                                                 |
[2023-02-14 02:10:01,740] [builder.py:1361]           [ERROR]    | Convert Error: No TVDb ID Found for TMDb ID: 17010                                                 |
[2023-02-14 02:10:01,854] [builder.py:1361]           [ERROR]    | Convert Error: No TVDb ID Found for TMDb ID: 55850                                                 |
[2023-02-14 02:10:02,099] [builder.py:1361]           [ERROR]    | Convert Error: No TVDb ID Found for TMDb ID: 83922                                                 |
[2023-02-14 02:10:02,225] [builder.py:1361]           [ERROR]    | Convert Error: No TVDb ID Found for TMDb ID: 29801                                                 |
[2023-02-14 02:10:02,338] [builder.py:1361]           [ERROR]    | Convert Error: No TVDb ID Found for TMDb ID: 9990                                                  |
[2023-02-14 02:10:02,441] [builder.py:1361]           [ERROR]    | Convert Error: No TVDb ID Found for TMDb ID: 10531                                                 |
[2023-02-14 02:10:02,545] [builder.py:1361]           [ERROR]    | Convert Error: No TVDb ID Found for TMDb ID: 90154                                                 |
[2023-02-14 02:10:02,650] [builder.py:1361]           [ERROR]    | Convert Error: No TVDb ID Found for TMDb ID: 130705                                                |
[2023-02-14 02:10:02,750] [builder.py:1361]           [ERROR]    | Convert Error: No TVDb ID Found for TMDb ID: 103853                                                |
[2023-02-14 02:10:02,845] [builder.py:1361]           [ERROR]    | Convert Error: No TVDb ID Found for TMDb ID: 96566                                                 |
[2023-02-14 02:10:02,944] [builder.py:1361]           [ERROR]    | Convert Error: No TVDb ID Found for TMDb ID: 43138                                                 |
[2023-02-14 02:10:02,946] [builder.py:1361]           [ERROR]    | Convert Error: No TVDb ID Found for TMDb ID: 15682                                                 |
[2023-02-14 02:10:03,042] [builder.py:1361]           [ERROR]    | Convert Error: No TVDb ID Found for TMDb ID: 11213                                                 |
[2023-02-14 02:10:03,147] [builder.py:1361]           [ERROR]    | Convert Error: No TVDb ID Found for TMDb ID: 5765                                                  |
[2023-02-14 02:10:03,252] [builder.py:1361]           [ERROR]    | Convert Error: No TVDb ID Found for TMDb ID: 79773                                                 |
[2023-02-14 02:10:03,358] [builder.py:1361]           [ERROR]    | Convert Error: No TVDb ID Found for TMDb ID: 19975                                                 |
[2023-02-14 02:10:03,462] [builder.py:1361]           [ERROR]    | Convert Error: No TVDb ID Found for TMDb ID: 9971                                                  |
[2023-02-14 02:10:03,574] [builder.py:1361]           [ERROR]    | Convert Error: No TVDb ID Found for TMDb ID: 29901                                                 |
[2023-02-14 02:10:03,713] [builder.py:1361]           [ERROR]    | Convert Error: No TVDb ID Found for TMDb ID: 19248                                                 |
[2023-02-14 02:10:03,811] [builder.py:1361]           [ERROR]    | Convert Error: No TVDb ID Found for TMDb ID: 27618                                                 |
[2023-02-14 02:10:03,906] [builder.py:1361]           [ERROR]    | Convert Error: No TVDb ID Found for TMDb ID: 209737                                                |
[2023-02-14 02:10:03,907] [builder.py:1361]           [ERROR]    | Convert Error: No TVDb ID Found for TMDb ID: 70055                                                 |
[2023-02-14 02:10:04,013] [builder.py:1361]           [ERROR]    | Convert Error: No TVDb ID Found for TMDb ID: 60734                                                 |
[2023-02-14 02:10:04,113] [builder.py:1361]           [ERROR]    | Convert Error: No TVDb ID Found for TMDb ID: 22488                                                 |
[2023-02-14 02:10:04,214] [builder.py:1361]           [ERROR]    | Convert Error: No TVDb ID Found for TMDb ID: 2894                                                  |
[2023-02-14 02:10:04,312] [builder.py:1361]           [ERROR]    | Convert Error: No TVDb ID Found for TMDb ID: 3327                                                  |
[2023-02-14 02:10:04,420] [builder.py:1361]           [ERROR]    | Convert Error: No TVDb ID Found for TMDb ID: 66138                                                 |
[2023-02-14 02:10:04,526] [builder.py:1361]           [ERROR]    | Convert Error: No TVDb ID Found for TMDb ID: 35703                                                 |
[2023-02-14 02:10:04,658] [builder.py:1361]           [ERROR]    | Convert Error: No TVDb ID Found for TMDb ID: 34666                                                 |
[2023-02-14 02:10:04,763] [builder.py:1361]           [ERROR]    | Convert Error: No TVDb ID Found for TMDb ID: 209749                                                |
[2023-02-14 02:10:04,886] [builder.py:1361]           [ERROR]    | Convert Error: No TVDb ID Found for TMDb ID: 209748                                                |
[2023-02-14 02:10:04,992] [builder.py:1361]           [ERROR]    | Convert Error: No TVDb ID Found for TMDb ID: 209746                                                |
[2023-02-14 02:10:05,086] [builder.py:1361]           [ERROR]    | Convert Error: No TVDb ID Found for TMDb ID: 209744                                                |
[2023-02-14 02:10:05,180] [builder.py:1361]           [ERROR]    | Convert Error: No TVDb ID Found for TMDb ID: 209743                                                |
[2023-02-14 02:10:05,279] [builder.py:1361]           [ERROR]    | Convert Error: No TVDb ID Found for TMDb ID: 209741                                                |
[2023-02-14 02:10:05,374] [builder.py:1361]           [ERROR]    | Convert Error: No TVDb ID Found for TMDb ID: 209632                                                |
[2023-02-14 02:10:05,474] [builder.py:1361]           [ERROR]    | Convert Error: No TVDb ID Found for TMDb ID: 209142                                                |
[2023-02-14 02:10:05,582] [builder.py:1361]           [ERROR]    | Convert Error: No TVDb ID Found for TMDb ID: 156447                                                |
[2023-02-14 02:10:05,677] [builder.py:1361]           [ERROR]    | Convert Error: No TVDb ID Found for TMDb ID: 118930                                                |
[2023-02-14 02:10:05,770] [builder.py:1361]           [ERROR]    | Convert Error: No TVDb ID Found for TMDb ID: 89238                                                 |
[2023-02-14 02:10:05,873] [builder.py:1361]           [ERROR]    | Convert Error: No TVDb ID Found for TMDb ID: 57177                                                 |
[2023-02-14 02:10:05,972] [builder.py:1361]           [ERROR]    | Convert Error: No TVDb ID Found for TMDb ID: 52342                                                 |
[2023-02-14 02:10:06,061] [builder.py:1361]           [ERROR]    | Convert Error: No TVDb ID Found for TMDb ID: 43117                                                 |
[2023-02-14 02:10:06,155] [builder.py:1361]           [ERROR]    | Convert Error: No TVDb ID Found for TMDb ID: 43084                                                 |
[2023-02-14 02:10:06,250] [builder.py:1361]           [ERROR]    | Convert Error: No TVDb ID Found for TMDb ID: 41094                                                 |
[2023-02-14 02:10:06,347] [builder.py:1361]           [ERROR]    | Convert Error: No TVDb ID Found for TMDb ID: 38014                                                 |
[2023-02-14 02:10:06,450] [builder.py:1361]           [ERROR]    | Convert Error: No TVDb ID Found for TMDb ID: 37976                                                 |
[2023-02-14 02:10:06,541] [builder.py:1361]           [ERROR]    | Convert Error: No TVDb ID Found for TMDb ID: 36786                                                 |
[2023-02-14 02:10:06,634] [builder.py:1361]           [ERROR]    | Convert Error: No TVDb ID Found for TMDb ID: 36687                                                 |
[2023-02-14 02:10:06,733] [builder.py:1361]           [ERROR]    | Convert Error: No TVDb ID Found for TMDb ID: 35714                                                 |
[2023-02-14 02:10:06,834] [builder.py:1361]           [ERROR]    | Convert Error: No TVDb ID Found for TMDb ID: 35651                                                 |
[2023-02-14 02:10:06,932] [builder.py:1361]           [ERROR]    | Convert Error: No TVDb ID Found for TMDb ID: 35125                                                 |
[2023-02-14 02:10:07,042] [builder.py:1361]           [ERROR]    | Convert Error: No TVDb ID Found for TMDb ID: 34786                                                 |
[2023-02-14 02:10:07,140] [builder.py:1361]           [ERROR]    | Convert Error: No TVDb ID Found for TMDb ID: 34657                                                 |
[2023-02-14 02:10:07,241] [builder.py:1361]           [ERROR]    | Convert Error: No TVDb ID Found for TMDb ID: 34153                                                 |
[2023-02-14 02:10:07,345] [builder.py:1361]           [ERROR]    | Convert Error: No TVDb ID Found for TMDb ID: 30476                                                 |
[2023-02-14 02:10:07,451] [builder.py:1361]           [ERROR]    | Convert Error: No TVDb ID Found for TMDb ID: 30449                                                 |
[2023-02-14 02:10:07,552] [builder.py:1361]           [ERROR]    | Convert Error: No TVDb ID Found for TMDb ID: 30020                                                 |
[2023-02-14 02:10:07,650] [builder.py:1361]           [ERROR]    | Convert Error: No TVDb ID Found for TMDb ID: 29513                                                 |
[2023-02-14 02:10:07,743] [builder.py:1361]           [ERROR]    | Convert Error: No TVDb ID Found for TMDb ID: 29420                                                 |
[2023-02-14 02:10:07,838] [builder.py:1361]           [ERROR]    | Convert Error: No TVDb ID Found for TMDb ID: 29058                                                 |
[2023-02-14 02:10:07,940] [builder.py:1361]           [ERROR]    | Convert Error: No TVDb ID Found for TMDb ID: 28787                                                 |
[2023-02-14 02:10:08,029] [builder.py:1361]           [ERROR]    | Convert Error: No TVDb ID Found for TMDb ID: 28367                                                 |
[2023-02-14 02:10:08,136] [builder.py:1361]           [ERROR]    | Convert Error: No TVDb ID Found for TMDb ID: 27536                                                 |
[2023-02-14 02:10:08,233] [builder.py:1361]           [ERROR]    | Convert Error: No TVDb ID Found for TMDb ID: 27239                                                 |
[2023-02-14 02:10:08,329] [builder.py:1361]           [ERROR]    | Convert Error: No TVDb ID Found for TMDb ID: 27226                                                 |
[2023-02-14 02:10:08,436] [builder.py:1361]           [ERROR]    | Convert Error: No TVDb ID Found for TMDb ID: 26985                                                 |
[2023-02-14 02:10:08,537] [builder.py:1361]           [ERROR]    | Convert Error: No TVDb ID Found for TMDb ID: 26895                                                 |
[2023-02-14 02:10:08,629] [builder.py:1361]           [ERROR]    | Convert Error: No TVDb ID Found for TMDb ID: 26696                                                 |
[2023-02-14 02:10:08,731] [builder.py:1361]           [ERROR]    | Convert Error: No TVDb ID Found for TMDb ID: 26630                                                 |
[2023-02-14 02:10:08,832] [builder.py:1361]           [ERROR]    | Convert Error: No TVDb ID Found for TMDb ID: 25984                                                 |
[2023-02-14 02:10:08,933] [builder.py:1361]           [ERROR]    | Convert Error: No TVDb ID Found for TMDb ID: 25902                                                 |
[2023-02-14 02:10:09,040] [builder.py:1361]           [ERROR]    | Convert Error: No TVDb ID Found for TMDb ID: 25777                                                 |
[2023-02-14 02:10:09,135] [builder.py:1361]           [ERROR]    | Convert Error: No TVDb ID Found for TMDb ID: 25415                                                 |
[2023-02-14 02:10:09,230] [builder.py:1361]           [ERROR]    | Convert Error: No TVDb ID Found for TMDb ID: 25372                                                 |
[2023-02-14 02:10:09,326] [builder.py:1361]           [ERROR]    | Convert Error: No TVDb ID Found for TMDb ID: 25035                                                 |
[2023-02-14 02:10:09,427] [builder.py:1361]           [ERROR]    | Convert Error: No TVDb ID Found for TMDb ID: 24189                                                 |
[2023-02-14 02:10:09,530] [builder.py:1361]           [ERROR]    | Convert Error: No TVDb ID Found for TMDb ID: 24158                                                 |
[2023-02-14 02:10:09,636] [builder.py:1361]           [ERROR]    | Convert Error: No TVDb ID Found for TMDb ID: 23454                                                 |
[2023-02-14 02:10:09,732] [builder.py:1361]           [ERROR]    | Convert Error: No TVDb ID Found for TMDb ID: 23355                                                 |
[2023-02-14 02:10:09,837] [builder.py:1361]           [ERROR]    | Convert Error: No TVDb ID Found for TMDb ID: 23262                                                 |
[2023-02-14 02:10:09,935] [builder.py:1361]           [ERROR]    | Convert Error: No TVDb ID Found for TMDb ID: 23165                                                 |
[2023-02-14 02:10:10,032] [builder.py:1361]           [ERROR]    | Convert Error: No TVDb ID Found for TMDb ID: 23075                                                 |
[2023-02-14 02:10:10,125] [builder.py:1361]           [ERROR]    | Convert Error: No TVDb ID Found for TMDb ID: 22982                                                 |
[2023-02-14 02:10:10,218] [builder.py:1361]           [ERROR]    | Convert Error: No TVDb ID Found for TMDb ID: 22972                                                 |
[2023-02-14 02:10:10,309] [builder.py:1361]           [ERROR]    | Convert Error: No TVDb ID Found for TMDb ID: 22481                                                 |
[2023-02-14 02:10:10,425] [builder.py:1361]           [ERROR]    | Convert Error: No TVDb ID Found for TMDb ID: 22185                                                 |
[2023-02-14 02:10:10,529] [builder.py:1361]           [ERROR]    | Convert Error: No TVDb ID Found for TMDb ID: 21481                                                 |
[2023-02-14 02:10:10,734] [builder.py:1361]           [ERROR]    | Convert Error: No TVDb ID Found for TMDb ID: 16878                                                 |
[2023-02-14 02:10:10,871] [builder.py:1361]           [ERROR]    | Convert Error: No TVDb ID Found for TMDb ID: 16351                                                 |
[2023-02-14 02:10:10,973] [builder.py:1361]           [ERROR]    | Convert Error: No TVDb ID Found for TMDb ID: 15631                                                 |
[2023-02-14 02:10:11,079] [builder.py:1361]           [ERROR]    | Convert Error: No TVDb ID Found for TMDb ID: 14975                                                 |
[2023-02-14 02:10:11,184] [builder.py:1361]           [ERROR]    | Convert Error: No TVDb ID Found for TMDb ID: 14089                                                 |
[2023-02-14 02:10:11,284] [builder.py:1361]           [ERROR]    | Convert Error: No TVDb ID Found for TMDb ID: 12358                                                 |
[2023-02-14 02:10:11,381] [builder.py:1361]           [ERROR]    | Convert Error: No TVDb ID Found for TMDb ID: 11588                                                 |
[2023-02-14 02:10:11,479] [builder.py:1361]           [ERROR]    | Convert Error: No TVDb ID Found for TMDb ID: 10932                                                 |
[2023-02-14 02:10:11,578] [builder.py:1361]           [ERROR]    | Convert Error: No TVDb ID Found for TMDb ID: 10835                                                 |
[2023-02-14 02:10:11,672] [builder.py:1361]           [ERROR]    | Convert Error: No TVDb ID Found for TMDb ID: 10525                                                 |
[2023-02-14 02:10:11,782] [builder.py:1361]           [ERROR]    | Convert Error: No TVDb ID Found for TMDb ID: 10464                                                 |
[2023-02-14 02:10:11,880] [builder.py:1361]           [ERROR]    | Convert Error: No TVDb ID Found for TMDb ID: 10261                                                 |
[2023-02-14 02:10:11,983] [builder.py:1361]           [ERROR]    | Convert Error: No TVDb ID Found for TMDb ID: 10232                                                 |
[2023-02-14 02:10:12,087] [builder.py:1361]           [ERROR]    | Convert Error: No TVDb ID Found for TMDb ID: 10040                                                 |
[2023-02-14 02:10:12,181] [builder.py:1361]           [ERROR]    | Convert Error: No TVDb ID Found for TMDb ID: 9754                                                  |
[2023-02-14 02:10:12,283] [builder.py:1361]           [ERROR]    | Convert Error: No TVDb ID Found for TMDb ID: 8559                                                  |
[2023-02-14 02:10:12,377] [builder.py:1361]           [ERROR]    | Convert Error: No TVDb ID Found for TMDb ID: 7962                                                  |
[2023-02-14 02:10:12,470] [builder.py:1361]           [ERROR]    | Convert Error: No TVDb ID Found for TMDb ID: 4648                                                  |
[2023-02-14 02:10:12,561] [builder.py:1361]           [ERROR]    | Convert Error: No TVDb ID Found for TMDb ID: 4009                                                  |
[2023-02-14 02:10:12,662] [builder.py:1361]           [ERROR]    | Convert Error: No TVDb ID Found for TMDb ID: 1740                                                  |
[2023-02-14 02:10:12,755] [builder.py:1361]           [ERROR]    | Convert Error: No TVDb ID Found for TMDb ID: 1166                                                  |
[2023-02-14 02:10:12,846] [builder.py:1361]           [ERROR]    | Convert Error: No TVDb ID Found for TMDb ID: 447                                                   |
[2023-02-14 02:10:12,847] [builder.py:1697]           [INFO]     |                                                                                                    |
[2023-02-14 02:10:12,847] [util.py:216]               [INFO]     |===================================== Adding to Fox Collection =====================================|
[2023-02-14 02:10:12,847] [builder.py:1699]           [INFO]     |                                                                                                    |
[2023-02-14 02:10:12,848] [builder.py:1709]           [INFO]     | 1/6 | Fox Collection | = | Malcolm in the Middle                                                   |
[2023-02-14 02:10:12,848] [builder.py:1709]           [INFO]     | 2/6 | Fox Collection | = | Futurama                                                                |
[2023-02-14 02:10:12,848] [builder.py:1709]           [INFO]     | 3/6 | Fox Collection | = | Bob's Burgers                                                           |
[2023-02-14 02:10:12,849] [builder.py:1709]           [INFO]     | 4/6 | Fox Collection | = | The Exorcist                                                            |
[2023-02-14 02:10:12,849] [builder.py:1709]           [INFO]     | 5/6 | Fox Collection | = | Teenage Mutant Ninja Turtles (2003)                                     |
[2023-02-14 02:10:12,849] [builder.py:1709]           [INFO]     | 6/6 | Fox Collection | = | Firefly                                                                 |
[2023-02-14 02:10:12,849] [builder.py:1734]           [INFO]     |                                                                                                    |
[2023-02-14 02:10:12,850] [builder.py:1735]           [INFO]     | 6 Shows Processed                                                                                  |
[2023-02-14 02:10:12,850] [builder.py:1969]           [INFO]     |                                                                                                    |
[2023-02-14 02:10:12,850] [util.py:216]               [INFO]     |================================= Missing Shows from Library: Fox ==================================|
[2023-02-14 02:10:12,851] [builder.py:1971]           [INFO]     |                                                                                                    |
[2023-02-14 02:10:13,654] [builder.py:1982]           [INFO]     | Fox Collection | ? | Lucifer (TVDB: 295685)                                                        |
[2023-02-14 02:10:15,740] [builder.py:1982]           [INFO]     | Fox Collection | ? | The Simpsons (TVDB: 71663)                                                    |
[2023-02-14 02:10:16,818] [builder.py:1982]           [INFO]     | Fox Collection | ? | Bones (TVDB: 75682)                                                           |
[2023-02-14 02:10:17,881] [builder.py:1982]           [INFO]     | Fox Collection | ? | House (TVDB: 73255)                                                           |
[2023-02-14 02:10:19,450] [builder.py:1982]           [INFO]     | Fox Collection | ? | Family Guy (TVDB: 75978)                                                      |
[2023-02-14 02:10:20,051] [builder.py:1982]           [INFO]     | Fox Collection | ? | Prison Break (TVDB: 360115)                                                   |
[2023-02-14 02:10:21,282] [builder.py:1982]           [INFO]     | Fox Collection | ? | American Dad! (TVDB: 73141)                                                   |
[2023-02-14 02:10:21,896] [builder.py:1982]           [INFO]     | Fox Collection | ? | 9-1-1 (TVDB: 337907)                                                          |
[2023-02-14 02:10:22,590] [builder.py:1982]           [INFO]     | Fox Collection | ? | That '70s Show (TVDB: 73787)                                                  |
[2023-02-14 02:10:23,599] [builder.py:1982]           [INFO]     | Fox Collection | ? | 24 (TVDB: 76290)                                                              |
[2023-02-14 02:10:24,013] [builder.py:1982]           [INFO]     | Fox Collection | ? | 9-1-1: Lone Star (TVDB: 364080)                                               |
[2023-02-14 02:10:25,196] [builder.py:1982]           [INFO]     | Fox Collection | ? | The X-Files (TVDB: 77398)                                                     |
[2023-02-14 02:10:26,031] [builder.py:1982]           [INFO]     | Fox Collection | ? | Fringe (TVDB: 82066)                                                          |
[2023-02-14 02:10:26,714] [builder.py:1982]           [INFO]     | Fox Collection | ? | Gotham (TVDB: 274431)                                                         |
[2023-02-14 02:10:27,298] [builder.py:1982]           [INFO]     | Fox Collection | ? | Beverly Hills, 90210 (TVDB: 74936)                                            |
[2023-02-14 02:10:28,108] [builder.py:1982]           [INFO]     | Fox Collection | ? | Brooklyn Nine-Nine (TVDB: 269586)                                             |
[2023-02-14 02:10:28,767] [builder.py:1982]           [INFO]     | Fox Collection | ? | The Resident (TVDB: 328569)                                                   |
[2023-02-14 02:10:29,138] [builder.py:1982]           [INFO]     | Fox Collection | ? | The Cleaning Lady (US) (TVDB: 402365)                                         |
[2023-02-14 02:10:29,598] [builder.py:1982]           [INFO]     | Fox Collection | ? | The Orville (TVDB: 328487)                                                    |
[2023-02-14 02:10:29,955] [builder.py:1982]           [INFO]     | Fox Collection | ? | Scream Queens (TVDB: 293302)                                                  |
[2023-02-14 02:10:30,356] [builder.py:1982]           [INFO]     | Fox Collection | ? | Fantasy Island (2021) (TVDB: 400823)                                          |
[2023-02-14 02:10:30,994] [builder.py:1982]           [INFO]     | Fox Collection | ? | Glee (TVDB: 83610)                                                            |
[2023-02-14 02:10:31,742] [builder.py:1982]           [INFO]     | Fox Collection | ? | King of the Hill (TVDB: 73903)                                                |
[2023-02-14 02:10:32,395] [builder.py:1982]           [INFO]     | Fox Collection | ? | Last Man Standing (2011) (TVDB: 248834)                                       |
[2023-02-14 02:10:32,838] [builder.py:1982]           [INFO]     | Fox Collection | ? | The Gifted (TVDB: 328552)                                                     |
[2023-02-14 02:10:33,536] [builder.py:1982]           [INFO]     | Fox Collection | ? | Married... with Children (TVDB: 76385)                                        |
[2023-02-14 02:10:34,062] [builder.py:1982]           [INFO]     | Fox Collection | ? | New Girl (TVDB: 248682)                                                       |
[2023-02-14 02:10:34,783] [builder.py:1982]           [INFO]     | Fox Collection | ? | Batman: The Animated Series (TVDB: 76168)                                     |
[2023-02-14 02:10:35,506] [builder.py:1982]           [INFO]     | Fox Collection | ? | American Idol (TVDB: 70814)                                                   |
[2023-02-14 02:10:35,986] [builder.py:1982]           [INFO]     | Fox Collection | ? | Lethal Weapon (TVDB: 311790)                                                  |
[2023-02-14 02:10:36,424] [builder.py:1982]           [INFO]     | Fox Collection | ? | Terminator: The Sarah Connor Chronicles (TVDB: 80344)                         |
[2023-02-14 02:10:36,891] [builder.py:1982]           [INFO]     | Fox Collection | ? | Spider-Man: The Animated Series (TVDB: 73750)                                 |
[2023-02-14 02:10:37,368] [builder.py:1982]           [INFO]     | Fox Collection | ? | Goosebumps (TVDB: 78790)                                                      |
[2023-02-14 02:10:37,965] [builder.py:1982]           [INFO]     | Fox Collection | ? | Hell's Kitchen (US) (TVDB: 74897)                                             |
[2023-02-14 02:10:38,405] [builder.py:1982]           [INFO]     | Fox Collection | ? | The O.C. (TVDB: 72164)                                                        |
[2023-02-14 02:10:38,991] [builder.py:1982]           [INFO]     | Fox Collection | ? | Empire (2015) (TVDB: 281617)                                                  |
[2023-02-14 02:10:39,491] [builder.py:1982]           [INFO]     | Fox Collection | ? | Lie to Me (TVDB: 83602)                                                       |
[2023-02-14 02:10:39,723] [builder.py:1982]           [INFO]     | Fox Collection | ? | Alert: Missing Persons Unit (TVDB: 420207)                                    |
[2023-02-14 02:10:40,021] [builder.py:1982]           [INFO]     | Fox Collection | ? | Spider-Man Unlimited (TVDB: 73560)                                            |
[2023-02-14 02:10:40,407] [builder.py:1982]           [INFO]     | Fox Collection | ? | Beetlejuice (TVDB: 76892)                                                     |
[2023-02-14 02:10:40,920] [builder.py:1982]           [INFO]     | Fox Collection | ? | Sliders (TVDB: 76557)                                                         |
[2023-02-14 02:10:41,223] [builder.py:1982]           [INFO]     | Fox Collection | ? | The Cleveland Show (TVDB: 93991)                                              |
[2023-02-14 02:10:41,572] [builder.py:1982]           [INFO]     | Fox Collection | ? | Rosewood (TVDB: 295683)                                                       |
[2023-02-14 02:10:41,811] [builder.py:1982]           [INFO]     | Fox Collection | ? | Cosmos (2014) (TVDB: 260586)                                                  |
[2023-02-14 02:10:42,029] [builder.py:1982]           [INFO]     | Fox Collection | ? | Accused (US) (TVDB: 402879)                                                   |
[2023-02-14 02:10:42,672] [builder.py:1982]           [INFO]     | Fox Collection | ? | Arrested Development (TVDB: 72173)                                            |
[2023-02-14 02:10:43,153] [builder.py:1982]           [INFO]     | Fox Collection | ? | X-Men: The Animated Series (TVDB: 76115)                                      |
[2023-02-14 02:10:43,558] [builder.py:1982]           [INFO]     | Fox Collection | ? | The Masked Singer (TVDB: 351030)                                              |
[2023-02-14 02:10:43,989] [builder.py:1982]           [INFO]     | Fox Collection | ? | The Last Man on Earth (TVDB: 281622)                                          |
[2023-02-14 02:10:44,379] [builder.py:1982]           [INFO]     | Fox Collection | ? | Dark Angel (TVDB: 76148)                                                      |
[2023-02-14 02:10:44,806] [builder.py:1982]           [INFO]     | Fox Collection | ? | Sleepy Hollow (TVDB: 269578)                                                  |
[2023-02-14 02:10:45,793] [builder.py:1982]           [INFO]     | Fox Collection | ? | Cops (TVDB: 74709)                                                            |
[2023-02-14 02:10:46,300] [builder.py:1982]           [INFO]     | Fox Collection | ? | MasterChef (US) (TVDB: 167751)                                                |
[2023-02-14 02:10:48,262] [builder.py:1982]           [INFO]     | Fox Collection | ? | Power Rangers (TVDB: 72553)                                                   |
[2023-02-14 02:10:48,664] [builder.py:1982]           [INFO]     | Fox Collection | ? | Tom and Jerry Kids Show (1990) (TVDB: 77973)                                  |
[2023-02-14 02:10:49,019] [builder.py:1982]           [INFO]     | Fox Collection | ? | Prodigal Son (TVDB: 352883)                                                   |
[2023-02-14 02:10:49,412] [builder.py:1982]           [INFO]     | Fox Collection | ? | The Following (TVDB: 258744)                                                  |
[2023-02-14 02:10:49,705] [builder.py:1982]           [INFO]     | Fox Collection | ? | Touch (2012) (TVDB: 248935)                                                   |
[2023-02-14 02:10:49,967] [builder.py:1982]           [INFO]     | Fox Collection | ? | L.A.'s Finest (TVDB: 357527)                                                  |
[2023-02-14 02:10:50,384] [builder.py:1982]           [INFO]     | Fox Collection | ? | 21 Jump Street (TVDB: 77585)                                                  |
[2023-02-14 02:10:50,812] [builder.py:1982]           [INFO]     | Fox Collection | ? | Raising Hope (TVDB: 164021)                                                   |
[2023-02-14 02:10:51,375] [builder.py:1982]           [INFO]     | Fox Collection | ? | Melrose Place (TVDB: 76577)                                                   |
[2023-02-14 02:10:51,951] [builder.py:1982]           [INFO]     | Fox Collection | ? | The Mindy Project (TVDB: 259007)                                              |
[2023-02-14 02:10:52,365] [builder.py:1982]           [INFO]     | Fox Collection | ? | Dollhouse (TVDB: 82046)                                                       |
[2023-02-14 02:10:53,100] [builder.py:1982]           [INFO]     | Fox Collection | ? | So You Think You Can Dance (TVDB: 78956)                                      |
[2023-02-14 02:10:53,390] [builder.py:1982]           [INFO]     | Fox Collection | ? | Taz-Mania (TVDB: 76989)                                                       |
[2023-02-14 02:10:53,724] [builder.py:1982]           [INFO]     | Fox Collection | ? | Star (TVDB: 311810)                                                           |
[2023-02-14 02:10:53,930] [builder.py:1982]           [INFO]     | Fox Collection | ? | Next Level Chef (TVDB: 403122)                                                |
[2023-02-14 02:10:54,188] [builder.py:1982]           [INFO]     | Fox Collection | ? | Tru Calling (TVDB: 72233)                                                     |
[2023-02-14 02:10:54,545] [builder.py:1982]           [INFO]     | Fox Collection | ? | Call Me Kat (TVDB: 382185)                                                    |
[2023-02-14 02:10:54,868] [builder.py:1982]           [INFO]     | Fox Collection | ? | The Great North (TVDB: 353887)                                                |
[2023-02-14 02:10:55,275] [builder.py:1982]           [INFO]     | Fox Collection | ? | Party of Five (TVDB: 72632)                                                   |
[2023-02-14 02:10:55,625] [builder.py:1982]           [INFO]     | Fox Collection | ? | The Bernie Mac Show (TVDB: 75825)                                             |
[2023-02-14 02:10:55,919] [builder.py:1982]           [INFO]     | Fox Collection | ? | Terra Nova (TVDB: 164091)                                                     |
[2023-02-14 02:10:56,381] [builder.py:1982]           [INFO]     | Fox Collection | ? | In Living Color (TVDB: 78441)                                                 |
[2023-02-14 02:10:56,693] [builder.py:1982]           [INFO]     | Fox Collection | ? | Martin (TVDB: 75725)                                                          |
[2023-02-14 02:10:57,075] [builder.py:1982]           [INFO]     | Fox Collection | ? | Wayward Pines (TVDB: 269750)                                                  |
[2023-02-14 02:10:57,651] [builder.py:1982]           [INFO]     | Fox Collection | ? | Divorce Court (TVDB: 78397)                                                   |
[2023-02-14 02:10:58,044] [builder.py:1982]           [INFO]     | Fox Collection | ? | Grounded for Life (TVDB: 78579)                                               |
[2023-02-14 02:10:58,450] [builder.py:1982]           [INFO]     | Fox Collection | ? | Ultimate Muscle: The Kinnikuman Legacy (TVDB: 71419)                          |
[2023-02-14 02:10:58,782] [builder.py:1982]           [INFO]     | Fox Collection | ? | Millennium (TVDB: 70940)                                                      |
[2023-02-14 02:10:59,354] [builder.py:1982]           [INFO]     | Fox Collection | ? | The Real Daytime (TVDB: 272749)                                               |
[2023-02-14 02:10:59,681] [builder.py:1982]           [INFO]     | Fox Collection | ? | Defenders of the Earth (TVDB: 70824)                                          |
[2023-02-14 02:11:00,073] [builder.py:1982]           [INFO]     | Fox Collection | ? | Kitchen Nightmares (US) (TVDB: 80552)                                         |
[2023-02-14 02:11:00,537] [builder.py:1982]           [INFO]     | Fox Collection | ? | Ally McBeal (TVDB: 72116)                                                     |
[2023-02-14 02:11:00,809] [builder.py:1982]           [INFO]     | Fox Collection | ? | The Passage (TVDB: 354539)                                                    |
[2023-02-14 02:11:01,068] [builder.py:1982]           [INFO]     | Fox Collection | ? | Godzilla: The Series (TVDB: 76061)                                            |
[2023-02-14 02:11:01,321] [builder.py:1982]           [INFO]     | Fox Collection | ? | Space: Above and Beyond (TVDB: 76509)                                         |
[2023-02-14 02:11:01,534] [builder.py:1982]           [INFO]     | Fox Collection | ? | Animal Control (TVDB: 423022)                                                 |
[2023-02-14 02:11:01,806] [builder.py:1982]           [INFO]     | Fox Collection | ? | 24: Legacy (TVDB: 311787)                                                     |
[2023-02-14 02:11:02,124] [builder.py:1982]           [INFO]     | Fox Collection | ? | Alcatraz (TVDB: 248646)                                                       |
[2023-02-14 02:11:02,445] [builder.py:1982]           [INFO]     | Fox Collection | ? | Beyond Belief: Fact or Fiction (TVDB: 75706)                                  |
[2023-02-14 02:11:02,690] [builder.py:1982]           [INFO]     | Fox Collection | ? | Ghosted (TVDB: 328568)                                                        |
[2023-02-14 02:11:03,059] [builder.py:1982]           [INFO]     | Fox Collection | ? | MasterChef Junior (TVDB: 271863)                                              |
[2023-02-14 02:11:03,402] [builder.py:1982]           [INFO]     | Fox Collection | ? | The Mick (TVDB: 311818)                                                       |
[2023-02-14 02:11:03,633] [builder.py:1982]           [INFO]     | Fox Collection | ? | Minority Report (TVDB: 295680)                                                |
[2023-02-14 02:11:03,930] [builder.py:1982]           [INFO]     | Fox Collection | ? | Almost Human (TVDB: 267702)                                                   |
[2023-02-14 02:11:04,237] [builder.py:1982]           [INFO]     | Fox Collection | ? | Duncanville (TVDB: 364530)                                                    |
[2023-02-14 02:11:04,838] [builder.py:1982]           [INFO]     | Fox Collection | ? | America's Most Wanted (TVDB: 74943)                                           |
[2023-02-14 02:11:05,047] [builder.py:1982]           [INFO]     | Fox Collection | ? | Yu-Gi-Oh! Capsule Monsters (TVDB: 267996)                                     |
[2023-02-14 02:11:05,356] [builder.py:1982]           [INFO]     | Fox Collection | ? | Human Target (2010) (TVDB: 94801)                                             |
[2023-02-14 02:11:05,661] [builder.py:1982]           [INFO]     | Fox Collection | ? | APB (TVDB: 311819)                                                            |
[2023-02-14 02:11:05,953] [builder.py:1982]           [INFO]     | Fox Collection | ? | neXt (2020) (TVDB: 359350)                                                    |
[2023-02-14 02:11:06,172] [builder.py:1982]           [INFO]     | Fox Collection | ? | New Amsterdam (TVDB: 80481)                                                   |
[2023-02-14 02:11:06,544] [builder.py:1982]           [INFO]     | Fox Collection | ? | Eek! the Cat (TVDB: 76296)                                                    |
[2023-02-14 02:11:08,006] [builder.py:1982]           [INFO]     | Fox Collection | ? | WWE SmackDown (TVDB: 75640)                                                   |
[2023-02-14 02:11:08,376] [builder.py:1982]           [INFO]     | Fox Collection | ? | Boston Public (TVDB: 75820)                                                   |
[2023-02-14 02:11:08,639] [builder.py:1982]           [INFO]     | Fox Collection | ? | Beetleborgs (TVDB: 74864)                                                     |
[2023-02-14 02:11:08,929] [builder.py:1982]           [INFO]     | Fox Collection | ? | The Adventures of Brisco County, Jr. (TVDB: 72364)                            |
[2023-02-14 02:11:09,282] [builder.py:1982]           [INFO]     | Fox Collection | ? | New York Undercover (TVDB: 76233)                                             |
[2023-02-14 02:11:09,496] [builder.py:1982]           [INFO]     | Fox Collection | ? | Son of Zorn (TVDB: 311817)                                                    |
[2023-02-14 02:11:09,882] [builder.py:1982]           [INFO]     | Fox Collection | ? | Bobby's World (TVDB: 77312)                                                   |
[2023-02-14 02:11:10,141] [builder.py:1982]           [INFO]     | Fox Collection | ? | The Simple Life (TVDB: 73230)                                                 |
[2023-02-14 02:11:10,451] [builder.py:1982]           [INFO]     | Fox Collection | ? | The New Woody Woodpecker Show (TVDB: 239711)                                  |
[2023-02-14 02:11:10,811] [builder.py:1982]           [INFO]     | Fox Collection | ? | The Tick (TVDB: 76992)                                                        |
[2023-02-14 02:11:11,054] [builder.py:1982]           [INFO]     | Fox Collection | ? | Chaotic (TVDB: 82852)                                                         |
[2023-02-14 02:11:11,312] [builder.py:1982]           [INFO]     | Fox Collection | ? | Red Band Society (US) (TVDB: 281532)                                          |
[2023-02-14 02:11:11,623] [builder.py:1982]           [INFO]     | Fox Collection | ? | Droopy: Master Detective (TVDB: 77976)                                        |
[2023-02-14 02:11:11,952] [builder.py:1982]           [INFO]     | Fox Collection | ? | Young Hercules (TVDB: 75491)                                                  |
[2023-02-14 02:11:12,153] [builder.py:1982]           [INFO]     | Fox Collection | ? | The Tick (2001) (TVDB: 76269)                                                 |
[2023-02-14 02:11:12,428] [builder.py:1982]           [INFO]     | Fox Collection | ? | The War at Home (TVDB: 78902)                                                 |
[2023-02-14 02:11:12,695] [builder.py:1982]           [INFO]     | Fox Collection | ? | The X Factor (US) (TVDB: 230121)                                              |
[2023-02-14 02:11:12,983] [builder.py:1982]           [INFO]     | Fox Collection | ? | Deputy (TVDB: 354265)                                                         |
[2023-02-14 02:11:13,288] [builder.py:1982]           [INFO]     | Fox Collection | ? | LEGO Masters (US) (TVDB: 370166)                                              |
[2023-02-14 02:11:13,633] [builder.py:1982]           [INFO]     | Fox Collection | ? | Living Single (TVDB: 76728)                                                   |
[2023-02-14 02:11:13,914] [builder.py:1982]           [INFO]     | Fox Collection | ? | The Finder (TVDB: 248651)                                                     |
[2023-02-14 02:11:14,135] [builder.py:1982]           [INFO]     | Fox Collection | ? | Get Smart (1995) (TVDB: 75302)                                                |
[2023-02-14 02:11:14,334] [builder.py:1982]           [INFO]     | Fox Collection | ? | Werewolf (TVDB: 77276)                                                        |
[2023-02-14 02:11:14,633] [builder.py:1982]           [INFO]     | Fox Collection | ? | Ninja Turtles: The Next Mutation (TVDB: 78064)                                |
[2023-02-14 02:11:14,959] [builder.py:1982]           [INFO]     | Fox Collection | ? | The Critic (TVDB: 73344)                                                      |
[2023-02-14 02:11:15,187] [builder.py:1982]           [INFO]     | Fox Collection | ? | Gang Related (TVDB: 269590)                                                   |
[2023-02-14 02:11:15,489] [builder.py:1982]           [INFO]     | Fox Collection | ? | Life with Louie (TVDB: 76392)                                                 |
[2023-02-14 02:11:15,749] [builder.py:1982]           [INFO]     | Fox Collection | ? | Peter Pan and the Pirates (TVDB: 76978)                                       |
[2023-02-14 02:11:16,005] [builder.py:1982]           [INFO]     | Fox Collection | ? | Parker Lewis Can't Lose (TVDB: 78471)                                         |
[2023-02-14 02:11:16,265] [builder.py:1982]           [INFO]     | Fox Collection | ? | Wonderfalls (TVDB: 78845)                                                     |
[2023-02-14 02:11:16,516] [builder.py:1982]           [INFO]     | Fox Collection | ? | The Grinder (TVDB: 295682)                                                    |
[2023-02-14 02:11:16,823] [builder.py:1982]           [INFO]     | Fox Collection | ? | Conan the Adventurer (TVDB: 79716)                                            |
[2023-02-14 02:11:17,032] [builder.py:1982]           [INFO]     | Fox Collection | ? | Special Forces: World's Toughest Test (TVDB: 424437)                          |
[2023-02-14 02:11:17,309] [builder.py:1982]           [INFO]     | Fox Collection | ? | WWF Saturday Night's Main Event (TVDB: 71114)                                 |
[2023-02-14 02:11:17,612] [builder.py:1982]           [INFO]     | Fox Collection | ? | Backstrom (TVDB: 277093)                                                      |
[2023-02-14 02:11:18,021] [builder.py:1982]           [INFO]     | Fox Collection | ? | Fox News Sunday (TVDB: 320727)                                                |
[2023-02-14 02:11:18,317] [builder.py:1982]           [INFO]     | Fox Collection | ? | Second Chance (TVDB: 295684)                                                  |
[2023-02-14 02:11:18,634] [builder.py:1982]           [INFO]     | Fox Collection | ? | Alien Nation (TVDB: 72358)                                                    |
[2023-02-14 02:11:19,089] [builder.py:1982]           [INFO]     | Fox Collection | ? | Where on Earth is Carmen Sandiego? (TVDB: 74586)                              |
[2023-02-14 02:11:19,350] [builder.py:1982]           [INFO]     | Fox Collection | ? | Student Bodies (TVDB: 75169)                                                  |
[2023-02-14 02:11:19,563] [builder.py:1982]           [INFO]     | Fox Collection | ? | Mighty Morphin Alien Rangers (TVDB: 394976)                                   |
[2023-02-14 02:11:19,842] [builder.py:1982]           [INFO]     | Fox Collection | ? | The Kids from Room 402 (TVDB: 78745)                                          |
[2023-02-14 02:11:20,117] [builder.py:1982]           [INFO]     | Fox Collection | ? | Beast Machines: Transformers (TVDB: 78075)                                    |
[2023-02-14 02:11:20,444] [builder.py:1982]           [INFO]     | Fox Collection | ? | Stargate: Infinity (TVDB: 70852)                                              |
[2023-02-14 02:11:20,697] [builder.py:1982]           [INFO]     | Fox Collection | ? | BH90210 (TVDB: 363714)                                                        |
[2023-02-14 02:11:21,140] [builder.py:1982]           [INFO]     | Fox Collection | ? | 'Til Death (TVDB: 79384)                                                      |
[2023-02-14 02:11:21,388] [builder.py:1982]           [INFO]     | Fox Collection | ? | The Lone Gunmen (TVDB: 76245)                                                 |
[2023-02-14 02:11:21,713] [builder.py:1982]           [INFO]     | Fox Collection | ? | Undeclared (TVDB: 73557)                                                      |
[2023-02-14 02:11:21,933] [builder.py:1982]           [INFO]     | Fox Collection | ? | John Doe (TVDB: 78839)                                                        |
[2023-02-14 02:11:22,224] [builder.py:1982]           [INFO]     | Fox Collection | ? | Proven Innocent (TVDB: 354793)                                                |
[2023-02-14 02:11:22,465] [builder.py:1982]           [INFO]     | Fox Collection | ? | Name That Tune (TVDB: 392209)                                                 |
[2023-02-14 02:11:22,699] [builder.py:1982]           [INFO]     | Fox Collection | ? | Napoleon Dynamite (TVDB: 249363)                                              |
[2023-02-14 02:11:23,022] [builder.py:1982]           [INFO]     | Fox Collection | ? | Bless the Harts (TVDB: 353889)                                                |
[2023-02-14 02:11:23,303] [builder.py:1982]           [INFO]     | Fox Collection | ? | Casper (TVDB: 76994)                                                          |
[2023-02-14 02:11:23,567] [builder.py:1982]           [INFO]     | Fox Collection | ? | The Tracey Ullman Show (TVDB: 76852)                                          |
[2023-02-14 02:11:23,836] [builder.py:1982]           [INFO]     | Fox Collection | ? | Kitchen Confidential (TVDB: 75768)                                            |
[2023-02-14 02:11:24,078] [builder.py:1982]           [INFO]     | Fox Collection | ? | The Chicago Code (TVDB: 164011)                                               |
[2023-02-14 02:11:24,438] [builder.py:1982]           [INFO]     | Fox Collection | ? | The Cramp Twins (TVDB: 78280)                                                 |
[2023-02-14 02:11:24,717] [builder.py:1982]           [INFO]     | Fox Collection | ? | Gracepoint (TVDB: 276396)                                                     |
[2023-02-14 02:11:24,976] [builder.py:1982]           [INFO]     | Fox Collection | ? | Herman's Head (TVDB: 76804)                                                   |
[2023-02-14 02:11:25,196] [builder.py:1982]           [INFO]     | Fox Collection | ? | The Loop (TVDB: 75275)                                                        |
[2023-02-14 02:11:25,452] [builder.py:1982]           [INFO]     | Fox Collection | ? | That '80s Show (TVDB: 77784)                                                  |
[2023-02-14 02:11:25,687] [builder.py:1982]           [INFO]     | Fox Collection | ? | Brimstone (TVDB: 72803)                                                       |
[2023-02-14 02:11:25,971] [builder.py:1982]           [INFO]     | Fox Collection | ? | Almost Family (TVDB: 363940)                                                  |
[2023-02-14 02:11:26,203] [builder.py:1982]           [INFO]     | Fox Collection | ? | NAACP Image Awards (TVDB: 341196)                                             |
[2023-02-14 02:11:26,410] [builder.py:1982]           [INFO]     | Fox Collection | ? | True Colors (TVDB: 77647)                                                     |
[2023-02-14 02:11:26,725] [builder.py:1982]           [INFO]     | Fox Collection | ? | The PJs (TVDB: 74052)                                                         |
[2023-02-14 02:11:26,992] [builder.py:1982]           [INFO]     | Fox Collection | ? | Hotel Hell (TVDB: 257609)                                                     |
[2023-02-14 02:11:27,239] [builder.py:1982]           [INFO]     | Fox Collection | ? | Kindred: The Embraced (TVDB: 75758)                                           |
[2023-02-14 02:11:27,513] [builder.py:1982]           [INFO]     | Fox Collection | ? | Grandfathered (TVDB: 295681)                                                  |
[2023-02-14 02:11:27,804] [builder.py:1982]           [INFO]     | Fox Collection | ? | Bordertown (TVDB: 275120)                                                     |
[2023-02-14 02:11:28,029] [builder.py:1982]           [INFO]     | Fox Collection | ? | Ned and Stacey (TVDB: 77161)                                                  |
[2023-02-14 02:11:28,307] [builder.py:1982]           [INFO]     | Fox Collection | ? | Pitch (TVDB: 311835)                                                          |
[2023-02-14 02:11:28,529] [builder.py:1982]           [INFO]     | Fox Collection | ? | Dads (2013) (TVDB: 269589)                                                    |
[2023-02-14 02:11:28,852] [builder.py:1982]           [INFO]     | Fox Collection | ? | Greg the Bunny (TVDB: 78877)                                                  |
[2023-02-14 02:11:29,098] [builder.py:1982]           [INFO]     | Fox Collection | ? | The Ben Stiller Show (TVDB: 78730)                                            |
[2023-02-14 02:11:29,290] [builder.py:1982]           [INFO]     | Fox Collection | ? | North Shore (TVDB: 78824)                                                     |
[2023-02-14 02:11:29,498] [builder.py:1982]           [INFO]     | Fox Collection | ? | The Avengers: United They Stand (TVDB: 70785)                                 |
[2023-02-14 02:11:29,715] [builder.py:1982]           [INFO]     | Fox Collection | ? | The Good Guys (2010) (TVDB: 140101)                                           |
[2023-02-14 02:11:29,953] [builder.py:1982]           [INFO]     | Fox Collection | ? | Night Visions (TVDB: 94731)                                                   |
[2023-02-14 02:11:30,204] [builder.py:1982]           [INFO]     | Fox Collection | ? | Welcome to Flatch (TVDB: 402556)                                              |
[2023-02-14 02:11:30,588] [builder.py:1982]           [INFO]     | Fox Collection | ? | Titus (TVDB: 73809)                                                           |
[2023-02-14 02:11:30,809] [builder.py:1982]           [INFO]     | Fox Collection | ? | Mad Jack the Pirate (TVDB: 71192)                                             |
[2023-02-14 02:11:31,090] [builder.py:1982]           [INFO]     | Fox Collection | ? | Axe Cop (TVDB: 268186)                                                        |
[2023-02-14 02:11:31,377] [builder.py:1982]           [INFO]     | Fox Collection | ? | Outmatched (TVDB: 359349)                                                     |
[2023-02-14 02:11:31,692] [builder.py:1982]           [INFO]     | Fox Collection | ? | Sherlock Holmes in the 22nd Century (TVDB: 70534)                             |
[2023-02-14 02:11:31,954] [builder.py:1982]           [INFO]     | Fox Collection | ? | The Visitor (TVDB: 75564)                                                     |
[2023-02-14 02:11:32,178] [builder.py:1982]           [INFO]     | Fox Collection | ? | The Outsiders (TVDB: 75426)                                                   |
[2023-02-14 02:11:32,370] [builder.py:1982]           [INFO]     | Fox Collection | ? | The $treet (TVDB: 82062)                                                      |
[2023-02-14 02:11:32,664] [builder.py:1982]           [INFO]     | Fox Collection | ? | Fastlane (TVDB: 78807)                                                        |
[2023-02-14 02:11:32,884] [builder.py:1982]           [INFO]     | Fox Collection | ? | Ben and Kate (TVDB: 259009)                                                   |
[2023-02-14 02:11:33,115] [builder.py:1982]           [INFO]     | Fox Collection | ? | The Big Leap (TVDB: 401951)                                                   |
[2023-02-14 02:11:33,334] [builder.py:1982]           [INFO]     | Fox Collection | ? | The Zack Files (TVDB: 72159)                                                  |
[2023-02-14 02:11:33,604] [builder.py:1982]           [INFO]     | Fox Collection | ? | Gordon Ramsay's 24 Hours to Hell & Back (TVDB: 338893)                        |
[2023-02-14 02:11:33,840] [builder.py:1982]           [INFO]     | Fox Collection | ? | Silver Surfer (TVDB: 72461)                                                   |
[2023-02-14 02:11:34,122] [builder.py:1982]           [INFO]     | Fox Collection | ? | Breaking In (TVDB: 206751)                                                    |
[2023-02-14 02:11:34,373] [builder.py:1982]           [INFO]     | Fox Collection | ? | Shots Fired (TVDB: 311834)                                                    |
[2023-02-14 02:11:34,564] [builder.py:1982]           [INFO]     | Fox Collection | ? | Justice (2006) (TVDB: 79345)                                                  |
[2023-02-14 02:11:34,823] [builder.py:1982]           [INFO]     | Fox Collection | ? | Mon Colle Knights (TVDB: 77586)                                               |
[2023-02-14 02:11:35,041] [builder.py:1982]           [INFO]     | Fox Collection | ? | Point Pleasant (TVDB: 73745)                                                  |
[2023-02-14 02:11:35,317] [builder.py:1982]           [INFO]     | Fox Collection | ? | Beat Shazam (TVDB: 325924)                                                    |
[2023-02-14 02:11:35,556] [builder.py:1982]           [INFO]     | Fox Collection | ? | The Cool Kids (TVDB: 349683)                                                  |
[2023-02-14 02:11:35,756] [builder.py:1982]           [INFO]     | Fox Collection | ? | Monarch (TVDB: 402376)                                                        |
[2023-02-14 02:11:36,103] [builder.py:1982]           [INFO]     | Fox Collection | ? | Enlisted (TVDB: 269591)                                                       |
[2023-02-14 02:11:36,380] [builder.py:1982]           [INFO]     | Fox Collection | ? | Mystic Knights of Tir Na Nog (TVDB: 78218)                                    |
[2023-02-14 02:11:36,620] [builder.py:1982]           [INFO]     | Fox Collection | ? | Bratz (TVDB: 271251)                                                          |
[2023-02-14 02:11:36,817] [builder.py:1982]           [INFO]     | Fox Collection | ? | Vanished (TVDB: 79332)                                                        |
[2023-02-14 02:11:37,068] [builder.py:1982]           [INFO]     | Fox Collection | ? | Houdini & Doyle (TVDB: 306313)                                                |
[2023-02-14 02:11:37,312] [builder.py:1982]           [INFO]     | Fox Collection | ? | The Slim Shady Show (TVDB: 103231)                                            |
[2023-02-14 02:11:37,534] [builder.py:1982]           [INFO]     | Fox Collection | ? | Models Inc. (TVDB: 74694)                                                     |
[2023-02-14 02:11:37,761] [builder.py:1982]           [INFO]     | Fox Collection | ? | Standoff (TVDB: 79347)                                                        |
[2023-02-14 02:11:38,018] [builder.py:1982]           [INFO]     | Fox Collection | ? | Big Guy and Rusty the Boy Robot (TVDB: 73642)                                 |
[2023-02-14 02:11:38,295] [builder.py:1982]           [INFO]     | Fox Collection | ? | LA to Vegas (TVDB: 328567)                                                    |
[2023-02-14 02:11:38,570] [builder.py:1982]           [INFO]     | Fox Collection | ? | Drive (TVDB: 79871)                                                           |
[2023-02-14 02:11:38,822] [builder.py:1982]           [INFO]     | Fox Collection | ? | The Mob Doctor (TVDB: 259011)                                                 |
[2023-02-14 02:11:39,133] [builder.py:1982]           [INFO]     | Fox Collection | ? | The Moodys (US) (TVDB: 371198)                                                |
[2023-02-14 02:11:39,394] [builder.py:1982]           [INFO]     | Fox Collection | ? | Andy Richter Controls the Universe (TVDB: 77290)                              |
[2023-02-14 02:11:39,652] [builder.py:1982]           [INFO]     | Fox Collection | ? | Eerie, Indiana: The Other Dimension (TVDB: 75518)                             |
[2023-02-14 02:11:39,950] [builder.py:1982]           [INFO]     | Fox Collection | ? | Rake (US) (TVDB: 269584)                                                      |
[2023-02-14 02:11:40,218] [builder.py:1982]           [INFO]     | Fox Collection | ? | Back to You (TVDB: 80426)                                                     |
[2023-02-14 02:11:40,459] [builder.py:1982]           [INFO]     | Fox Collection | ? | Life on a Stick (TVDB: 73722)                                                 |
[2023-02-14 02:11:40,691] [builder.py:1982]           [INFO]     | Fox Collection | ? | Making History (2017) (TVDB: 311833)                                          |
[2023-02-14 02:11:40,917] [builder.py:1982]           [INFO]     | Fox Collection | ? | Miss Universe (TVDB: 79495)                                                   |
[2023-02-14 02:11:41,168] [builder.py:1982]           [INFO]     | Fox Collection | ? | Get a Life (TVDB: 76500)                                                      |
[2023-02-14 02:11:41,544] [builder.py:1982]           [INFO]     | Fox Collection | ? | Di-Gata Defenders (TVDB: 295320)                                              |
[2023-02-14 02:11:41,769] [builder.py:1982]           [INFO]     | Fox Collection | ? | Nanny 911 (TVDB: 75253)                                                       |
[2023-02-14 02:11:42,056] [builder.py:1982]           [INFO]     | Fox Collection | ? | G.I. Joe: Sigma Six (TVDB: 79069)                                             |
[2023-02-14 02:11:42,329] [builder.py:1982]           [INFO]     | Fox Collection | ? | The Inside (TVDB: 73256)                                                      |
[2023-02-14 02:11:42,610] [builder.py:1982]           [INFO]     | Fox Collection | ? | Exosquad (TVDB: 78026)                                                        |
[2023-02-14 02:11:42,814] [builder.py:1982]           [INFO]     | Fox Collection | ? | The Secret Files of the Spy Dogs (TVDB: 73759)                                |
[2023-02-14 02:11:43,033] [builder.py:1982]           [INFO]     | Fox Collection | ? | Virtuality (TVDB: 98051)                                                      |
[2023-02-14 02:11:43,373] [builder.py:1982]           [INFO]     | Fox Collection | ? | Masked Rider (TVDB: 78265)                                                    |
[2023-02-14 02:11:43,621] [builder.py:1982]           [INFO]     | Fox Collection | ? | WMAC Masters (TVDB: 71318)                                                    |
[2023-02-14 02:11:43,858] [builder.py:1982]           [INFO]     | Fox Collection | ? | Filthy Rich (US) (TVDB: 357151)                                               |
[2023-02-14 02:11:44,143] [builder.py:1982]           [INFO]     | Fox Collection | ? | Oliver Beene (TVDB: 78485)                                                    |
[2023-02-14 02:11:44,386] [builder.py:1982]           [INFO]     | Fox Collection | ? | Down the Shore (TVDB: 75307)                                                  |
[2023-02-14 02:11:44,601] [builder.py:1982]           [INFO]     | Fox Collection | ? | Strange Luck (TVDB: 72612)                                                    |
[2023-02-14 02:11:44,654] [builder.py:1977]           [ERROR]    | TVDb Error: Could not find a TVDb Series using TVDb Series ID: 84078                               |
[2023-02-14 02:11:44,890] [builder.py:1982]           [INFO]     | Fox Collection | ? | Top of the Heap (TVDB: 76933)                                                 |
[2023-02-14 02:11:45,125] [builder.py:1982]           [INFO]     | Fox Collection | ? | Miss USA Pageant (TVDB: 249539)                                               |
[2023-02-14 02:11:45,330] [builder.py:1982]           [INFO]     | Fox Collection | ? | Get Real (TVDB: 75446)                                                        |
[2023-02-14 02:11:45,554] [builder.py:1982]           [INFO]     | Fox Collection | ? | The Sinbad Show (TVDB: 77588)                                                 |
[2023-02-14 02:11:45,755] [builder.py:1982]           [INFO]     | Fox Collection | ? | K-Ville (TVDB: 80461)                                                         |
[2023-02-14 02:11:46,034] [builder.py:1982]           [INFO]     | Fox Collection | ? | Stacked (TVDB: 75705)                                                         |
[2023-02-14 02:11:46,366] [builder.py:1982]           [INFO]     | Fox Collection | ? | The Ripping Friends (TVDB: 76859)                                             |
[2023-02-14 02:11:46,608] [builder.py:1982]           [INFO]     | Fox Collection | ? | HouseBroken (TVDB: 382206)                                                    |
[2023-02-14 02:11:46,835] [builder.py:1982]           [INFO]     | Fox Collection | ? | Keen Eddie (TVDB: 70843)                                                      |
[2023-02-14 02:11:47,081] [builder.py:1982]           [INFO]     | Fox Collection | ? | Surviving Jack (TVDB: 269587)                                                 |
[2023-02-14 02:11:47,383] [builder.py:1982]           [INFO]     | Fox Collection | ? | Sam & Max: Freelance Police (TVDB: 70963)                                     |
[2023-02-14 02:11:47,669] [builder.py:1982]           [INFO]     | Fox Collection | ? | Dog City (TVDB: 70394)                                                        |
[2023-02-14 02:11:47,909] [builder.py:1982]           [INFO]     | Fox Collection | ? | Quintuplets (TVDB: 73732)                                                     |
[2023-02-14 02:11:48,173] [builder.py:1982]           [INFO]     | Fox Collection | ? | Mental (TVDB: 93651)                                                          |
[2023-02-14 02:11:48,460] [builder.py:1982]           [INFO]     | Fox Collection | ? | Our Kind of People (TVDB: 400141)                                             |
[2023-02-14 02:11:48,643] [builder.py:1982]           [INFO]     | Fox Collection | ? | American Grit (TVDB: 307453)                                                  |
[2023-02-14 02:11:48,850] [builder.py:1982]           [INFO]     | Fox Collection | ? | M.A.N.T.I.S. (TVDB: 76517)                                                    |
[2023-02-14 02:11:49,064] [builder.py:1982]           [INFO]     | Fox Collection | ? | Time of Your Life (TVDB: 74834)                                               |
[2023-02-14 02:11:49,255] [builder.py:1982]           [INFO]     | Fox Collection | ? | Mowgli: The New Adventures of the Jungle Book (TVDB: 70480)                   |
[2023-02-14 02:11:49,492] [builder.py:1982]           [INFO]     | Fox Collection | ? | Dirty Dozen: The Series (TVDB: 72409)                                         |
[2023-02-14 02:11:49,739] [builder.py:1982]           [INFO]     | Fox Collection | ? | The Wedding Bells (TVDB: 79867)                                               |
[2023-02-14 02:11:49,989] [builder.py:1982]           [INFO]     | Fox Collection | ? | VR.5 (TVDB: 75870)                                                            |
[2023-02-14 02:11:50,206] [builder.py:1982]           [INFO]     | Fox Collection | ? | The Edge (TVDB: 76803)                                                        |
[2023-02-14 02:11:50,404] [builder.py:1982]           [INFO]     | Fox Collection | ? | The Pitts (TVDB: 78565)                                                       |
[2023-02-14 02:11:50,681] [builder.py:1982]           [INFO]     | Fox Collection | ? | Lauren Lake's Paternity Court (TVDB: 367456)                                  |
[2023-02-14 02:11:50,935] [builder.py:1982]           [INFO]     | Fox Collection | ? | Traffic Light (US) (TVDB: 164311)                                             |
[2023-02-14 02:11:51,196] [builder.py:1982]           [INFO]     | Fox Collection | ? | Bakersfield, P.D. (TVDB: 72240)                                               |
[2023-02-14 02:11:51,429] [builder.py:1982]           [INFO]     | Fox Collection | ? | Little Dracula (TVDB: 76952)                                                  |
[2023-02-14 02:11:51,662] [builder.py:1982]           [INFO]     | Fox Collection | ? | Mulaney (TVDB: 273820)                                                        |
[2023-02-14 02:11:52,154] [builder.py:1982]           [INFO]     | Fox Collection | ? | The George Carlin Show (TVDB: 78503)                                          |
[2023-02-14 02:11:52,411] [builder.py:1982]           [INFO]     | Fox Collection | ? | The Masked Dancer (TVDB: 391670)                                              |
[2023-02-14 02:11:52,603] [builder.py:1982]           [INFO]     | Fox Collection | ? | Roar (TVDB: 71196)                                                            |
[2023-02-14 02:11:53,010] [builder.py:1982]           [INFO]     | Fox Collection | ? | TV Nation (TVDB: 78788)                                                       |
[2023-02-14 02:11:53,226] [builder.py:1982]           [INFO]     | Fox Collection | ? | Booker (TVDB: 74654)                                                          |
[2023-02-14 02:11:53,442] [builder.py:1982]           [INFO]     | Fox Collection | ? | I Can See Your Voice (US) (TVDB: 387526)                                      |
[2023-02-14 02:11:53,647] [builder.py:1982]           [INFO]     | Fox Collection | ? | Ultraman: Towards the Future (TVDB: 75943)                                    |
[2023-02-14 02:11:53,837] [builder.py:1982]           [INFO]     | Fox Collection | ? | Meet the Marks (TVDB: 71059)                                                  |
[2023-02-14 02:11:54,099] [builder.py:1982]           [INFO]     | Fox Collection | ? | Running Wilde (TVDB: 164031)                                                  |
[2023-02-14 02:11:54,294] [builder.py:1982]           [INFO]     | Fox Collection | ? | Partners (TVDB: 72909)                                                        |
[2023-02-14 02:11:54,518] [builder.py:1982]           [INFO]     | Fox Collection | ? | Attack of The Killer Tomatoes (TVDB: 78489)                                   |
[2023-02-14 02:11:54,700] [builder.py:1982]           [INFO]     | Fox Collection | ? | The Why Why Family (TVDB: 309510)                                             |
[2023-02-14 02:11:54,884] [builder.py:1982]           [INFO]     | Fox Collection | ? | Superhuman (2017) (TVDB: 325923)                                              |
[2023-02-14 02:11:55,098] [builder.py:1982]           [INFO]     | Fox Collection | ? | Harsh Realm (TVDB: 71768)                                                     |
[2023-02-14 02:11:55,313] [builder.py:1982]           [INFO]     | Fox Collection | ? | Opposite Sex (TVDB: 73611)                                                    |
[2023-02-14 02:11:55,502] [builder.py:1982]           [INFO]     | Fox Collection | ? | Lone Star (TVDB: 163991)                                                      |
[2023-02-14 02:11:55,704] [builder.py:1982]           [INFO]     | Fox Collection | ? | Brothers (2009) (TVDB: 94841)                                                 |
[2023-02-14 02:11:55,931] [builder.py:1982]           [INFO]     | Fox Collection | ? | Method & Red (TVDB: 73569)                                                    |
[2023-02-14 02:11:56,156] [builder.py:1982]           [INFO]     | Fox Collection | ? | NASCAR Racers (TVDB: 70489)                                                   |
[2023-02-14 02:11:56,414] [builder.py:1982]           [INFO]     | Fox Collection | ? | Rel (TVDB: 348092)                                                            |
[2023-02-14 02:11:56,624] [builder.py:1982]           [INFO]     | Fox Collection | ? | Canterbury's Law (TVDB: 81502)                                                |
[2023-02-14 02:11:56,873] [builder.py:1982]           [INFO]     | Fox Collection | ? | Kong: The Animated Series (TVDB: 77794)                                       |
[2023-02-14 02:11:57,075] [builder.py:1982]           [INFO]     | Fox Collection | ? | The Jury (2004) (TVDB: 248975)                                                |
[2023-02-14 02:11:57,268] [builder.py:1982]           [INFO]     | Fox Collection | ? | The New Adventures of Beans Baxter (TVDB: 77127)                              |
[2023-02-14 02:11:57,455] [builder.py:1982]           [INFO]     | Fox Collection | ? | The F Word (US) (TVDB: 325925)                                                |
[2023-02-14 02:11:57,650] [builder.py:1982]           [INFO]     | Fox Collection | ? | The Crew (TVDB: 73297)                                                        |
[2023-02-14 02:11:57,849] [builder.py:1982]           [INFO]     | Fox Collection | ? | Alienators: Evolution Continues (TVDB: 249611)                                |
[2023-02-14 02:11:58,052] [builder.py:1982]           [INFO]     | Fox Collection | ? | Talkshow with Spike Feresten (TVDB: 286432)                                   |
[2023-02-14 02:11:58,341] [builder.py:1982]           [INFO]     | Fox Collection | ? | The Moment of Truth (TVDB: 81226)                                             |
[2023-02-14 02:11:58,569] [builder.py:1982]           [INFO]     | Fox Collection | ? | The Goodwin Games (TVDB: 259012)                                              |
[2023-02-14 02:11:58,813] [builder.py:1982]           [INFO]     | Fox Collection | ? | Pivoting (TVDB: 382211)                                                       |
[2023-02-14 02:11:58,976] [builder.py:1982]           [INFO]     | Fox Collection | ? | Tribes (TVDB: 399701)                                                         |
[2023-02-14 02:11:59,390] [builder.py:1982]           [INFO]     | Fox Collection | ? | Are You Smarter Than a 5th Grader? (TVDB: 79851)                              |
[2023-02-14 02:11:59,653] [builder.py:1982]           [INFO]     | Fox Collection | ? | Stand by Your Man (TVDB: 73474)                                               |
[2023-02-14 02:11:59,951] [builder.py:1982]           [INFO]     | Fox Collection | ? | I Hate My Teenage Daughter (TVDB: 248793)                                     |
[2023-02-14 02:12:00,227] [builder.py:1982]           [INFO]     | Fox Collection | ? | Profit (TVDB: 77154)                                                          |
[2023-02-14 02:12:00,432] [builder.py:1982]           [INFO]     | Fox Collection | ? | The Winner (TVDB: 79852)                                                      |
[2023-02-14 02:12:00,640] [builder.py:1982]           [INFO]     | Fox Collection | ? | Unhitched (TVDB: 81452)                                                       |
[2023-02-14 02:12:00,904] [builder.py:1982]           [INFO]     | Fox Collection | ? | C-Bear and Jamal (TVDB: 77033)                                                |
[2023-02-14 02:12:01,088] [builder.py:1982]           [INFO]     | Fox Collection | ? | On the Lot (TVDB: 80174)                                                      |
[2023-02-14 02:12:01,383] [builder.py:1982]           [INFO]     | Fox Collection | ? | Viva Piñata (TVDB: 79598)                                                     |
[2023-02-14 02:12:01,629] [builder.py:1982]           [INFO]     | Fox Collection | ? | The Show (TVDB: 75309)                                                        |
[2023-02-14 02:12:01,831] [builder.py:1982]           [INFO]     | Fox Collection | ? | Flying Blind (TVDB: 76900)                                                    |
[2023-02-14 02:12:02,138] [builder.py:1982]           [INFO]     | Fox Collection | ? | The Swan (TVDB: 74104)                                                        |
[2023-02-14 02:12:02,410] [builder.py:1982]           [INFO]     | Fox Collection | ? | The Four: Battle for Stardom (TVDB: 337151)                                   |
[2023-02-14 02:12:02,595] [builder.py:1982]           [INFO]     | Fox Collection | ? | Celebrity Duets (TVDB: 79497)                                                 |
[2023-02-14 02:12:02,793] [builder.py:1982]           [INFO]     | Fox Collection | ? | Ghost Stories (1997) (TVDB: 78394)                                            |
[2023-02-14 02:12:03,052] [builder.py:1982]           [INFO]     | Fox Collection | ? | Against the Law (TVDB: 78661)                                                 |
[2023-02-14 02:12:03,249] [builder.py:1982]           [INFO]     | Fox Collection | ? | Action (TVDB: 77943)                                                          |
[2023-02-14 02:12:03,435] [builder.py:1982]           [INFO]     | Fox Collection | ? | ¡Q'Viva!: The Chosen (TVDB: 257302)                                           |
[2023-02-14 02:12:03,679] [builder.py:1982]           [INFO]     | Fox Collection | ? | Class of '96 (TVDB: 72863)                                                    |
[2023-02-14 02:12:03,888] [builder.py:1982]           [INFO]     | Fox Collection | ? | Down and Out in Beverly Hills (TVDB: 74797)                                   |
[2023-02-14 02:12:04,102] [builder.py:1982]           [INFO]     | Fox Collection | ? | The Real Dirty Dancing (US) (TVDB: 415039)                                    |
[2023-02-14 02:12:04,294] [builder.py:1982]           [INFO]     | Fox Collection | ? | Farmer Wants A Wife (2023) (TVDB: 424503)                                     |
[2023-02-14 02:12:04,555] [builder.py:1982]           [INFO]     | Fox Collection | ? | Family Double Dare (TVDB: 70977)                                              |
[2023-02-14 02:12:04,750] [builder.py:1982]           [INFO]     | Fox Collection | ? | Misery Loves Company (TVDB: 72363)                                            |
[2023-02-14 02:12:04,919] [builder.py:1982]           [INFO]     | Fox Collection | ? | American Juniors (TVDB: 386114)                                               |
[2023-02-14 02:12:05,165] [builder.py:1982]           [INFO]     | Fox Collection | ? | Sons of Tucson (TVDB: 94831)                                                  |
[2023-02-14 02:12:05,425] [builder.py:1982]           [INFO]     | Fox Collection | ? | Funky Cops (TVDB: 80227)                                                      |
[2023-02-14 02:12:05,656] [builder.py:1982]           [INFO]     | Fox Collection | ? | Pasadena (TVDB: 75091)                                                        |
[2023-02-14 02:12:05,906] [builder.py:1982]           [INFO]     | Fox Collection | ? | Toonsylvania (TVDB: 76221)                                                    |
[2023-02-14 02:12:06,095] [builder.py:1982]           [INFO]     | Fox Collection | ? | Monty (TVDB: 76303)                                                           |
[2023-02-14 02:12:06,309] [builder.py:1982]           [INFO]     | Fox Collection | ? | Good Grief (TVDB: 75879)                                                      |
[2023-02-14 02:12:06,546] [builder.py:1982]           [INFO]     | Fox Collection | ? | Us & Them (TVDB: 291472)                                                      |
[2023-02-14 02:12:06,759] [builder.py:1982]           [INFO]     | Fox Collection | ? | American High (TVDB: 71034)                                                   |
[2023-02-14 02:12:06,930] [builder.py:1982]           [INFO]     | Fox Collection | ? | Celebrity Watch Party (TVDB: 381518)                                          |
[2023-02-14 02:12:07,203] [builder.py:1982]           [INFO]     | Fox Collection | ? | Cooper Barrett's Guide To Surviving Life (TVDB: 295686)                       |
[2023-02-14 02:12:07,404] [builder.py:1982]           [INFO]     | Fox Collection | ? | The Princes of Malibu (TVDB: 151251)                                          |
[2023-02-14 02:12:07,598] [builder.py:1982]           [INFO]     | Fox Collection | ? | Alter Ego (TVDB: 403076)                                                      |
[2023-02-14 02:12:07,782] [builder.py:1982]           [INFO]     | Fox Collection | ? | Killer Instinct (TVDB: 78865)                                                 |
[2023-02-14 02:12:08,058] [builder.py:1982]           [INFO]     | Fox Collection | ? | The PokerStars.net Big Game (TVDB: 168931)                                    |
[2023-02-14 02:12:08,331] [builder.py:1982]           [INFO]     | Fox Collection | ? | Pacific Palisades (TVDB: 73966)                                               |
[2023-02-14 02:12:08,594] [builder.py:1982]           [INFO]     | Fox Collection | ? | Wanda at Large (TVDB: 70850)                                                  |
[2023-02-14 02:12:08,802] [builder.py:1982]           [INFO]     | Fox Collection | ? | Domino Masters (TVDB: 400009)                                                 |
[2023-02-14 02:12:09,049] [builder.py:1982]           [INFO]     | Fox Collection | ? | Sit Down, Shut Up (TVDB: 90571)                                               |
[2023-02-14 02:12:09,285] [builder.py:1982]           [INFO]     | Fox Collection | ? | Jonny Zero (TVDB: 73751)                                                      |
[2023-02-14 02:12:09,492] [builder.py:1982]           [INFO]     | Fox Collection | ? | What Just Happened??! with Fred Savage (TVDB: 363962)                         |
[2023-02-14 02:12:09,699] [builder.py:1982]           [INFO]     | Fox Collection | ? | Reunion (TVDB: 75463)                                                         |
[2023-02-14 02:12:10,011] [builder.py:1982]           [INFO]     | Fox Collection | ? | Roc (TVDB: 72230)                                                             |
[2023-02-14 02:12:10,220] [builder.py:1982]           [INFO]     | Fox Collection | ? | A Minute With Stan Hooper (TVDB: 72276)                                       |
[2023-02-14 02:12:10,421] [builder.py:1982]           [INFO]     | Fox Collection | ? | Party Over Here (TVDB: 308457)                                                |
[2023-02-14 02:12:10,663] [builder.py:1982]           [INFO]     | Fox Collection | ? | Daddy Dearest (TVDB: 77315)                                                   |
[2023-02-14 02:12:10,845] [builder.py:1982]           [INFO]     | Fox Collection | ? | America’s Most Wanted (2021) (TVDB: 395741)                                   |
[2023-02-14 02:12:11,053] [builder.py:1982]           [INFO]     | Fox Collection | ? | Weird Loners (TVDB: 281632)                                                   |
[2023-02-14 02:12:11,245] [builder.py:1982]           [INFO]     | Fox Collection | ? | Crime Scene Kitchen (TVDB: 400730)                                            |
[2023-02-14 02:12:11,477] [builder.py:1982]           [INFO]     | Fox Collection | ? | The Heights (TVDB: 72704)                                                     |
[2023-02-14 02:12:11,704] [builder.py:1982]           [INFO]     | Fox Collection | ? | Holding the Baby (US) (TVDB: 76609)                                           |
[2023-02-14 02:12:11,926] [builder.py:1982]           [INFO]     | Fox Collection | ? | Manchester Prep (TVDB: 74151)                                                 |
[2023-02-14 02:12:12,147] [builder.py:1982]           [INFO]     | Fox Collection | ? | Karen's Song (TVDB: 72420)                                                    |
[2023-02-14 02:12:12,363] [builder.py:1982]           [INFO]     | Fox Collection | ? | The Casino (TVDB: 74358)                                                      |
[2023-02-14 02:12:12,586] [builder.py:1982]           [INFO]     | Fox Collection | ? | Happy Hour (TVDB: 79381)                                                      |
[2023-02-14 02:12:12,761] [builder.py:1982]           [INFO]     | Fox Collection | ? | Lawless (TVDB: 74799)                                                         |
[2023-02-14 02:12:13,093] [builder.py:1982]           [INFO]     | Fox Collection | ? | The Great Defender (TVDB: 77230)                                              |
[2023-02-14 02:12:13,293] [builder.py:1982]           [INFO]     | Fox Collection | ? | Shaky Ground (TVDB: 75295)                                                    |
[2023-02-14 02:12:13,476] [builder.py:1982]           [INFO]     | Fox Collection | ? | South Central (TVDB: 72057)                                                   |
[2023-02-14 02:12:13,723] [builder.py:1982]           [INFO]     | Fox Collection | ? | Family Album (TVDB: 396123)                                                   |
[2023-02-14 02:12:13,959] [builder.py:1982]           [INFO]     | Fox Collection | ? | Getting Personal (TVDB: 72022)                                                |
[2023-02-14 02:12:14,120] [builder.py:1982]           [INFO]     | Fox Collection | ? | Masterwork (TVDB: 103101)                                                     |
[2023-02-14 02:12:14,375] [builder.py:1982]           [INFO]     | Fox Collection | ? | Freakylinks (TVDB: 84649)                                                     |
[2023-02-14 02:12:14,596] [builder.py:1982]           [INFO]     | Fox Collection | ? | Cedric the Entertainer Presents (TVDB: 70684)                                 |
[2023-02-14 02:12:14,836] [builder.py:1982]           [INFO]     | Fox Collection | ? | Don't Forget the Lyrics (TVDB: 80314)                                         |
[2023-02-14 02:12:15,017] [builder.py:1982]           [INFO]     | Fox Collection | ? | Kicking & Screaming (TVDB: 322514)                                            |
[2023-02-14 02:12:15,267] [builder.py:1982]           [INFO]     | Fox Collection | ? | The Last Frontier (TVDB: 78134)                                               |
[2023-02-14 02:12:15,458] [builder.py:1982]           [INFO]     | Fox Collection | ? | The American Embassy (TVDB: 76680)                                            |
[2023-02-14 02:12:15,673] [builder.py:1982]           [INFO]     | Fox Collection | ? | Battletoads (TVDB: 74268)                                                     |
[2023-02-14 02:12:15,900] [builder.py:1982]           [INFO]     | Fox Collection | ? | Allen Gregory (TVDB: 249081)                                                  |
[2023-02-14 02:12:16,097] [builder.py:1982]           [INFO]     | Fox Collection | ? | Los Luchadores (TVDB: 74473)                                                  |
[2023-02-14 02:12:16,291] [builder.py:1982]           [INFO]     | Fox Collection | ? | The Kilborn File (TVDB: 200711)                                               |
[2023-02-14 02:12:16,515] [builder.py:1982]           [INFO]     | Fox Collection | ? | Duet (TVDB: 77736)                                                            |
[2023-02-14 02:12:16,710] [builder.py:1982]           [INFO]     | Fox Collection | ? | Head Cases (TVDB: 75554)                                                      |
[2023-02-14 02:12:16,877] [builder.py:1982]           [INFO]     | Fox Collection | ? | Super Dave: Daredevil For Hire (TVDB: 244691)                                 |
[2023-02-14 02:12:17,084] [builder.py:1982]           [INFO]     | Fox Collection | ? | High School USA! (TVDB: 268187)                                               |
[2023-02-14 02:12:17,336] [builder.py:1982]           [INFO]     | Fox Collection | ? | Xploration Earth 2050 (TVDB: 315616)                                          |
[2023-02-14 02:12:17,577] [builder.py:1982]           [INFO]     | Fox Collection | ? | Damon (TVDB: 76326)                                                           |
[2023-02-14 02:12:17,716] [builder.py:1982]           [INFO]     | Fox Collection | ? | Grimsburg (TVDB: 420069)                                                      |
[2023-02-14 02:12:17,911] [builder.py:1982]           [INFO]     | Fox Collection | ? | Mental Samurai (TVDB: 358161)                                                 |
[2023-02-14 02:12:18,088] [builder.py:1982]           [INFO]     | Fox Collection | ? | Flirty Dancing (US) (TVDB: 371931)                                            |
[2023-02-14 02:12:18,260] [builder.py:1982]           [INFO]     | Fox Collection | ? | Spin the Wheel (TVDB: 361635)                                                 |
[2023-02-14 02:12:18,433] [builder.py:1982]           [INFO]     | Fox Collection | ? | I Wanna Marry Harry (TVDB: 280256)                                            |
[2023-02-14 02:12:18,652] [builder.py:1982]           [INFO]     | Fox Collection | ? | The Pulse (TVDB: 71038)                                                       |
[2023-02-14 02:12:18,842] [builder.py:1982]           [INFO]     | Fox Collection | ? | The Mr. Potato Head Show (TVDB: 70867)                                        |
[2023-02-14 02:12:19,011] [builder.py:1982]           [INFO]     | Fox Collection | ? | The Wanda Sykes Show (TVDB: 113391)                                           |
[2023-02-14 02:12:19,288] [builder.py:1982]           [INFO]     | Fox Collection | ? | Guinness World Records: Primetime (TVDB: 70429)                               |
[2023-02-14 02:12:19,510] [builder.py:1982]           [INFO]     | Fox Collection | ? | Significant Others (1998) (TVDB: 78637)                                       |
[2023-02-14 02:12:19,764] [builder.py:1982]           [INFO]     | Fox Collection | ? | Drexell's Class (TVDB: 71387)                                                 |
[2023-02-14 02:12:19,978] [builder.py:1982]           [INFO]     | Fox Collection | ? | Mr. President (TVDB: 342855)                                                  |
[2023-02-14 02:12:20,213] [builder.py:1982]           [INFO]     | Fox Collection | ? | Key West (TVDB: 77608)                                                        |
[2023-02-14 02:12:20,383] [builder.py:1982]           [INFO]     | Fox Collection | ? | City Hunters (TVDB: 212611)                                                   |
[2023-02-14 02:12:20,607] [builder.py:1982]           [INFO]     | Fox Collection | ? | Big Man on Campus (TVDB: 73814)                                               |
[2023-02-14 02:12:20,806] [builder.py:1982]           [INFO]     | Fox Collection | ? | Invasion of the Hidden Cameras (TVDB: 71193)                                  |
[2023-02-14 02:12:20,977] [builder.py:1982]           [INFO]     | Fox Collection | ? | The Chamber (TVDB: 78564)                                                     |
[2023-02-14 02:12:21,200] [builder.py:1982]           [INFO]     | Fox Collection | ? | The Late Show Starring Joan Rivers (TVDB: 75467)                              |
[2023-02-14 02:12:21,425] [builder.py:1982]           [INFO]     | Fox Collection | ? | Open House (TVDB: 74127)                                                      |
[2023-02-14 02:12:21,630] [builder.py:1982]           [INFO]     | Fox Collection | ? | In The Flow with Affion Crockett (TVDB: 251033)                               |
[2023-02-14 02:12:21,826] [builder.py:1982]           [INFO]     | Fox Collection | ? | Saturday TV Funhouse (TVDB: 426078)                                           |
[2023-02-14 02:12:22,021] [builder.py:1982]           [INFO]     | Fox Collection | ? | Knock Knock Live (TVDB: 297488)                                               |
[2023-02-14 02:12:22,243] [builder.py:1982]           [INFO]     | Fox Collection | ? | The Complex: Malibu (TVDB: 74878)                                             |
[2023-02-14 02:12:22,446] [builder.py:1982]           [INFO]     | Fox Collection | ? | Bill & Ted's Excellent Adventures (1992) (TVDB: 147651)                       |
[2023-02-14 02:12:22,639] [builder.py:1982]           [INFO]     | Fox Collection | ? | My Wildest Dreams (TVDB: 73541)                                               |
[2023-02-14 02:12:22,865] [builder.py:1982]           [INFO]     | Fox Collection | ? | Swamp Thing: The Animated Series (TVDB: 74250)                                |
[2023-02-14 02:12:23,103] [builder.py:1982]           [INFO]     | Fox Collection | ? | Lush Life (TVDB: 73747)                                                       |
[2023-02-14 02:12:23,287] [builder.py:1982]           [INFO]     | Fox Collection | ? | Luis (TVDB: 72100)                                                            |
[2023-02-14 02:12:23,477] [builder.py:1982]           [INFO]     | Fox Collection | ? | Babes (TVDB: 77740)                                                           |
[2023-02-14 02:12:23,658] [builder.py:1982]           [INFO]     | Fox Collection | ? | Little Shop (TVDB: 267624)                                                    |
[2023-02-14 02:12:23,710] [builder.py:1977]           [ERROR]    | TVDb Error: Could not find a TVDb Series using TVDb Series ID: 79039                               |
[2023-02-14 02:12:23,933] [builder.py:1982]           [INFO]     | Fox Collection | ? | L.A. Firefighters (TVDB: 76131)                                               |
[2023-02-14 02:12:24,123] [builder.py:1982]           [INFO]     | Fox Collection | ? | The Return of Jezebel James (TVDB: 81525)                                     |
[2023-02-14 02:12:24,401] [builder.py:1982]           [INFO]     | Fox Collection | ? | Hole in the Wall (TVDB: 82880)                                                |
[2023-02-14 02:12:24,611] [builder.py:1982]           [INFO]     | Fox Collection | ? | Van-pires (TVDB: 70523)                                                       |
[2023-02-14 02:12:24,806] [builder.py:1982]           [INFO]     | Fox Collection | ? | Ask Harriet (TVDB: 76572)                                                     |
[2023-02-14 02:12:24,969] [builder.py:1982]           [INFO]     | Fox Collection | ? | The Ruby Wax Show (TVDB: 75071)                                               |
[2023-02-14 02:12:25,164] [builder.py:1982]           [INFO]     | Fox Collection | ? | Rachel Gunn, R.N. (TVDB: 73446)                                               |
[2023-02-14 02:12:25,369] [builder.py:1982]           [INFO]     | Fox Collection | ? | Wild Oats (TVDB: 76759)                                                       |
[2023-02-14 02:12:25,556] [builder.py:1982]           [INFO]     | Fox Collection | ? | Glory Days (1990) (TVDB: 71379)                                               |
[2023-02-14 02:12:25,763] [builder.py:1982]           [INFO]     | Fox Collection | ? | The Preston Episodes (TVDB: 70502)                                            |
[2023-02-14 02:12:25,972] [builder.py:1982]           [INFO]     | Fox Collection | ? | Celebrity Bootcamp (TVDB: 71481)                                              |
[2023-02-14 02:12:26,167] [builder.py:1982]           [INFO]     | Fox Collection | ? | Local Heroes (TVDB: 71248)                                                    |
[2023-02-14 02:12:26,378] [builder.py:1982]           [INFO]     | Fox Collection | ? | Woops! (TVDB: 77206)                                                          |
[2023-02-14 02:12:26,588] [builder.py:1982]           [INFO]     | Fox Collection | ? | Secret Millionaire (TVDB: 84146)                                              |
[2023-02-14 02:12:26,782] [builder.py:1982]           [INFO]     | Fox Collection | ? | Past Life (TVDB: 94821)                                                       |
[2023-02-14 02:12:26,990] [builder.py:1982]           [INFO]     | Fox Collection | ? | Great Scott! (TVDB: 77308)                                                    |
[2023-02-14 02:12:27,183] [builder.py:1982]           [INFO]     | Fox Collection | ? | The O'Keefes (TVDB: 70379)                                                    |
[2023-02-14 02:12:27,907] [builder.py:1982]           [INFO]     | Fox Collection | ? | MADtv (TVDB: 77897)                                                           |
[2023-02-14 02:12:28,100] [builder.py:1982]           [INFO]     | Fox Collection | ? | Let's Be Real (TVDB: 401802)                                                  |
[2023-02-14 02:12:28,340] [builder.py:1982]           [INFO]     | Fox Collection | ? | Hardball (TVDB: 74093)                                                        |
[2023-02-14 02:12:28,553] [builder.py:1982]           [INFO]     | Fox Collection | ? | Boot Camp (TVDB: 75090)                                                       |
[2023-02-14 02:12:28,767] [builder.py:1982]           [INFO]     | Fox Collection | ? | Greed (TVDB: 314144)                                                          |
[2023-02-14 02:12:29,021] [builder.py:1982]           [INFO]     | Fox Collection | ? | Pocket Dragon Adventures (TVDB: 183031)                                       |
[2023-02-14 02:12:29,243] [builder.py:1982]           [INFO]     | Fox Collection | ? | Ryan Caulfield: Year One (TVDB: 73788)                                        |
[2023-02-14 02:12:29,487] [builder.py:1982]           [INFO]     | Fox Collection | ? | The Toxic Crusaders (TVDB: 71191)                                             |
[2023-02-14 02:12:29,694] [builder.py:1982]           [INFO]     | Fox Collection | ? | The Invaders (1995) (TVDB: 328605)                                            |
[2023-02-14 02:12:29,889] [builder.py:1982]           [INFO]     | Fox Collection | ? | Married by America (TVDB: 72054)                                              |
[2023-02-14 02:12:30,131] [builder.py:1982]           [INFO]     | Fox Collection | ? | Joe Millionaire: For Richer or Poorer (TVDB: 412118)                          |
[2023-02-14 02:12:30,344] [builder.py:1982]           [INFO]     | Fox Collection | ? | BattleTech (TVDB: 71376)                                                      |
[2023-02-14 02:12:30,544] [builder.py:1982]           [INFO]     | Fox Collection | ? | Love Connection (2017) (TVDB: 325966)                                         |
[2023-02-14 02:12:30,730] [builder.py:1982]           [INFO]     | Fox Collection | ? | Kelsey Grammer Presents The Sketch Show (TVDB: 74754)                         |
[2023-02-14 02:12:30,949] [builder.py:1982]           [INFO]     | Fox Collection | ? | Ultimate Tag (TVDB: 371819)                                                   |
[2023-02-14 02:12:31,115] [builder.py:1982]           [INFO]     | Fox Collection | ? | Cherries Wild (TVDB: 393659)                                                  |
[2023-02-14 02:12:31,309] [builder.py:1982]           [INFO]     | Fox Collection | ? | Do Not Disturb (TVDB: 82304)                                                  |
[2023-02-14 02:12:31,527] [builder.py:1982]           [INFO]     | Fox Collection | ? | Saturday Night Special (TVDB: 77765)                                          |
[2023-02-14 02:12:31,754] [builder.py:1982]           [INFO]     | Fox Collection | ? | Free Ride (TVDB: 79261)                                                       |
[2023-02-14 02:12:31,977] [builder.py:1982]           [INFO]     | Fox Collection | ? | The Next Great American Band (TVDB: 80827)                                    |
[2023-02-14 02:12:32,209] [builder.py:1982]           [INFO]     | Fox Collection | ? | Vinnie & Bobby (TVDB: 76943)                                                  |
[2023-02-14 02:12:32,443] [builder.py:1982]           [INFO]     | Fox Collection | ? | Normal, Ohio (TVDB: 81696)                                                    |
[2023-02-14 02:12:32,706] [builder.py:1982]           [INFO]     | Fox Collection | ? | Temptation Island (TVDB: 77036)                                               |
[2023-02-14 02:12:32,960] [builder.py:1982]           [INFO]     | Fox Collection | ? | Home Free (2015) (TVDB: 295144)                                               |
[2023-02-14 02:12:33,163] [builder.py:1982]           [INFO]     | Fox Collection | ? | Krapopolis (TVDB: 403077)                                                     |
[2023-02-14 02:12:33,369] [builder.py:1982]           [INFO]     | Fox Collection | ? | Fortune Hunter (TVDB: 76693)                                                  |
[2023-02-14 02:12:33,580] [builder.py:1982]           [INFO]     | Fox Collection | ? | Coupled (TVDB: 310445)                                                        |
[2023-02-14 02:12:33,733] [builder.py:1982]           [INFO]     | Fox Collection | ? | Anything for Love (TVDB: 389285)                                              |
[2023-02-14 02:12:33,969] [builder.py:1982]           [INFO]     | Fox Collection | ? | Bullseye (2015) (TVDB: 294129)                                                |
[2023-02-14 02:12:34,131] [builder.py:1982]           [INFO]     | Fox Collection | ? | Red Planet (TVDB: 298240)                                                     |
[2023-02-14 02:12:34,420] [builder.py:1982]           [INFO]     | Fox Collection | ? | Joe Millionaire (TVDB: 71795)                                                 |
[2023-02-14 02:12:34,639] [builder.py:1982]           [INFO]     | Fox Collection | ? | Living in Captivity (TVDB: 77125)                                             |
[2023-02-14 02:12:34,863] [builder.py:1982]           [INFO]     | Fox Collection | ? | Women in Prison (TVDB: 73773)                                                 |
[2023-02-14 02:12:35,044] [builder.py:1982]           [INFO]     | Fox Collection | ? | 30 Seconds to Fame (TVDB: 71123)                                              |
[2023-02-14 02:12:35,248] [builder.py:1982]           [INFO]     | Fox Collection | ? | Cracking Up (TVDB: 72121)                                                     |
[2023-02-14 02:12:35,490] [builder.py:1982]           [INFO]     | Fox Collection | ? | Costello (TVDB: 75027)                                                        |
[2023-02-14 02:12:35,676] [builder.py:1982]           [INFO]     | Fox Collection | ? | The Chevy Chase Show (TVDB: 76826)                                            |
[2023-02-14 02:12:35,874] [builder.py:1982]           [INFO]     | Fox Collection | ? | Faceless (TVDB: 79650)                                                        |
[2023-02-14 02:12:36,084] [builder.py:1982]           [INFO]     | Fox Collection | ? | Murder in Small Town X (TVDB: 76734)                                          |
[2023-02-14 02:12:36,302] [builder.py:1982]           [INFO]     | Fox Collection | ? | 413 Hope St. (TVDB: 78353)                                                    |
[2023-02-14 02:12:36,514] [builder.py:1982]           [INFO]     | Fox Collection | ? | House of Buggin' (TVDB: 77095)                                                |
[2023-02-14 02:12:36,728] [builder.py:1982]           [INFO]     | Fox Collection | ? | Love and Marriage (TVDB: 73511)                                               |
[2023-02-14 02:12:36,906] [builder.py:1982]           [INFO]     | Fox Collection | ? | Bedrock (TVDB: 427109)                                                        |
[2023-02-14 02:12:37,091] [builder.py:1982]           [INFO]     | Fox Collection | ? | Boom! (TVDB: 294217)                                                          |
[2023-02-14 02:12:37,290] [builder.py:1982]           [INFO]     | Fox Collection | ? | Mobbed (TVDB: 241421)                                                         |
[2023-02-14 02:12:37,487] [builder.py:1982]           [INFO]     | Fox Collection | ? | Million Dollar Money Drop (TVDB: 216951)                                      |
[2023-02-14 02:12:37,671] [builder.py:1982]           [INFO]     | Fox Collection | ? | Molloy (TVDB: 76801)                                                          |
[2023-02-14 02:12:37,854] [builder.py:1982]           [INFO]     | Fox Collection | ? | PokerStars.Net Million Dollar Challenge (TVDB: 118741)                        |
[2023-02-14 02:12:38,050] [builder.py:1982]           [INFO]     | Fox Collection | ? | Incredible Crash Dummies (TVDB: 73198)                                        |
[2023-02-14 02:12:38,228] [builder.py:1982]           [INFO]     | Fox Collection | ? | Vor-Tech: Undercover Conversion Squad (TVDB: 395469)                          |
[2023-02-14 02:12:38,510] [builder.py:1982]           [INFO]     | Fox Collection | ? | Chop Cut Rebuild (TVDB: 73998)                                                |
[2023-02-14 02:12:38,706] [builder.py:1982]           [INFO]     | Fox Collection | ? | Utopia (US) (TVDB: 282654)                                                    |
[2023-02-14 02:12:38,923] [builder.py:1982]           [INFO]     | Fox Collection | ? | A.J.'s Time Travelers (TVDB: 70650)                                           |
[2023-02-14 02:12:39,123] [builder.py:1982]           [INFO]     | Fox Collection | ? | Hardliners (TVDB: 228051)                                                     |
[2023-02-14 02:12:39,357] [builder.py:1982]           [INFO]     | Fox Collection | ? | Charlie Hoover (TVDB: 73777)                                                  |
[2023-02-14 02:12:39,564] [builder.py:1982]           [INFO]     | Fox Collection | ? | Tribeca (TVDB: 72618)                                                         |
[2023-02-14 02:12:39,763] [builder.py:1982]           [INFO]     | Fox Collection | ? | Labor of Love (TVDB: 381135)                                                  |
[2023-02-14 02:12:39,936] [builder.py:1982]           [INFO]     | Fox Collection | ? | Anchorwoman (TVDB: 80474)                                                     |
[2023-02-14 02:12:40,175] [builder.py:1982]           [INFO]     | Fox Collection | ? | Playing It Straight (TVDB: 73878)                                             |
[2023-02-14 02:12:40,344] [builder.py:1982]           [INFO]     | Fox Collection | ? | My Kitchen Rules (US) (TVDB: 319280)                                          |
[2023-02-14 02:12:40,565] [builder.py:1982]           [INFO]     | Fox Collection | ? | The Littlest Groom (TVDB: 73835)                                              |
[2023-02-14 02:12:40,751] [builder.py:1982]           [INFO]     | Fox Collection | ? | Pauly (TVDB: 73291)                                                           |
[2023-02-14 02:12:40,994] [builder.py:1982]           [INFO]     | Fox Collection | ? | World's Wildest Police Videos (TVDB: 75626)                                   |
[2023-02-14 02:12:41,184] [builder.py:1982]           [INFO]     | Fox Collection | ? | The World's Funniest Weather (TVDB: 403366)                                   |
[2023-02-14 02:12:41,364] [builder.py:1982]           [INFO]     | Fox Collection | ? | American Chronicles (TVDB: 337654)                                            |
[2023-02-14 02:12:41,661] [builder.py:1982]           [INFO]     | Fox Collection | ? | World Idol (TVDB: 79198)                                                      |
[2023-02-14 02:12:41,817] [builder.py:1982]           [INFO]     | Fox Collection | ? | Universal Basic Guys/The Hoagie Bros (TVDB: 426957)                           |
[2023-02-14 02:12:42,009] [builder.py:1982]           [INFO]     | Fox Collection | ? | Don't Forget the Lyrics  (US) (TVDB: 403126)                                  |
[2023-02-14 02:12:42,191] [builder.py:1982]           [INFO]     | Fox Collection | ? | Game of Talents (US) (TVDB: 392946)                                           |
[2023-02-14 02:12:42,375] [builder.py:1982]           [INFO]     | Fox Collection | ? | You The Jury (TVDB: 325930)                                                   |
[2023-02-14 02:12:42,571] [builder.py:1982]           [INFO]     | Fox Collection | ? | Buried Treasure (2011) (TVDB: 250792)                                         |
[2023-02-14 02:12:42,741] [builder.py:1982]           [INFO]     | Fox Collection | ? | Still Life (TVDB: 411337)                                                     |
[2023-02-14 02:12:42,997] [builder.py:1982]           [INFO]     | Fox Collection | ? | Jim Henson's Animal Show (TVDB: 73658)                                        |
[2023-02-14 02:12:43,226] [builder.py:1982]           [INFO]     | Fox Collection | ? | Boys Will Be Boys (TVDB: 76880)                                               |
[2023-02-14 02:12:43,405] [builder.py:1982]           [INFO]     | Fox Collection | ? | Zazoo U (TVDB: 311331)                                                        |
[2023-02-14 02:12:43,640] [builder.py:1982]           [INFO]     | Fox Collection | ? | Looking for Love: Bachelorettes in Alaska (TVDB: 70902)                       |
[2023-02-14 02:12:43,863] [builder.py:1982]           [INFO]     | Fox Collection | ? | Performing As (TVDB: 73037)                                                   |
[2023-02-14 02:12:44,036] [builder.py:1982]           [INFO]     | Fox Collection | ? | Likely Suspects (TVDB: 77142)                                                 |
[2023-02-14 02:12:44,219] [builder.py:1982]           [INFO]     | Fox Collection | ? | Classmates (TVDB: 389224)                                                     |
[2023-02-14 02:12:44,390] [builder.py:1982]           [INFO]     | Fox Collection | ? | Townsend Television (TVDB: 372067)                                            |
[2023-02-14 02:12:44,600] [builder.py:1982]           [INFO]     | Fox Collection | ? | Medicine Ball (TVDB: 76889)                                                   |
[2023-02-14 02:12:44,825] [builder.py:1982]           [INFO]     | Fox Collection | ? | More to Love (TVDB: 106801)                                                   |
[2023-02-14 02:12:45,006] [builder.py:1982]           [INFO]     | Fox Collection | ? | Osbournes: Reloaded (TVDB: 87281)                                             |
[2023-02-14 02:12:45,213] [builder.py:1982]           [INFO]     | Fox Collection | ? | Danger Theatre (TVDB: 76042)                                                  |
[2023-02-14 02:12:45,375] [builder.py:1982]           [INFO]     | Fox Collection | ? | Nashville (2007) (TVDB: 80535)                                                |
[2023-02-14 02:12:45,524] [builder.py:1982]           [INFO]     | Fox Collection | ? | History of the Oakland Raiders (TVDB: 386923)                                 |
[2023-02-14 02:12:45,802] [builder.py:1982]           [INFO]     | Fox Collection | ? | Xyber 9: New Dawn (TVDB: 73483)                                               |
[2023-02-14 02:12:45,995] [builder.py:1982]           [INFO]     | Fox Collection | ? | Alien Racers (TVDB: 331834)                                                   |
[2023-02-14 02:12:46,190] [builder.py:1982]           [INFO]     | Fox Collection | ? | Party Girl (TVDB: 73394)                                                      |
[2023-02-14 02:12:46,357] [builder.py:1982]           [INFO]     | Fox Collection | ? | Piggsburg Pigs (TVDB: 299632)                                                 |
[2023-02-14 02:12:46,558] [builder.py:1982]           [INFO]     | Fox Collection | ? | Yearbook (TVDB: 78734)                                                        |
[2023-02-14 02:12:46,771] [builder.py:1982]           [INFO]     | Fox Collection | ? | Mr. Personality (TVDB: 72396)                                                 |
[2023-02-14 02:12:46,977] [builder.py:1982]           [INFO]     | Fox Collection | ? | My Big Fat Obnoxious Fiance (TVDB: 73618)                                     |
[2023-02-14 02:12:47,189] [builder.py:1982]           [INFO]     | Fox Collection | ? | The Sunday Comics (TVDB: 414777)                                              |
[2023-02-14 02:12:47,348] [builder.py:1982]           [INFO]     | Fox Collection | ? | Forever Eden (TVDB: 80291)                                                    |
[2023-02-14 02:12:47,539] [builder.py:1982]           [INFO]     | Fox Collection | ? | The Plucky Duck Show (TVDB: 71374)                                            |
[2023-02-14 02:12:47,741] [builder.py:1982]           [INFO]     | Fox Collection | ? | Renovate My Family (TVDB: 74848)                                              |
[2023-02-14 02:12:47,934] [builder.py:1982]           [INFO]     | Fox Collection | ? | America’s Big Deal (TVDB: 411468)                                             |
[2023-02-14 02:12:48,125] [builder.py:1982]           [INFO]     | Fox Collection | ? | Love Cruise: The Maiden Voyage (TVDB: 77117)                                  |
[2023-02-14 02:12:48,340] [builder.py:1982]           [INFO]     | Fox Collection | ? | Time Warped (TVDB: 82621)                                                     |
[2023-02-14 02:12:48,641] [builder.py:1982]           [INFO]     | Fox Collection | ? | My Big Fat Obnoxious Boss (TVDB: 75202)                                       |
[2023-02-14 02:12:48,890] [builder.py:1982]           [INFO]     | Fox Collection | ? | Trading Spouses (TVDB: 74780)                                                 |
[2023-02-14 02:12:48,890] [builder.py:1986]           [INFO]     |                                                                                                    |
[2023-02-14 02:12:48,890] [builder.py:1987]           [INFO]     | 534 Shows Missing                                                                                  |
[2023-02-14 02:12:49,284] [builder.py:2147]           [INFO]     |                                                                                                    |
[2023-02-14 02:12:49,285] [util.py:216]               [INFO]     |================================ Updating Details of Fox Collection ================================|
[2023-02-14 02:12:49,285] [builder.py:2149]           [INFO]     |                                                                                                    |
[2023-02-14 02:12:49,294] [builder.py:2258]           [DEBUG]    | 1 posters found:                                                                                   |
[2023-02-14 02:12:49,294] [builder.py:2260]           [DEBUG]    | Method: url_poster Poster: https://theposterdb.com/api/assets/48747                                |
[2023-02-14 02:12:49,294] [builder.py:2327]           [INFO]     | No background collection detail or asset folder found                                              |
[2023-02-14 02:12:49,296] [library.py:147]            [INFO]     | Detail: poster update not needed                                                                   |
[2023-02-14 02:12:49,375] [plex_meta_manager.py:880]  [INFO]     |                                                                                                    |
[2023-02-14 02:12:49,375] [util.py:209]               [INFO]     |====================================================================================================|
[2023-02-14 02:12:49,376] [util.py:216]               [INFO]     |                                      Finished Fox Collection                                       |
[2023-02-14 02:12:49,376] [util.py:216]               [INFO]     |                                    Collection Run Time: 0:02:52                                    |
[2023-02-14 02:12:49,376] [util.py:220]               [INFO]     |====================================================================================================|
