[2023-01-31 10:56:41,133] [util.py:209]               [INFO]     |====================================================================================================|
[2023-01-31 10:56:41,133] [plex_meta_manager.py:134]  [INFO]     |                                                                                                    |
[2023-01-31 10:56:41,133] [plex_meta_manager.py:135]  [INFO]     |        ____  _             __  __      _          __  __                                           |
[2023-01-31 10:56:41,134] [plex_meta_manager.py:136]  [INFO]     |       |  _ \| | _____  __ |  \/  | ___| |_ __ _  |  \/  | __ _ _ __   __ _  __ _  ___ _ __         |
[2023-01-31 10:56:41,134] [plex_meta_manager.py:137]  [INFO]     |       | |_) | |/ _ \ \/ / | |\/| |/ _ \ __/ _` | | |\/| |/ _` | '_ \ / _` |/ _` |/ _ \ '__|        |
[2023-01-31 10:56:41,134] [plex_meta_manager.py:138]  [INFO]     |       |  __/| |  __/>  <  | |  | |  __/ || (_| | | |  | | (_| | | | | (_| | (_| |  __/ |           |
[2023-01-31 10:56:41,134] [plex_meta_manager.py:139]  [INFO]     |       |_|   |_|\___/_/\_\ |_|  |_|\___|\__\__,_| |_|  |_|\__,_|_| |_|\__,_|\__, |\___|_|           |
[2023-01-31 10:56:41,135] [plex_meta_manager.py:140]  [INFO]     |                                                                            |___/                   |
[2023-01-31 10:56:41,135] [plex_meta_manager.py:141]  [INFO]     |     Version: 1.15.0                                                                                |
[2023-01-31 10:56:41,135] [util.py:207]               [DEBUG]    |====================================================================================================|
[2023-01-31 10:56:41,135] [plex_meta_manager.py:152]  [DEBUG]    | --config (PMM_CONFIG): None                                                                        |
[2023-01-31 10:56:41,135] [plex_meta_manager.py:153]  [DEBUG]    | --time (PMM_TIME): 03:00                                                                           |
[2023-01-31 10:56:41,135] [plex_meta_manager.py:154]  [DEBUG]    | --run (PMM_RUN): True                                                                              |
[2023-01-31 10:56:41,136] [plex_meta_manager.py:155]  [DEBUG]    | --run-tests (PMM_TEST): False                                                                      |
[2023-01-31 10:56:41,136] [plex_meta_manager.py:156]  [DEBUG]    | --collections-only (PMM_COLLECTIONS_ONLY): False                                                   |
[2023-01-31 10:56:41,136] [plex_meta_manager.py:157]  [DEBUG]    | --libraries-only (PMM_LIBRARIES_ONLY): False                                                       |
[2023-01-31 10:56:41,136] [plex_meta_manager.py:158]  [DEBUG]    | --libraries-first (PMM_LIBRARIES_FIRST): False                                                     |
[2023-01-31 10:56:41,136] [plex_meta_manager.py:159]  [DEBUG]    | --run-collections (PMM_COLLECTIONS): None                                                          |
[2023-01-31 10:56:41,136] [plex_meta_manager.py:160]  [DEBUG]    | --run-libraries (PMM_LIBRARIES): None                                                              |
[2023-01-31 10:56:41,136] [plex_meta_manager.py:161]  [DEBUG]    | --ignore-schedules (PMM_IGNORE_SCHEDULES): False                                                   |
[2023-01-31 10:56:41,137] [plex_meta_manager.py:162]  [DEBUG]    | --delete-collections (PMM_DELETE_COLLECTIONS): False                                               |
[2023-01-31 10:56:41,137] [plex_meta_manager.py:163]  [DEBUG]    | --resume (PMM_RESUME): None                                                                        |
[2023-01-31 10:56:41,137] [plex_meta_manager.py:164]  [DEBUG]    | --no-countdown (PMM_NO_COUNTDOWN): False                                                           |
[2023-01-31 10:56:41,137] [plex_meta_manager.py:165]  [DEBUG]    | --no-missing (PMM_NO_MISSING): False                                                               |
[2023-01-31 10:56:41,137] [plex_meta_manager.py:166]  [DEBUG]    | --read-only-config (PMM_READ_ONLY_CONFIG): False                                                   |
[2023-01-31 10:56:41,137] [plex_meta_manager.py:167]  [DEBUG]    | --divider (PMM_DIVIDER): =                                                                         |
[2023-01-31 10:56:41,138] [plex_meta_manager.py:168]  [DEBUG]    | --width (PMM_WIDTH): 100                                                                           |
[2023-01-31 10:56:41,138] [plex_meta_manager.py:169]  [DEBUG]    | --debug (PMM_DEBUG): False                                                                         |
[2023-01-31 10:56:41,138] [plex_meta_manager.py:170]  [DEBUG]    | --trace (PMM_TRACE): False                                                                         |
[2023-01-31 10:56:41,138] [plex_meta_manager.py:171]  [DEBUG]    |                                                                                                    |
[2023-01-31 10:56:41,138] [util.py:209]               [INFO]     |====================================================================================================|
[2023-01-31 10:56:41,138] [util.py:216]               [INFO]     |                                            Starting Run                                            |
[2023-01-31 10:56:41,139] [util.py:220]               [INFO]     |====================================================================================================|
[2023-01-31 10:56:41,139] [config.py:37]              [INFO]     | Locating config...                                                                                 |
[2023-01-31 10:56:41,139] [config.py:43]              [INFO]     | Using C:\Plex-Stack\Plex-Meta-Manager\config\config.yml as config                                  |
[2023-01-31 10:56:41,178] [util.py:209]               [INFO]     |====================================================================================================|
[2023-01-31 10:56:41,180] [cache.py:17]               [INFO]     | Initializing cache database at C:\Plex-Stack\Plex-Meta-Manager\config\config.cache                 |
[2023-01-31 10:56:41,181] [util.py:209]               [INFO]     |====================================================================================================|
[2023-01-31 10:56:41,181] [config.py:313]             [INFO]     | Connecting to Notifiarr...                                                                         |
[2023-01-31 10:56:41,182] [util.py:162]               [DEBUG]    | Traceback (most recent call last):                                                                 |
                                                                 |   File "C:\Plex-Stack\Plex-Meta-Manager\modules\config.py", line 316, in __init__
                                                                 |     "apikey": check_for_attribute(self.data, "apikey", parent="notifiarr", throw=True),
                                                                 |   File "C:\Plex-Stack\Plex-Meta-Manager\modules\config.py", line 251, in check_for_attribute
                                                                 |     raise Failed(f"Config Error: {message}")
                                                                 | modules.util.Failed: Config Error: notifiarr sub-attribute apikey is blank
                                                                 | 
[2023-01-31 10:56:41,183] [config.py:322]             [ERROR]    | Config Error: notifiarr sub-attribute apikey is blank
[2023-01-31 10:56:41,184] [config.py:323]             [INFO]     | Notifiarr Connection Failed
[2023-01-31 10:56:41,184] [util.py:209]               [INFO]     |====================================================================================================|
[2023-01-31 10:56:41,184] [config.py:341]             [INFO]     | Connecting to TMDb...                                                                              |
[2023-01-31 10:56:41,236] [config.py:346]             [INFO]     | TMDb Connection Successful                                                                         |
[2023-01-31 10:56:41,237] [util.py:209]               [INFO]     |====================================================================================================|
[2023-01-31 10:56:41,237] [config.py:354]             [INFO]     | Connecting to OMDb...                                                                              |
[2023-01-31 10:56:41,237] [config.py:359]             [ERROR]    | Config Error: omdb sub-attribute apikey is blank                                                   |
[2023-01-31 10:56:41,237] [config.py:360]             [INFO]     | OMDb Connection Failed                                                                             |
[2023-01-31 10:56:41,238] [util.py:209]               [INFO]     |====================================================================================================|
[2023-01-31 10:56:41,238] [config.py:368]             [INFO]     | Connecting to Trakt...                                                                             |
[2023-01-31 10:56:41,371] [config.py:379]             [INFO]     | Trakt Connection Successful                                                                        |
[2023-01-31 10:56:41,372] [util.py:209]               [INFO]     |====================================================================================================|
[2023-01-31 10:56:41,372] [config.py:387]             [INFO]     | Connecting to My Anime List...                                                                     |
[2023-01-31 10:56:41,656] [config.py:398]             [INFO]     | My Anime List Connection Successful                                                                |
[2023-01-31 10:56:41,656] [util.py:209]               [INFO]     |====================================================================================================|
[2023-01-31 10:56:41,657] [config.py:405]             [INFO]     | Connecting to AniDB...                                                                             |
[2023-01-31 10:56:42,238] [config.py:413]             [ERROR]    | AniDB Error: Login failed                                                                          |
[2023-01-31 10:56:42,238] [config.py:414]             [INFO]     | My Anime List Connection Successful                                                                |
[2023-01-31 10:56:42,239] [util.py:209]               [INFO]     |====================================================================================================|
[2023-01-31 10:56:42,239] [config.py:466]             [WARNING]  | playlist_files attribute not found                                                                 |
[2023-01-31 10:56:42,239] [util.py:209]               [INFO]     |====================================================================================================|
[2023-01-31 10:56:42,239] [config.py:486]             [INFO]     | Connecting to Plex Libraries...                                                                    |
[2023-01-31 10:56:42,240] [util.py:162]               [DEBUG]    | Config Warning: sonarr sub-attribute monitor: True is an invalid input using all as default        |
[2023-01-31 10:56:42,240] [util.py:162]               [DEBUG]    |     all (Monitor all episodes except specials)
                                                                 |     future (Monitor episodes that have not aired yet)
                                                                 |     missing (Monitor episodes that do not have files or have not aired yet)
                                                                 |     existing (Monitor episodes that have files or have not aired yet)
                                                                 |     pilot (Monitor the first episode. All other episodes will be ignored)
                                                                 |     first (Monitor all episodes of the first season. All other seasons will be ignored)
                                                                 |     latest (Monitor all episodes of the latest season and future seasons)
                                                                 |     none (No episodes will be monitored)
[2023-01-31 10:56:42,241] [util.py:209]               [INFO]     |====================================================================================================|
[2023-01-31 10:56:42,241] [util.py:216]               [INFO]     |                                        Anime Configuration                                         |
[2023-01-31 10:56:42,241] [util.py:220]               [INFO]     |====================================================================================================|
[2023-01-31 10:56:42,242] [config.py:553]             [INFO]     |                                                                                                    |
[2023-01-31 10:56:42,242] [config.py:554]             [INFO]     | Connecting to Anime Library...                                                                     |
[2023-01-31 10:56:42,242] [util.py:162]               [DEBUG]    | Config Warning: missing_path attribute not found using None as default                             |
[2023-01-31 10:56:42,250] [meta.py:227]               [INFO]     | 
[2023-01-31 10:56:42,250] [meta.py:228]               [INFO]     | Loading Metadata File: config/Anime.yml
[2023-01-31 10:56:42,325] [meta.py:236]               [INFO]     | Metadata File Loaded Successfully
[2023-01-31 10:56:42,325] [library.py:123]            [INFO]     | 
[2023-01-31 10:56:42,325] [library.py:125]            [INFO]     | Using Asset Directory: config/assets
[2023-01-31 10:56:42,326] [plex.py:386]               [INFO]     | 
[2023-01-31 10:56:42,333] [config.py:748]             [INFO]     | Anime Library Connection Successful
[2023-01-31 10:56:42,333] [config.py:758]             [INFO]     | 
[2023-01-31 10:56:42,334] [util.py:216]               [INFO]     |======================================= Radarr Configuration =======================================|
[2023-01-31 10:56:42,334] [config.py:760]             [INFO]     |                                                                                                    |
[2023-01-31 10:56:42,334] [config.py:761]             [INFO]     | Connecting to Anime library's Radarr...                                                            |
[2023-01-31 10:56:42,335] [config.py:762]             [INFO]     |                                                                                                    |
[2023-01-31 10:56:42,384] [config.py:783]             [INFO]     | Anime library's Radarr Connection Successful                                                       |
[2023-01-31 10:56:42,385] [config.py:786]             [INFO]     |                                                                                                    |
[2023-01-31 10:56:42,385] [util.py:216]               [INFO]     |======================================= Sonarr Configuration =======================================|
[2023-01-31 10:56:42,386] [config.py:788]             [INFO]     |                                                                                                    |
[2023-01-31 10:56:42,386] [config.py:789]             [INFO]     | Connecting to Anime library's Sonarr...                                                            |
[2023-01-31 10:56:42,387] [config.py:790]             [INFO]     |                                                                                                    |
[2023-01-31 10:56:42,401] [config.py:814]             [INFO]     | Anime library's Sonarr Connection Successful                                                       |
[2023-01-31 10:56:42,401] [config.py:817]             [INFO]     |                                                                                                    |
[2023-01-31 10:56:42,401] [util.py:216]               [INFO]     |====================================== Tautulli Configuration ======================================|
[2023-01-31 10:56:42,402] [config.py:819]             [INFO]     |                                                                                                    |
[2023-01-31 10:56:42,402] [config.py:820]             [INFO]     | Connecting to Anime library's Tautulli...                                                          |
[2023-01-31 10:56:42,402] [config.py:821]             [INFO]     |                                                                                                    |
[2023-01-31 10:56:42,403] [util.py:162]               [DEBUG]    | Traceback (most recent call last):                                                                 |
                                                                 |   File "C:\Plex-Stack\Plex-Meta-Manager\modules\config.py", line 825, in __init__
                                                                 |     "apikey": check_for_attribute(lib, "apikey", parent="tautulli", default=self.general["tautulli"]["apikey"], req_default=True, save=False)
                                                                 |   File "C:\Plex-Stack\Plex-Meta-Manager\modules\config.py", line 241, in check_for_attribute
                                                                 |     raise Failed(f"Config Error: {attribute} attribute must be set under {parent} globally or under this specific Library")
                                                                 | modules.util.Failed: Config Error: apikey attribute must be set under tautulli globally or under this specific Library
                                                                 | 
[2023-01-31 10:56:42,404] [util.py:159]               [ERROR]    | Config Error: apikey attribute must be set under tautulli globally or under this specific Library
[2023-01-31 10:56:42,404] [config.py:831]             [INFO]     | 
[2023-01-31 10:56:42,404] [config.py:832]             [INFO]     | Anime library's Tautulli Connection Failed
[2023-01-31 10:56:42,405] [config.py:836]             [INFO]     | 
[2023-01-31 10:56:42,405] [util.py:209]               [INFO]     |====================================================================================================|
[2023-01-31 10:56:42,406] [util.py:216]               [INFO]     |                                       TV Shows Configuration                                       |
[2023-01-31 10:56:42,406] [util.py:220]               [INFO]     |====================================================================================================|
[2023-01-31 10:56:42,406] [config.py:553]             [INFO]     |                                                                                                    |
[2023-01-31 10:56:42,407] [config.py:554]             [INFO]     | Connecting to TV Shows Library...                                                                  |
[2023-01-31 10:56:42,407] [util.py:162]               [DEBUG]    | Config Warning: missing_path attribute not found using None as default                             |
[2023-01-31 10:56:42,408] [meta.py:227]               [INFO]     | 
[2023-01-31 10:56:42,408] [meta.py:228]               [INFO]     | Loading Metadata File: config/TV_Shows.yml
[2023-01-31 10:56:42,445] [meta.py:236]               [INFO]     | Metadata File Loaded Successfully
[2023-01-31 10:56:42,446] [meta.py:227]               [INFO]     | 
[2023-01-31 10:56:42,447] [meta.py:228]               [INFO]     | Loading Metadata File: config/Overlays.yml
[2023-01-31 10:56:42,451] [meta.py:236]               [INFO]     | Metadata File Loaded Successfully
[2023-01-31 10:56:42,451] [library.py:123]            [INFO]     | 
[2023-01-31 10:56:42,451] [library.py:125]            [INFO]     | Using Asset Directory: config/assets
[2023-01-31 10:56:42,452] [plex.py:386]               [INFO]     | 
[2023-01-31 10:56:42,458] [config.py:748]             [INFO]     | TV Shows Library Connection Successful
[2023-01-31 10:56:42,458] [config.py:758]             [INFO]     | 
[2023-01-31 10:56:42,459] [util.py:216]               [INFO]     |======================================= Radarr Configuration =======================================|
[2023-01-31 10:56:42,460] [config.py:760]             [INFO]     |                                                                                                    |
[2023-01-31 10:56:42,460] [config.py:761]             [INFO]     | Connecting to TV Shows library's Radarr...                                                         |
[2023-01-31 10:56:42,461] [config.py:762]             [INFO]     |                                                                                                    |
[2023-01-31 10:56:42,496] [config.py:783]             [INFO]     | TV Shows library's Radarr Connection Successful                                                    |
[2023-01-31 10:56:42,496] [config.py:786]             [INFO]     |                                                                                                    |
[2023-01-31 10:56:42,497] [util.py:216]               [INFO]     |======================================= Sonarr Configuration =======================================|
[2023-01-31 10:56:42,497] [config.py:788]             [INFO]     |                                                                                                    |
[2023-01-31 10:56:42,497] [config.py:789]             [INFO]     | Connecting to TV Shows library's Sonarr...                                                         |
[2023-01-31 10:56:42,498] [config.py:790]             [INFO]     |                                                                                                    |
[2023-01-31 10:56:42,515] [config.py:814]             [INFO]     | TV Shows library's Sonarr Connection Successful                                                    |
[2023-01-31 10:56:42,515] [config.py:817]             [INFO]     |                                                                                                    |
[2023-01-31 10:56:42,516] [util.py:216]               [INFO]     |====================================== Tautulli Configuration ======================================|
[2023-01-31 10:56:42,516] [config.py:819]             [INFO]     |                                                                                                    |
[2023-01-31 10:56:42,517] [config.py:820]             [INFO]     | Connecting to TV Shows library's Tautulli...                                                       |
[2023-01-31 10:56:42,517] [config.py:821]             [INFO]     |                                                                                                    |
[2023-01-31 10:56:42,517] [util.py:162]               [DEBUG]    | Traceback (most recent call last):                                                                 |
                                                                 |   File "C:\Plex-Stack\Plex-Meta-Manager\modules\config.py", line 825, in __init__
                                                                 |     "apikey": check_for_attribute(lib, "apikey", parent="tautulli", default=self.general["tautulli"]["apikey"], req_default=True, save=False)
                                                                 |   File "C:\Plex-Stack\Plex-Meta-Manager\modules\config.py", line 241, in check_for_attribute
                                                                 |     raise Failed(f"Config Error: {attribute} attribute must be set under {parent} globally or under this specific Library")
                                                                 | modules.util.Failed: Config Error: apikey attribute must be set under tautulli globally or under this specific Library
                                                                 | 
[2023-01-31 10:56:42,519] [util.py:159]               [ERROR]    | Config Error: apikey attribute must be set under tautulli globally or under this specific Library
[2023-01-31 10:56:42,519] [config.py:831]             [INFO]     | 
[2023-01-31 10:56:42,519] [config.py:832]             [INFO]     | TV Shows library's Tautulli Connection Failed
[2023-01-31 10:56:42,519] [config.py:836]             [INFO]     | 
[2023-01-31 10:56:42,520] [util.py:209]               [INFO]     |====================================================================================================|
[2023-01-31 10:56:42,520] [config.py:842]             [INFO]     | 2 Plex Library Connections Successful                                                              |
[2023-01-31 10:56:42,521] [util.py:209]               [INFO]     |====================================================================================================|
[2023-01-31 10:56:42,523] [plex_meta_manager.py:216]  [INFO]     |                                                                                                    |
[2023-01-31 10:56:42,523] [util.py:209]               [INFO]     |====================================================================================================|
[2023-01-31 10:56:42,524] [util.py:216]               [INFO]     |                                           Anime Library                                            |
[2023-01-31 10:56:42,524] [util.py:220]               [INFO]     |====================================================================================================|
[2023-01-31 10:56:42,524] [plex_meta_manager.py:222]  [DEBUG]    |                                                                                                    |
[2023-01-31 10:56:42,525] [plex_meta_manager.py:223]  [DEBUG]    | Mapping Name: Anime                                                                                |
[2023-01-31 10:56:42,525] [plex_meta_manager.py:224]  [DEBUG]    | Folder Name: Anime                                                                                 |
[2023-01-31 10:56:42,525] [plex_meta_manager.py:225]  [DEBUG]    | Missing Path: C:\Plex-Stack\Plex-Meta-Manager\config\Anime_missing.yml                             |
[2023-01-31 10:56:42,526] [plex_meta_manager.py:227]  [DEBUG]    | Asset Directory: config/assets                                                                     |
[2023-01-31 10:56:42,526] [plex_meta_manager.py:228]  [DEBUG]    | Asset Folders: False                                                                               |
[2023-01-31 10:56:42,526] [plex_meta_manager.py:229]  [DEBUG]    | Create Asset Folders: False                                                                        |
[2023-01-31 10:56:42,526] [plex_meta_manager.py:230]  [DEBUG]    | Download URL Assets: False                                                                         |
[2023-01-31 10:56:42,527] [plex_meta_manager.py:231]  [DEBUG]    | Sync Mode: append                                                                                  |
[2023-01-31 10:56:42,527] [plex_meta_manager.py:232]  [DEBUG]    | Collection Minimum: 1                                                                              |
[2023-01-31 10:56:42,527] [plex_meta_manager.py:233]  [DEBUG]    | Delete Below Minimum: True                                                                         |
[2023-01-31 10:56:42,528] [plex_meta_manager.py:234]  [DEBUG]    | Delete Not Scheduled: False                                                                        |
[2023-01-31 10:56:42,528] [plex_meta_manager.py:235]  [DEBUG]    | Default Collection Order: release                                                                  |
[2023-01-31 10:56:42,528] [plex_meta_manager.py:236]  [DEBUG]    | Missing Only Released: False                                                                       |
[2023-01-31 10:56:42,529] [plex_meta_manager.py:237]  [DEBUG]    | Only Filter Missing: False                                                                         |
[2023-01-31 10:56:42,529] [plex_meta_manager.py:238]  [DEBUG]    | Show Unmanaged: True                                                                               |
[2023-01-31 10:56:42,529] [plex_meta_manager.py:239]  [DEBUG]    | Show Filtered: False                                                                               |
[2023-01-31 10:56:42,530] [plex_meta_manager.py:240]  [DEBUG]    | Show Missing: True                                                                                 |
[2023-01-31 10:56:42,530] [plex_meta_manager.py:241]  [DEBUG]    | Show Missing Assets: False                                                                         |
[2023-01-31 10:56:42,530] [plex_meta_manager.py:242]  [DEBUG]    | Save Missing: True                                                                                 |
[2023-01-31 10:56:42,531] [plex_meta_manager.py:243]  [DEBUG]    | Clean Bundles: False                                                                               |
[2023-01-31 10:56:42,531] [plex_meta_manager.py:244]  [DEBUG]    | Empty Trash: False                                                                                 |
[2023-01-31 10:56:42,532] [plex_meta_manager.py:245]  [DEBUG]    | Optimize: False                                                                                    |
[2023-01-31 10:56:42,532] [plex_meta_manager.py:246]  [DEBUG]    | Timeout: 60                                                                                        |
[2023-01-31 10:56:42,532] [plex_meta_manager.py:256]  [INFO]     |                                                                                                    |
[2023-01-31 10:56:42,533] [util.py:216]               [INFO]     |====================================== Mapping Anime Library =======================================|
[2023-01-31 10:56:42,533] [plex_meta_manager.py:258]  [INFO]     |                                                                                                    |
[2023-01-31 10:56:42,533] [plex.py:456]               [INFO]     | Loading All Shows from Library: Anime                                                              |
[2023-01-31 10:56:42,668] [plex.py:465]               [INFO]     | Loaded 148 Shows                                                                                   |
[2023-01-31 10:56:42,669] [library.py:248]            [INFO]     | Mapping Show Library: Anime                                                                        |
[2023-01-31 10:56:42,669] [library.py:249]            [INFO]     |                                                                                                    |
[2023-01-31 10:56:42,748] [library.py:263]            [INFO]     |                                                                                                    |
[2023-01-31 10:56:42,748] [library.py:264]            [INFO]     | Processed 148 Shows                                                                                |
[2023-01-31 10:56:42,749] [plex_meta_manager.py:261]  [INFO]     |                                                                                                    |
[2023-01-31 10:56:42,750] [util.py:209]               [INFO]     |====================================================================================================|
[2023-01-31 10:56:42,750] [util.py:216]               [INFO]     |                                       Running Metadata File                                        |
[2023-01-31 10:56:42,750] [util.py:216]               [INFO]     |                                          config/Anime.yml                                          |
[2023-01-31 10:56:42,751] [util.py:220]               [INFO]     |====================================================================================================|
[2023-01-31 10:56:42,752] [plex_meta_manager.py:275]  [INFO]     |                                                                                                    |
[2023-01-31 10:56:42,752] [util.py:209]               [INFO]     |====================================================================================================|
[2023-01-31 10:56:42,753] [util.py:216]               [INFO]     |                                            Collections                                             |
[2023-01-31 10:56:42,753] [util.py:220]               [INFO]     |====================================================================================================|
[2023-01-31 10:56:42,755] [plex_meta_manager.py:708]  [INFO]     |                                                                                                    |
[2023-01-31 10:56:42,757] [util.py:209]               [INFO]     |====================================================================================================|
[2023-01-31 10:56:42,758] [util.py:216]               [INFO]     |                             Jack's Favorite Anime Collection in Anime                              |
[2023-01-31 10:56:42,758] [util.py:220]               [INFO]     |====================================================================================================|
[2023-01-31 10:56:42,758] [plex_meta_manager.py:750]  [INFO]     |                                                                                                    |
[2023-01-31 10:56:42,759] [util.py:216]               [INFO]     |=========================== Validating Jack's Favorite Anime Attributes ============================|
[2023-01-31 10:56:42,759] [builder.py:330]            [DEBUG]    |                                                                                                    |
[2023-01-31 10:56:42,759] [builder.py:331]            [DEBUG]    | Validating Method: sync_mode                                                                       |
[2023-01-31 10:56:42,760] [builder.py:335]            [DEBUG]    | Value: sync                                                                                        |
[2023-01-31 10:56:42,760] [builder.py:453]            [DEBUG]    |                                                                                                    |
[2023-01-31 10:56:42,760] [builder.py:454]            [DEBUG]    | Validating Method: collection_order                                                                |
[2023-01-31 10:56:42,761] [builder.py:455]            [DEBUG]    | Value: custom                                                                                      |
[2023-01-31 10:56:42,761] [builder.py:472]            [DEBUG]    |                                                                                                    |
[2023-01-31 10:56:42,761] [builder.py:473]            [DEBUG]    | Validating Method: sort_title                                                                      |
[2023-01-31 10:56:42,762] [builder.py:474]            [DEBUG]    | Value: ++++++_Completed                                                                            |
[2023-01-31 10:56:42,762] [builder.py:472]            [DEBUG]    |                                                                                                    |
[2023-01-31 10:56:42,762] [builder.py:473]            [DEBUG]    | Validating Method: mal_userlist                                                                    |
[2023-01-31 10:56:42,762] [builder.py:474]            [DEBUG]    | Value: ordereddict([('username', 'JCH0tsh0t'), ('status', 'completed'), ('sort_by', 'score'), ('limit', 40)]) |
[2023-01-31 10:56:42,763] [builder.py:472]            [DEBUG]    |                                                                                                    |
[2023-01-31 10:56:42,763] [builder.py:473]            [DEBUG]    | Validating Method: visible_home                                                                    |
[2023-01-31 10:56:42,763] [builder.py:474]            [DEBUG]    | Value: True                                                                                        |
[2023-01-31 10:56:42,763] [builder.py:472]            [DEBUG]    |                                                                                                    |
[2023-01-31 10:56:42,764] [builder.py:473]            [DEBUG]    | Validating Method: visible_library                                                                 |
[2023-01-31 10:56:42,764] [builder.py:474]            [DEBUG]    | Value: True                                                                                        |
[2023-01-31 10:56:42,764] [builder.py:472]            [DEBUG]    |                                                                                                    |
[2023-01-31 10:56:42,764] [builder.py:473]            [DEBUG]    | Validating Method: sonarr_add_existing                                                             |
[2023-01-31 10:56:42,765] [builder.py:474]            [DEBUG]    | Value: True                                                                                        |
[2023-01-31 10:56:42,765] [builder.py:472]            [DEBUG]    |                                                                                                    |
[2023-01-31 10:56:42,765] [builder.py:473]            [DEBUG]    | Validating Method: sonarr_add_missing                                                              |
[2023-01-31 10:56:42,766] [builder.py:474]            [DEBUG]    | Value: True                                                                                        |
[2023-01-31 10:56:42,794] [builder.py:619]            [INFO]     |                                                                                                    |
[2023-01-31 10:56:42,795] [builder.py:620]            [INFO]     | Validation Successful                                                                              |
[2023-01-31 10:56:42,796] [plex_meta_manager.py:758]  [INFO]     |                                                                                                    |
[2023-01-31 10:56:42,796] [util.py:216]               [INFO]     |============================= Running Jack's Favorite Anime Collection =============================|
[2023-01-31 10:56:42,797] [plex_meta_manager.py:773]  [INFO]     |                                                                                                    |
[2023-01-31 10:56:42,797] [plex_meta_manager.py:774]  [INFO]     | Sync Mode: sync                                                                                    |
[2023-01-31 10:56:42,798] [builder.py:1275]           [DEBUG]    |                                                                                                    |
[2023-01-31 10:56:42,798] [builder.py:1276]           [DEBUG]    | Builder: mal_userlist: {'username': 'JCH0tsh0t', 'status': 'completed', 'sort_by': 'list_score', 'limit': 40} |
[2023-01-31 10:56:42,798] [builder.py:1277]           [INFO]     |                                                                                                    |
[2023-01-31 10:56:42,799] [mal.py:237]                [INFO]     | Processing MyAnimeList Userlist: 40 Anime from JCH0tsh0t's Completed list sorted by Score          |
[2023-01-31 10:56:42,928] [mal.py:241]                [DEBUG]    |                                                                                                    |
[2023-01-31 10:56:42,928] [mal.py:242]                [DEBUG]    | 40 MyAnimeList IDs Found: [164, 199, 457, 5114, 9253, 11061, 21329, 21939, 24701, 28171, 28957, 38524, 40028, 40748, 46095, 1, 1535, 2904, 4224, 16498, 20583, 25777, 28891, 30276, 32281, 32935, 33206, 35760, 36949, 38000, 38883, 42203, 42310, 46102, 47778, 48583, 48736, 20, 30, 205] |
[2023-01-31 10:56:43,090] [builder.py:1282]           [DEBUG]    |                                                                                                    |
[2023-01-31 10:56:43,091] [builder.py:1283]           [DEBUG]    | 40 IDs Found: [(128, 'tmdb'), (129, 'tmdb'), (79214, 'tvdb'), (103082, 'ratingKey'), (104627, 'ratingKey'), (105612, 'ratingKey'), (79214, 'tvdb'), (79214, 'tvdb'), (79214, 'tvdb'), (289909, 'tvdb'), (312966, 'tmdb'), (267440, 'tvdb'), (267440, 'tvdb'), (103162, 'ratingKey'), (397774, 'tvdb'), (102957, 'ratingKey'), (102918, 'ratingKey'), (79525, 'tvdb'), (105010, 'ratingKey'), (267440, 'tvdb'), (278157, 'tvdb'), (267440, 'tvdb'), (278157, 'tvdb'), (293088, 'tvdb'), (372058, 'tmdb'), (278157, 'tvdb'), (104117, 'ratingKey'), (267440, 'tvdb'), (289909, 'tvdb'), (348545, 'tvdb'), (278157, 'tvdb'), (105271, 'ratingKey'), (111178, 'ratingKey'), (103919, 'ratingKey'), (348545, 'tvdb'), (267440, 'tvdb'), (103949, 'ratingKey'), (122493, 'ratingKey'), (104645, 'ratingKey'), (104699, 'ratingKey')] |
[2023-01-31 10:56:43,091] [builder.py:1284]           [DEBUG]    |                                                                                                    |
[2023-01-31 10:56:43,389] [builder.py:1697]           [INFO]     |                                                                                                    |
[2023-01-31 10:56:43,390] [util.py:216]               [INFO]     |============================ Adding to Jack's Favorite Anime Collection ============================|
[2023-01-31 10:56:43,391] [builder.py:1699]           [INFO]     |                                                                                                    |
[2023-01-31 10:56:43,391] [builder.py:1709]           [INFO]     |  1/22 | Jack's Favorite Anime Collection | = | Mushishi                                            |
[2023-01-31 10:56:43,392] [builder.py:1709]           [INFO]     |  2/22 | Jack's Favorite Anime Collection | = | Hagane no Renkinjutsushi (2009)                     |
[2023-01-31 10:56:43,392] [builder.py:1709]           [INFO]     |  3/22 | Jack's Favorite Anime Collection | = | Steins;Gate                                         |
[2023-01-31 10:56:43,393] [builder.py:1709]           [INFO]     |  4/22 | Jack's Favorite Anime Collection | = | Hunter x Hunter (2011)                              |
[2023-01-31 10:56:43,393] [builder.py:1709]           [INFO]     |  5/22 | Jack's Favorite Anime Collection | = | Shingeki no Kyojin                                  |
[2023-01-31 10:56:43,394] [builder.py:1709]           [INFO]     |  6/22 | Jack's Favorite Anime Collection | = | Jujutsu Kaisen                                      |
[2023-01-31 10:56:43,394] [builder.py:1709]           [INFO]     |  7/22 | Jack's Favorite Anime Collection | = | Vivy: Fluorite Eye's Song                           |
[2023-01-31 10:56:43,395] [builder.py:1709]           [INFO]     |  8/22 | Jack's Favorite Anime Collection | = | Cowboy Bebop                                        |
[2023-01-31 10:56:43,395] [builder.py:1709]           [INFO]     |  9/22 | Jack's Favorite Anime Collection | = | Death Note                                          |
[2023-01-31 10:56:43,396] [builder.py:1709]           [INFO]     | 10/22 | Jack's Favorite Anime Collection | = | Code Geass: Hangyaku no Lelouch                     |
[2023-01-31 10:56:43,396] [builder.py:1709]           [INFO]     | 11/22 | Jack's Favorite Anime Collection | = | Toradora!                                           |
[2023-01-31 10:56:43,397] [builder.py:1709]           [INFO]     | 12/22 | Jack's Favorite Anime Collection | = | Haikyuu!!                                           |
[2023-01-31 10:56:43,397] [builder.py:1709]           [INFO]     | 13/22 | Jack's Favorite Anime Collection | = | One Punch Man                                       |
[2023-01-31 10:56:43,398] [builder.py:1709]           [INFO]     | 14/22 | Jack's Favorite Anime Collection | = | Kobayashi-san Chi no Maidragon                      |
[2023-01-31 10:56:43,398] [builder.py:1709]           [INFO]     | 15/22 | Jack's Favorite Anime Collection | = | Kimetsu no Yaiba                                    |
[2023-01-31 10:56:43,398] [builder.py:1709]           [INFO]     | 16/22 | Jack's Favorite Anime Collection | = | Re:Zero kara Hajimeru Isekai Seikatsu (2021)        |
[2023-01-31 10:56:43,399] [builder.py:1709]           [INFO]     | 17/22 | Jack's Favorite Anime Collection | = | Cyberpunk: Edgerunners                              |
[2023-01-31 10:56:43,399] [builder.py:1709]           [INFO]     | 18/22 | Jack's Favorite Anime Collection | = | Odd Taxi                                            |
[2023-01-31 10:56:43,400] [builder.py:1709]           [INFO]     | 19/22 | Jack's Favorite Anime Collection | = | Sono Bisque Doll wa Koi o Suru                      |
[2023-01-31 10:56:43,400] [builder.py:1709]           [INFO]     | 20/22 | Jack's Favorite Anime Collection | = | Naruto                                              |
[2023-01-31 10:56:43,400] [builder.py:1709]           [INFO]     | 21/22 | Jack's Favorite Anime Collection | = | Shinseiki Evangelion                                |
[2023-01-31 10:56:43,401] [builder.py:1709]           [INFO]     | 22/22 | Jack's Favorite Anime Collection | = | Samurai Champloo                                    |
[2023-01-31 10:56:43,401] [builder.py:1734]           [INFO]     |                                                                                                    |
[2023-01-31 10:56:43,401] [builder.py:1735]           [INFO]     | 22 Shows Processed                                                                                 |
[2023-01-31 10:56:43,402] [builder.py:1929]           [INFO]     |                                                                                                    |
[2023-01-31 10:56:43,402] [util.py:216]               [INFO]     |======================== Missing Movies from Library: Jack's Favorite Anime ========================|
[2023-01-31 10:56:43,403] [builder.py:1931]           [INFO]     |                                                                                                    |
[2023-01-31 10:56:43,466] [builder.py:1943]           [INFO]     | Jack's Favorite Anime Collection | ? | Princess Mononoke (1997) (TMDb: 128)                        |
[2023-01-31 10:56:43,531] [builder.py:1943]           [INFO]     | Jack's Favorite Anime Collection | ? | Spirited Away (2002) (TMDb: 129)                            |
[2023-01-31 10:56:43,592] [builder.py:1943]           [INFO]     | Jack's Favorite Anime Collection | ? | Mushi-Shi: The Next Chapter - Drops of Bells (2015) (TMDb: 312966) |
[2023-01-31 10:56:43,621] [builder.py:1943]           [INFO]     | Jack's Favorite Anime Collection | ? | Your Name. (2016) (TMDb: 372058)                            |
[2023-01-31 10:56:43,622] [builder.py:1947]           [INFO]     |                                                                                                    |
[2023-01-31 10:56:43,623] [builder.py:1948]           [INFO]     | 4 Movies Missing                                                                                   |
[2023-01-31 10:56:43,624] [builder.py:1969]           [INFO]     |                                                                                                    |
[2023-01-31 10:56:43,624] [util.py:216]               [INFO]     |======================== Missing Shows from Library: Jack's Favorite Anime =========================|
[2023-01-31 10:56:43,625] [builder.py:1971]           [INFO]     |                                                                                                    |
[2023-01-31 10:56:43,731] [builder.py:1982]           [INFO]     | Jack's Favorite Anime Collection | ? | Food Wars! (TVDB: 289909)                                   |
[2023-01-31 10:56:43,732] [builder.py:1986]           [INFO]     |                                                                                                    |
[2023-01-31 10:56:43,732] [builder.py:1987]           [INFO]     | 1 Show Missing                                                                                     |
[2023-01-31 10:56:43,734] [sonarr.py:69]              [INFO]     |                                                                                                    |
[2023-01-31 10:56:43,735] [util.py:216]               [INFO]     |===================================== Adding Missing to Sonarr =====================================|
[2023-01-31 10:56:43,735] [sonarr.py:71]              [DEBUG]    |                                                                                                    |
[2023-01-31 10:56:43,735] [sonarr.py:72]              [DEBUG]    | Sonarr Adds: [289909]                                                                              |
[2023-01-31 10:56:44,036] [sonarr.py:165]             [INFO]     |                                                                                                    |
[2023-01-31 10:56:44,037] [sonarr.py:173]             [INFO]     | Skipped: In Cache | 289909                                                                         |
[2023-01-31 10:56:44,037] [sonarr.py:174]             [INFO]     | 1 Series already exist in Sonarr                                                                   |
[2023-01-31 10:56:44,043] [builder.py:2147]           [INFO]     |                                                                                                    |
[2023-01-31 10:56:44,044] [util.py:216]               [INFO]     |======================= Updating Details of Jack's Favorite Anime Collection =======================|
[2023-01-31 10:56:44,044] [builder.py:2149]           [INFO]     |                                                                                                    |
[2023-01-31 10:56:44,047] [builder.py:2294]           [INFO]     | No poster collection detail or asset folder found                                                  |
[2023-01-31 10:56:44,048] [builder.py:2327]           [INFO]     | No background collection detail or asset folder found                                              |
[2023-01-31 10:56:44,072] [builder.py:2023]           [INFO]     |                                                                                                    |
[2023-01-31 10:56:44,073] [util.py:216]               [INFO]     |================ Updating Details of the Items in Jack's Favorite Anime Collection =================|
[2023-01-31 10:56:44,074] [builder.py:2025]           [INFO]     |                                                                                                    |
[2023-01-31 10:56:48,385] [sonarr.py:69]              [INFO]     |                                                                                                    |
[2023-01-31 10:56:48,385] [util.py:216]               [INFO]     |==================================== Adding Existing to Sonarr =====================================|
[2023-01-31 10:56:48,386] [sonarr.py:71]              [DEBUG]    |                                                                                                    |
[2023-01-31 10:56:48,386] [sonarr.py:72]              [DEBUG]    | Sonarr Adds:                                                                                       |
[2023-01-31 10:56:48,387] [sonarr.py:74]              [DEBUG]    | (79214, 'F:\\Anime\\Mushi-Shi (2005) [tvdb-79214]')                                                |
[2023-01-31 10:56:48,387] [sonarr.py:74]              [DEBUG]    | (85249, 'F:\\Anime\\Fullmetal Alchemist - Brotherhood (2009) [tvdb-85249]')                        |
[2023-01-31 10:56:48,387] [sonarr.py:74]              [DEBUG]    | (244061, 'F:\\Anime\\Steins;Gate (2011) [tvdb-244061]')                                            |
[2023-01-31 10:56:48,388] [sonarr.py:74]              [DEBUG]    | (252322, 'F:\\Anime\\Hunter x Hunter (2011) [tvdb-252322]')                                        |
[2023-01-31 10:56:48,388] [sonarr.py:74]              [DEBUG]    | (267440, 'F:\\Anime\\Attack on Titan (2013) [tvdb-267440]')                                        |
[2023-01-31 10:56:48,388] [sonarr.py:74]              [DEBUG]    | (377543, 'F:\\Anime\\Jujutsu Kaisen (2020) [tvdb-377543]')                                         |
[2023-01-31 10:56:48,388] [sonarr.py:74]              [DEBUG]    | (397774, "F:\\Anime\\Vivy - Fluorite Eye's Song (2021) [tvdb-397774]")                             |
[2023-01-31 10:56:48,389] [sonarr.py:74]              [DEBUG]    | (76885, 'F:\\Anime\\Cowboy Bebop (1998) [tvdb-76885]')                                             |
[2023-01-31 10:56:48,389] [sonarr.py:74]              [DEBUG]    | (79481, 'F:\\Anime\\Death Note (2006) [tvdb-79481]')                                               |
[2023-01-31 10:56:48,389] [sonarr.py:74]              [DEBUG]    | (79525, 'F:\\Anime\\Code Geass - Lelouch of the Rebellion (2006) [tvdb-79525]')                    |
[2023-01-31 10:56:48,390] [sonarr.py:74]              [DEBUG]    | (83277, 'F:\\Anime\\Toradora! (2008) [tvdb-83277]')                                                |
[2023-01-31 10:56:48,390] [sonarr.py:74]              [DEBUG]    | (278157, 'F:\\Anime\\Haikyu!! (2014) [tvdb-278157]')                                               |
[2023-01-31 10:56:48,390] [sonarr.py:74]              [DEBUG]    | (293088, 'F:\\Anime\\One-Punch Man (2015) [tvdb-293088]')                                          |
[2023-01-31 10:56:48,391] [sonarr.py:74]              [DEBUG]    | (318893, "F:\\Anime\\Miss Kobayashi's Dragon Maid (2017) [tvdb-318893]")                           |
[2023-01-31 10:56:48,391] [sonarr.py:74]              [DEBUG]    | (348545, 'F:\\Anime\\Demon Slayer - Kimetsu no Yaiba (2019) [tvdb-348545]')                        |
[2023-01-31 10:56:48,391] [sonarr.py:74]              [DEBUG]    | (305089, 'F:\\Anime\\Re - ZERO, Starting Life in Another World (2016) [tvdb-305089]')              |
[2023-01-31 10:56:48,391] [sonarr.py:74]              [DEBUG]    | (384541, 'F:\\Anime\\Cyberpunk - Edgerunners (2022) [tvdb-384541]')                                |
[2023-01-31 10:56:48,392] [sonarr.py:74]              [DEBUG]    | (397208, 'F:\\Anime\\ODDTAXI (2021) [tvdb-397208]')                                                |
[2023-01-31 10:56:48,392] [sonarr.py:74]              [DEBUG]    | (401233, 'F:\\Anime\\My Dress-Up Darling (2022) [tvdb-401233]')                                    |
[2023-01-31 10:56:48,392] [sonarr.py:74]              [DEBUG]    | (78857, 'F:\\Anime\\Naruto (2002) [tvdb-78857]')                                                   |
[2023-01-31 10:56:48,393] [sonarr.py:74]              [DEBUG]    | (70350, 'F:\\Anime\\Neon Genesis Evangelion (1995) [tvdb-70350]')                                  |
[2023-01-31 10:56:48,393] [sonarr.py:74]              [DEBUG]    | (79089, 'F:\\Anime\\Samurai Champloo (2004) [tvdb-79089]')                                         |
[2023-01-31 10:56:48,691] [sonarr.py:165]             [INFO]     |                                                                                                    |
[2023-01-31 10:56:48,691] [sonarr.py:173]             [INFO]     | Skipped: In Cache | (79214, 'F:\\Anime\\Mushi-Shi (2005) [tvdb-79214]')                            |
[2023-01-31 10:56:48,692] [sonarr.py:173]             [INFO]     | Skipped: In Cache | (85249, 'F:\\Anime\\Fullmetal Alchemist - Brotherhood (2009) [tvdb-85249]')    |
[2023-01-31 10:56:48,692] [sonarr.py:173]             [INFO]     | Skipped: In Cache | (244061, 'F:\\Anime\\Steins;Gate (2011) [tvdb-244061]')                        |
[2023-01-31 10:56:48,692] [sonarr.py:173]             [INFO]     | Skipped: In Cache | (252322, 'F:\\Anime\\Hunter x Hunter (2011) [tvdb-252322]')                    |
[2023-01-31 10:56:48,693] [sonarr.py:173]             [INFO]     | Skipped: In Cache | (267440, 'F:\\Anime\\Attack on Titan (2013) [tvdb-267440]')                    |
[2023-01-31 10:56:48,693] [sonarr.py:173]             [INFO]     | Skipped: In Cache | (377543, 'F:\\Anime\\Jujutsu Kaisen (2020) [tvdb-377543]')                     |
[2023-01-31 10:56:48,694] [sonarr.py:173]             [INFO]     | Skipped: In Cache | (397774, "F:\\Anime\\Vivy - Fluorite Eye's Song (2021) [tvdb-397774]")         |
[2023-01-31 10:56:48,694] [sonarr.py:173]             [INFO]     | Skipped: In Cache | (76885, 'F:\\Anime\\Cowboy Bebop (1998) [tvdb-76885]')                         |
[2023-01-31 10:56:48,694] [sonarr.py:173]             [INFO]     | Skipped: In Cache | (79481, 'F:\\Anime\\Death Note (2006) [tvdb-79481]')                           |
[2023-01-31 10:56:48,695] [sonarr.py:173]             [INFO]     | Skipped: In Cache | (79525, 'F:\\Anime\\Code Geass - Lelouch of the Rebellion (2006) [tvdb-79525]') |
[2023-01-31 10:56:48,696] [sonarr.py:173]             [INFO]     | Skipped: In Cache | (83277, 'F:\\Anime\\Toradora! (2008) [tvdb-83277]')                            |
[2023-01-31 10:56:48,696] [sonarr.py:173]             [INFO]     | Skipped: In Cache | (278157, 'F:\\Anime\\Haikyu!! (2014) [tvdb-278157]')                           |
[2023-01-31 10:56:48,696] [sonarr.py:173]             [INFO]     | Skipped: In Cache | (293088, 'F:\\Anime\\One-Punch Man (2015) [tvdb-293088]')                      |
[2023-01-31 10:56:48,697] [sonarr.py:173]             [INFO]     | Skipped: In Cache | (318893, "F:\\Anime\\Miss Kobayashi's Dragon Maid (2017) [tvdb-318893]")       |
[2023-01-31 10:56:48,698] [sonarr.py:173]             [INFO]     | Skipped: In Cache | (348545, 'F:\\Anime\\Demon Slayer - Kimetsu no Yaiba (2019) [tvdb-348545]')    |
[2023-01-31 10:56:48,698] [sonarr.py:173]             [INFO]     | Skipped: In Cache | (305089, 'F:\\Anime\\Re - ZERO, Starting Life in Another World (2016) [tvdb-305089]') |
[2023-01-31 10:56:48,698] [sonarr.py:173]             [INFO]     | Skipped: In Cache | (384541, 'F:\\Anime\\Cyberpunk - Edgerunners (2022) [tvdb-384541]')            |
[2023-01-31 10:56:48,699] [sonarr.py:173]             [INFO]     | Skipped: In Cache | (397208, 'F:\\Anime\\ODDTAXI (2021) [tvdb-397208]')                            |
[2023-01-31 10:56:48,699] [sonarr.py:173]             [INFO]     | Skipped: In Cache | (401233, 'F:\\Anime\\My Dress-Up Darling (2022) [tvdb-401233]')                |
[2023-01-31 10:56:48,700] [sonarr.py:173]             [INFO]     | Skipped: In Cache | (78857, 'F:\\Anime\\Naruto (2002) [tvdb-78857]')                               |
[2023-01-31 10:56:48,700] [sonarr.py:173]             [INFO]     | Skipped: In Cache | (70350, 'F:\\Anime\\Neon Genesis Evangelion (1995) [tvdb-70350]')              |
[2023-01-31 10:56:48,700] [sonarr.py:173]             [INFO]     | Skipped: In Cache | (79089, 'F:\\Anime\\Samurai Champloo (2004) [tvdb-79089]')                     |
[2023-01-31 10:56:48,701] [sonarr.py:174]             [INFO]     | 22 Series already exist in Sonarr                                                                  |
[2023-01-31 10:56:48,703] [plex_meta_manager.py:880]  [INFO]     |                                                                                                    |
[2023-01-31 10:56:48,703] [util.py:209]               [INFO]     |====================================================================================================|
[2023-01-31 10:56:48,704] [util.py:216]               [INFO]     |                             Finished Jack's Favorite Anime Collection                              |
[2023-01-31 10:56:48,704] [util.py:216]               [INFO]     |                                    Collection Run Time: 0:00:05                                    |
[2023-01-31 10:56:48,705] [util.py:220]               [INFO]     |====================================================================================================|
[2023-01-31 10:56:48,707] [util.py:209]               [INFO]     |====================================================================================================|
[2023-01-31 10:56:48,707] [util.py:216]               [INFO]     |                           Jack's Currently Watching Collection in Anime                            |
[2023-01-31 10:56:48,708] [util.py:220]               [INFO]     |====================================================================================================|
[2023-01-31 10:56:48,708] [plex_meta_manager.py:750]  [INFO]     |                                                                                                    |
[2023-01-31 10:56:48,708] [util.py:216]               [INFO]     |========================= Validating Jack's Currently Watching Attributes ==========================|
[2023-01-31 10:56:48,709] [builder.py:330]            [DEBUG]    |                                                                                                    |
[2023-01-31 10:56:48,709] [builder.py:331]            [DEBUG]    | Validating Method: sync_mode                                                                       |
[2023-01-31 10:56:48,709] [builder.py:335]            [DEBUG]    | Value: sync                                                                                        |
[2023-01-31 10:56:48,710] [builder.py:453]            [DEBUG]    |                                                                                                    |
[2023-01-31 10:56:48,710] [builder.py:454]            [DEBUG]    | Validating Method: collection_order                                                                |
[2023-01-31 10:56:48,711] [builder.py:455]            [DEBUG]    | Value: custom                                                                                      |
[2023-01-31 10:56:48,711] [builder.py:472]            [DEBUG]    |                                                                                                    |
[2023-01-31 10:56:48,711] [builder.py:473]            [DEBUG]    | Validating Method: sort_title                                                                      |
[2023-01-31 10:56:48,712] [builder.py:474]            [DEBUG]    | Value: ++++++_Currently_Watching                                                                   |
[2023-01-31 10:56:48,712] [builder.py:472]            [DEBUG]    |                                                                                                    |
[2023-01-31 10:56:48,712] [builder.py:473]            [DEBUG]    | Validating Method: mal_userlist                                                                    |
[2023-01-31 10:56:48,713] [builder.py:474]            [DEBUG]    | Value: ordereddict([('username', 'JCH0tsh0t'), ('status', 'watching'), ('sort_by', 'title'), ('limit', 1000)]) |
[2023-01-31 10:56:48,713] [builder.py:472]            [DEBUG]    |                                                                                                    |
[2023-01-31 10:56:48,713] [builder.py:473]            [DEBUG]    | Validating Method: visible_home                                                                    |
[2023-01-31 10:56:48,713] [builder.py:474]            [DEBUG]    | Value: True                                                                                        |
[2023-01-31 10:56:48,714] [builder.py:472]            [DEBUG]    |                                                                                                    |
[2023-01-31 10:56:48,714] [builder.py:473]            [DEBUG]    | Validating Method: visible_library                                                                 |
[2023-01-31 10:56:48,714] [builder.py:474]            [DEBUG]    | Value: True                                                                                        |
[2023-01-31 10:56:48,715] [builder.py:472]            [DEBUG]    |                                                                                                    |
[2023-01-31 10:56:48,715] [builder.py:473]            [DEBUG]    | Validating Method: sonarr_add_existing                                                             |
[2023-01-31 10:56:48,715] [builder.py:474]            [DEBUG]    | Value: True                                                                                        |
[2023-01-31 10:56:48,716] [builder.py:472]            [DEBUG]    |                                                                                                    |
[2023-01-31 10:56:48,716] [builder.py:473]            [DEBUG]    | Validating Method: sonarr_add_missing                                                              |
[2023-01-31 10:56:48,716] [builder.py:474]            [DEBUG]    | Value: True                                                                                        |
[2023-01-31 10:56:48,743] [builder.py:619]            [INFO]     |                                                                                                    |
[2023-01-31 10:56:48,744] [builder.py:620]            [INFO]     | Validation Successful                                                                              |
[2023-01-31 10:56:48,745] [plex_meta_manager.py:758]  [INFO]     |                                                                                                    |
[2023-01-31 10:56:48,745] [util.py:216]               [INFO]     |=========================== Running Jack's Currently Watching Collection ===========================|
[2023-01-31 10:56:48,746] [plex_meta_manager.py:773]  [INFO]     |                                                                                                    |
[2023-01-31 10:56:48,746] [plex_meta_manager.py:774]  [INFO]     | Sync Mode: sync                                                                                    |
[2023-01-31 10:56:48,747] [builder.py:1275]           [DEBUG]    |                                                                                                    |
[2023-01-31 10:56:48,747] [builder.py:1276]           [DEBUG]    | Builder: mal_userlist: {'username': 'JCH0tsh0t', 'status': 'watching', 'sort_by': 'anime_title', 'limit': 1000} |
[2023-01-31 10:56:48,747] [builder.py:1277]           [INFO]     |                                                                                                    |
[2023-01-31 10:56:48,748] [mal.py:237]                [INFO]     | Processing MyAnimeList Userlist: 1000 Anime from JCH0tsh0t's Currently Watching list sorted by Title |
[2023-01-31 10:56:48,871] [mal.py:241]                [DEBUG]    |                                                                                                    |
[2023-01-31 10:56:48,872] [mal.py:242]                [DEBUG]    | 22 MyAnimeList IDs Found: [31646, 52193, 50248, 49596, 49918, 28121, 38680, 49220, 48316, 37999, 49470, 19815, 40834, 48414, 44074, 51252, 50602, 47194, 49891, 50710, 37521, 50175] |
[2023-01-31 10:56:48,872] [builder.py:1282]           [DEBUG]    |                                                                                                    |
[2023-01-31 10:56:48,872] [builder.py:1283]           [DEBUG]    | 22 IDs Found: [(306269, 'tvdb'), (118768, 'ratingKey'), (103863, 'ratingKey'), (408629, 'tvdb'), (305074, 'tvdb'), (289882, 'tvdb'), (357488, 'tvdb'), (102426, 'ratingKey'), (407520, 'tvdb'), (354198, 'tvdb'), (415240, 'tvdb'), (102693, 'ratingKey'), (104893, 'ratingKey'), (103746, 'ratingKey'), (103906, 'ratingKey'), (127551, 'ratingKey'), (102592, 'ratingKey'), (102575, 'ratingKey'), (118759, 'ratingKey'), (414096, 'tvdb'), (105563, 'ratingKey'), (411625, 'tvdb')] |
[2023-01-31 10:56:48,873] [builder.py:1284]           [DEBUG]    |                                                                                                    |
[2023-01-31 10:56:49,013] [builder.py:1697]           [INFO]     |                                                                                                    |
[2023-01-31 10:56:49,014] [util.py:216]               [INFO]     |========================== Adding to Jack's Currently Watching Collection ==========================|
[2023-01-31 10:56:49,014] [builder.py:1699]           [INFO]     |                                                                                                    |
[2023-01-31 10:56:49,014] [builder.py:1709]           [INFO]     |  1/19 | Jack's Currently Watching Collection | = | Sangatsu no Lion                                |
[2023-01-31 10:56:49,015] [builder.py:1709]           [INFO]     |  2/19 | Jack's Currently Watching Collection | = | Akiba Meido Sensou                              |
[2023-01-31 10:56:49,015] [builder.py:1709]           [INFO]     |  3/19 | Jack's Currently Watching Collection | = | Birdie Wing: Golf Girls' Story                  |
[2023-01-31 10:56:49,016] [builder.py:1709]           [INFO]     |  4/19 | Jack's Currently Watching Collection | = | Blue Lock                                       |
[2023-01-31 10:56:49,016] [builder.py:1709]           [INFO]     |  5/19 | Jack's Currently Watching Collection | = | Boku no Hero Academia                           |
[2023-01-31 10:56:49,016] [builder.py:1709]           [INFO]     |  6/19 | Jack's Currently Watching Collection | = | Dungeon ni Deai o Motomeru no wa Machigatte Iru Darouka: Familia Myth |
[2023-01-31 10:56:49,017] [builder.py:1709]           [INFO]     |  7/19 | Jack's Currently Watching Collection | = | Isekai Ojisan                                   |
[2023-01-31 10:56:49,017] [builder.py:1709]           [INFO]     |  8/19 | Jack's Currently Watching Collection | = | Kage no Jitsuryokusha ni Naritakute!            |
[2023-01-31 10:56:49,018] [builder.py:1709]           [INFO]     |  9/19 | Jack's Currently Watching Collection | = | Kaguya-sama wa Kokurasetai: Tensai-tachi no Ren'ai Zunousen |
[2023-01-31 10:56:49,018] [builder.py:1709]           [INFO]     | 10/19 | Jack's Currently Watching Collection | = | Mamahaha no Tsurego ga Motokano Datta           |
[2023-01-31 10:56:49,019] [builder.py:1709]           [INFO]     | 11/19 | Jack's Currently Watching Collection | = | No Game No Life                                 |
[2023-01-31 10:56:49,019] [builder.py:1709]           [INFO]     | 12/19 | Jack's Currently Watching Collection | = | Ousama Ranking                                  |
[2023-01-31 10:56:49,020] [builder.py:1709]           [INFO]     | 13/19 | Jack's Currently Watching Collection | = | Sabikui Bisco                                   |
[2023-01-31 10:56:49,020] [builder.py:1709]           [INFO]     | 14/19 | Jack's Currently Watching Collection | = | Shiguang Dailiren                               |
[2023-01-31 10:56:49,022] [builder.py:1709]           [INFO]     | 15/19 | Jack's Currently Watching Collection | = | Spy Kyoushitsu                                  |
[2023-01-31 10:56:49,022] [builder.py:1709]           [INFO]     | 16/19 | Jack's Currently Watching Collection | = | Spy x Family (2022)                             |
[2023-01-31 10:56:49,022] [builder.py:1709]           [INFO]     | 17/19 | Jack's Currently Watching Collection | = | Summer Time Render                              |
[2023-01-31 10:56:49,023] [builder.py:1709]           [INFO]     | 18/19 | Jack's Currently Watching Collection | = | Tensei Shitara Ken Deshita                      |
[2023-01-31 10:56:49,023] [builder.py:1709]           [INFO]     | 19/19 | Jack's Currently Watching Collection | = | Vinland Saga                                    |
[2023-01-31 10:56:49,024] [builder.py:1734]           [INFO]     |                                                                                                    |
[2023-01-31 10:56:49,024] [builder.py:1735]           [INFO]     | 19 Shows Processed                                                                                 |
[2023-01-31 10:56:49,024] [builder.py:1969]           [INFO]     |                                                                                                    |
[2023-01-31 10:56:49,025] [util.py:216]               [INFO]     |====================== Missing Shows from Library: Jack's Currently Watching =======================|
[2023-01-31 10:56:49,025] [builder.py:1971]           [INFO]     |                                                                                                    |
[2023-01-31 10:56:49,042] [builder.py:1982]           [INFO]     | Jack's Currently Watching Collection | ? | Fruits Basket (2019) (TVDB: 357488)                     |
[2023-01-31 10:56:49,057] [builder.py:1982]           [INFO]     | Jack's Currently Watching Collection | ? | Urusei Yatsura (2022) (TVDB: 414096)                    |
[2023-01-31 10:56:49,071] [builder.py:1982]           [INFO]     | Jack's Currently Watching Collection | ? | I'm Quitting Heroing (TVDB: 411625)                     |
[2023-01-31 10:56:49,072] [builder.py:1986]           [INFO]     |                                                                                                    |
[2023-01-31 10:56:49,072] [builder.py:1987]           [INFO]     | 3 Shows Missing                                                                                    |
[2023-01-31 10:56:49,075] [sonarr.py:69]              [INFO]     |                                                                                                    |
[2023-01-31 10:56:49,075] [util.py:216]               [INFO]     |===================================== Adding Missing to Sonarr =====================================|
[2023-01-31 10:56:49,076] [sonarr.py:71]              [DEBUG]    |                                                                                                    |
[2023-01-31 10:56:49,076] [sonarr.py:72]              [DEBUG]    | Sonarr Adds: [357488, 414096, 411625]                                                              |
[2023-01-31 10:56:49,364] [sonarr.py:165]             [INFO]     |                                                                                                    |
[2023-01-31 10:56:49,365] [sonarr.py:173]             [INFO]     | Skipped: In Cache | 357488                                                                         |
[2023-01-31 10:56:49,365] [sonarr.py:173]             [INFO]     | Skipped: In Cache | 414096                                                                         |
[2023-01-31 10:56:49,366] [sonarr.py:173]             [INFO]     | Skipped: In Cache | 411625                                                                         |
[2023-01-31 10:56:49,366] [sonarr.py:174]             [INFO]     | 3 Series already exist in Sonarr                                                                   |
[2023-01-31 10:56:49,372] [builder.py:2147]           [INFO]     |                                                                                                    |
[2023-01-31 10:56:49,372] [util.py:216]               [INFO]     |===================== Updating Details of Jack's Currently Watching Collection =====================|
[2023-01-31 10:56:49,373] [builder.py:2149]           [INFO]     |                                                                                                    |
[2023-01-31 10:56:49,376] [builder.py:2294]           [INFO]     | No poster collection detail or asset folder found                                                  |
[2023-01-31 10:56:49,376] [builder.py:2327]           [INFO]     | No background collection detail or asset folder found                                              |
[2023-01-31 10:56:49,400] [builder.py:2023]           [INFO]     |                                                                                                    |
[2023-01-31 10:56:49,400] [util.py:216]               [INFO]     |============== Updating Details of the Items in Jack's Currently Watching Collection ===============|
[2023-01-31 10:56:49,401] [builder.py:2025]           [INFO]     |                                                                                                    |
[2023-01-31 10:56:53,308] [sonarr.py:69]              [INFO]     |                                                                                                    |
[2023-01-31 10:56:53,308] [util.py:216]               [INFO]     |==================================== Adding Existing to Sonarr =====================================|
[2023-01-31 10:56:53,309] [sonarr.py:71]              [DEBUG]    |                                                                                                    |
[2023-01-31 10:56:53,309] [sonarr.py:72]              [DEBUG]    | Sonarr Adds:                                                                                       |
[2023-01-31 10:56:53,310] [sonarr.py:74]              [DEBUG]    | (306269, 'F:\\Anime\\March Comes in Like a Lion (2016) [tvdb-306269]')                             |
[2023-01-31 10:56:53,310] [sonarr.py:74]              [DEBUG]    | (421676, 'F:\\Anime\\Akiba Maid War (2022) [tvdb-421676]')                                         |
[2023-01-31 10:56:53,310] [sonarr.py:74]              [DEBUG]    | (411914, "F:\\Anime\\Birdie Wing -Golf Girls' Story- (2022) [tvdb-411914]")                        |
[2023-01-31 10:56:53,311] [sonarr.py:74]              [DEBUG]    | (408629, 'F:\\Anime\\BLUELOCK (2022) [tvdb-408629]')                                               |
[2023-01-31 10:56:53,311] [sonarr.py:74]              [DEBUG]    | (305074, 'F:\\Anime\\My Hero Academia (2016) [tvdb-305074]')                                       |
[2023-01-31 10:56:53,311] [sonarr.py:74]              [DEBUG]    | (289882, 'F:\\Anime\\Is It Wrong to Try to Pick Up Girls in a Dungeon! (2015) [tvdb-289882]')      |
[2023-01-31 10:56:53,312] [sonarr.py:74]              [DEBUG]    | (405214, 'F:\\Anime\\Uncle From Another World (2022) [tvdb-405214]')                               |
[2023-01-31 10:56:53,312] [sonarr.py:74]              [DEBUG]    | (407520, 'F:\\Anime\\Eminence in Shadow, The (2022) [tvdb-407520]')                                |
[2023-01-31 10:56:53,313] [sonarr.py:74]              [DEBUG]    | (354198, 'F:\\Anime\\Kaguya-sama - Love Is War (2019) [tvdb-354198]')                              |
[2023-01-31 10:56:53,313] [sonarr.py:74]              [DEBUG]    | (415240, "F:\\Anime\\My Stepmom's Daughter Is My Ex (2022) [tvdb-415240]")                         |
[2023-01-31 10:56:53,313] [sonarr.py:74]              [DEBUG]    | (278155, 'F:\\Anime\\No Game, No Life (2014) [tvdb-278155]')                                       |
[2023-01-31 10:56:53,313] [sonarr.py:74]              [DEBUG]    | (391625, 'F:\\Anime\\Ranking of Kings (2021) [tvdb-391625]')                                       |
[2023-01-31 10:56:53,314] [sonarr.py:74]              [DEBUG]    | (398387, 'F:\\Anime\\Sabikui Bisco (2022) [tvdb-398387]')                                          |
[2023-01-31 10:56:53,314] [sonarr.py:74]              [DEBUG]    | (402033, 'F:\\Anime\\Link Click (2021) [tvdb-402033]')                                             |
[2023-01-31 10:56:53,314] [sonarr.py:74]              [DEBUG]    | (415821, 'F:\\Anime\\Spy Classroom (2023) [tvdb-415821]')                                          |
[2023-01-31 10:56:53,315] [sonarr.py:74]              [DEBUG]    | (405920, 'F:\\Anime\\SPY x FAMILY (2022) [tvdb-405920]')                                           |
[2023-01-31 10:56:53,315] [sonarr.py:74]              [DEBUG]    | (407306, 'F:\\Anime\\Summer Time Rendering (2022) [tvdb-407306]')                                  |
[2023-01-31 10:56:53,315] [sonarr.py:74]              [DEBUG]    | (410378, 'F:\\Anime\\Reincarnated as a Sword (2022) [tvdb-410378]')                                |
[2023-01-31 10:56:53,316] [sonarr.py:74]              [DEBUG]    | (359274, 'F:\\Anime\\Vinland Saga (2019) [tvdb-359274]')                                           |
[2023-01-31 10:56:53,651] [sonarr.py:165]             [INFO]     |                                                                                                    |
[2023-01-31 10:56:53,651] [sonarr.py:173]             [INFO]     | Skipped: In Cache | (306269, 'F:\\Anime\\March Comes in Like a Lion (2016) [tvdb-306269]')         |
[2023-01-31 10:56:53,652] [sonarr.py:173]             [INFO]     | Skipped: In Cache | (421676, 'F:\\Anime\\Akiba Maid War (2022) [tvdb-421676]')                     |
[2023-01-31 10:56:53,652] [sonarr.py:173]             [INFO]     | Skipped: In Cache | (411914, "F:\\Anime\\Birdie Wing -Golf Girls' Story- (2022) [tvdb-411914]")    |
[2023-01-31 10:56:53,653] [sonarr.py:173]             [INFO]     | Skipped: In Cache | (408629, 'F:\\Anime\\BLUELOCK (2022) [tvdb-408629]')                           |
[2023-01-31 10:56:53,653] [sonarr.py:173]             [INFO]     | Skipped: In Cache | (305074, 'F:\\Anime\\My Hero Academia (2016) [tvdb-305074]')                   |
[2023-01-31 10:56:53,653] [sonarr.py:173]             [INFO]     | Skipped: In Cache | (289882, 'F:\\Anime\\Is It Wrong to Try to Pick Up Girls in a Dungeon! (2015) [tvdb-289882]') |
[2023-01-31 10:56:53,654] [sonarr.py:173]             [INFO]     | Skipped: In Cache | (405214, 'F:\\Anime\\Uncle From Another World (2022) [tvdb-405214]')           |
[2023-01-31 10:56:53,654] [sonarr.py:173]             [INFO]     | Skipped: In Cache | (407520, 'F:\\Anime\\Eminence in Shadow, The (2022) [tvdb-407520]')            |
[2023-01-31 10:56:53,654] [sonarr.py:173]             [INFO]     | Skipped: In Cache | (354198, 'F:\\Anime\\Kaguya-sama - Love Is War (2019) [tvdb-354198]')          |
[2023-01-31 10:56:53,655] [sonarr.py:173]             [INFO]     | Skipped: In Cache | (415240, "F:\\Anime\\My Stepmom's Daughter Is My Ex (2022) [tvdb-415240]")     |
[2023-01-31 10:56:53,655] [sonarr.py:173]             [INFO]     | Skipped: In Cache | (278155, 'F:\\Anime\\No Game, No Life (2014) [tvdb-278155]')                   |
[2023-01-31 10:56:53,655] [sonarr.py:173]             [INFO]     | Skipped: In Cache | (391625, 'F:\\Anime\\Ranking of Kings (2021) [tvdb-391625]')                   |
[2023-01-31 10:56:53,656] [sonarr.py:173]             [INFO]     | Skipped: In Cache | (398387, 'F:\\Anime\\Sabikui Bisco (2022) [tvdb-398387]')                      |
[2023-01-31 10:56:53,656] [sonarr.py:173]             [INFO]     | Skipped: In Cache | (402033, 'F:\\Anime\\Link Click (2021) [tvdb-402033]')                         |
[2023-01-31 10:56:53,657] [sonarr.py:173]             [INFO]     | Skipped: In Cache | (415821, 'F:\\Anime\\Spy Classroom (2023) [tvdb-415821]')                      |
[2023-01-31 10:56:53,657] [sonarr.py:173]             [INFO]     | Skipped: In Cache | (405920, 'F:\\Anime\\SPY x FAMILY (2022) [tvdb-405920]')                       |
[2023-01-31 10:56:53,657] [sonarr.py:173]             [INFO]     | Skipped: In Cache | (407306, 'F:\\Anime\\Summer Time Rendering (2022) [tvdb-407306]')              |
[2023-01-31 10:56:53,658] [sonarr.py:173]             [INFO]     | Skipped: In Cache | (410378, 'F:\\Anime\\Reincarnated as a Sword (2022) [tvdb-410378]')            |
[2023-01-31 10:56:53,658] [sonarr.py:173]             [INFO]     | Skipped: In Cache | (359274, 'F:\\Anime\\Vinland Saga (2019) [tvdb-359274]')                       |
[2023-01-31 10:56:53,659] [sonarr.py:174]             [INFO]     | 19 Series already exist in Sonarr                                                                  |
[2023-01-31 10:56:53,662] [plex_meta_manager.py:880]  [INFO]     |                                                                                                    |
[2023-01-31 10:56:53,663] [util.py:209]               [INFO]     |====================================================================================================|
[2023-01-31 10:56:53,663] [util.py:216]               [INFO]     |                           Finished Jack's Currently Watching Collection                            |
[2023-01-31 10:56:53,663] [util.py:216]               [INFO]     |                                    Collection Run Time: 0:00:04                                    |
[2023-01-31 10:56:53,664] [util.py:220]               [INFO]     |====================================================================================================|
[2023-01-31 10:56:53,666] [util.py:209]               [INFO]     |====================================================================================================|
[2023-01-31 10:56:53,667] [util.py:216]               [INFO]     |                              Jack's Plan to Watch Collection in Anime                              |
[2023-01-31 10:56:53,667] [util.py:220]               [INFO]     |====================================================================================================|
[2023-01-31 10:56:53,667] [plex_meta_manager.py:750]  [INFO]     |                                                                                                    |
[2023-01-31 10:56:53,668] [util.py:216]               [INFO]     |============================ Validating Jack's Plan to Watch Attributes ============================|
[2023-01-31 10:56:53,668] [builder.py:330]            [DEBUG]    |                                                                                                    |
[2023-01-31 10:56:53,669] [builder.py:331]            [DEBUG]    | Validating Method: sync_mode                                                                       |
[2023-01-31 10:56:53,669] [builder.py:335]            [DEBUG]    | Value: sync                                                                                        |
[2023-01-31 10:56:53,669] [builder.py:453]            [DEBUG]    |                                                                                                    |
[2023-01-31 10:56:53,669] [builder.py:454]            [DEBUG]    | Validating Method: collection_order                                                                |
[2023-01-31 10:56:53,670] [builder.py:455]            [DEBUG]    | Value: custom                                                                                      |
[2023-01-31 10:56:53,670] [builder.py:472]            [DEBUG]    |                                                                                                    |
[2023-01-31 10:56:53,670] [builder.py:473]            [DEBUG]    | Validating Method: sort_title                                                                      |
[2023-01-31 10:56:53,671] [builder.py:474]            [DEBUG]    | Value: ++++++_Plan_to_Watch                                                                        |
[2023-01-31 10:56:53,671] [builder.py:472]            [DEBUG]    |                                                                                                    |
[2023-01-31 10:56:53,671] [builder.py:473]            [DEBUG]    | Validating Method: mal_userlist                                                                    |
[2023-01-31 10:56:53,672] [builder.py:474]            [DEBUG]    | Value: ordereddict([('username', 'JCH0tsh0t'), ('status', 'plan_to_watch'), ('sort_by', 'title'), ('limit', 1000)]) |
[2023-01-31 10:56:53,672] [builder.py:472]            [DEBUG]    |                                                                                                    |
[2023-01-31 10:56:53,673] [builder.py:473]            [DEBUG]    | Validating Method: sonarr_add_existing                                                             |
[2023-01-31 10:56:53,673] [builder.py:474]            [DEBUG]    | Value: True                                                                                        |
[2023-01-31 10:56:53,673] [builder.py:472]            [DEBUG]    |                                                                                                    |
[2023-01-31 10:56:53,674] [builder.py:473]            [DEBUG]    | Validating Method: sonarr_add_missing                                                              |
[2023-01-31 10:56:53,674] [builder.py:474]            [DEBUG]    | Value: True                                                                                        |
[2023-01-31 10:56:53,722] [builder.py:619]            [INFO]     |                                                                                                    |
[2023-01-31 10:56:53,723] [builder.py:620]            [INFO]     | Validation Successful                                                                              |
[2023-01-31 10:56:53,724] [plex_meta_manager.py:758]  [INFO]     |                                                                                                    |
[2023-01-31 10:56:53,724] [util.py:216]               [INFO]     |============================= Running Jack's Plan to Watch Collection ==============================|
[2023-01-31 10:56:53,725] [plex_meta_manager.py:773]  [INFO]     |                                                                                                    |
[2023-01-31 10:56:53,725] [plex_meta_manager.py:774]  [INFO]     | Sync Mode: sync                                                                                    |
[2023-01-31 10:56:53,725] [builder.py:1275]           [DEBUG]    |                                                                                                    |
[2023-01-31 10:56:53,726] [builder.py:1276]           [DEBUG]    | Builder: mal_userlist: {'username': 'JCH0tsh0t', 'status': 'plan_to_watch', 'sort_by': 'anime_title', 'limit': 1000} |
[2023-01-31 10:56:53,726] [builder.py:1277]           [INFO]     |                                                                                                    |
[2023-01-31 10:56:53,727] [mal.py:237]                [INFO]     | Processing MyAnimeList Userlist: 1000 Anime from JCH0tsh0t's Plan to Watch list sorted by Title    |
[2023-01-31 10:56:53,883] [mal.py:241]                [DEBUG]    |                                                                                                    |
[2023-01-31 10:56:53,883] [mal.py:242]                [DEBUG]    | 142 MyAnimeList IDs Found: [35180, 38101, 49520, 22199, 48553, 47, 41433, 8676, 9989, 11111, 24833, 30654, 9919, 477, 962, 3297, 22789, 34572, 889, 41468, 10800, 14741, 39175, 34382, 4181, 48702, 11843, 2025, 35849, 41461, 28223, 38691, 40852, 37347, 40454, 47164, 39792, 38671, 40956, 6702, 33050, 10087, 40417, 42938, 820, 15335, 9969, 15417, 34096, 28977, 39533, 37349, 27631, 268, 36028, 50528, 245, 10793, 31859, 263, 23269, 44042, 42897, 12189, 249, 14719, 37991, 5680, 7791, 43608, 40591, 40221, 40839, 42963, 2581, 49828, 51213, 22535, 31758, 28851, 11887, 48926, 50631, 16782, 49776, 17265, 1887, 9756, 4087, 17074, 19, 23755, 34591, 10165, 40729, 20507, 21, 2966, 5341, 29803, 35073, 37675, 48895, 31181, 35247, 32951, 45, 38329, 49413, 13125, 33095, 40586, 48849, 45653, 49357, 30484, 39597, 32093, 47163, 38793, 41488, 41353, 40730, 38480, 6213, 16049, 38481, 4654, 8937, 36432, 41389, 48580, 49114, 33352, 14813, 39547, 23847, 37779, 39617, 35507, 51096, 32995] |
[2023-01-31 10:56:53,884] [convert.py:78]             [ERROR]    | Convert Error: No TVDb ID or IMDb ID found for AniDB ID: 14642                                     |
[2023-01-31 10:56:53,885] [convert.py:100]            [ERROR]    | Convert Error: AniDB ID not found for MyAnimeList ID: 33050                                        |
[2023-01-31 10:56:53,886] [convert.py:78]             [ERROR]    | Convert Error: No TVDb ID or IMDb ID found for AniDB ID: 15971                                     |
[2023-01-31 10:56:53,887] [convert.py:100]            [ERROR]    | Convert Error: AniDB ID not found for MyAnimeList ID: 31758                                        |
[2023-01-31 10:56:53,888] [convert.py:78]             [ERROR]    | Convert Error: No TVDb ID or IMDb ID found for AniDB ID: 16531                                     |
[2023-01-31 10:56:53,889] [builder.py:1282]           [DEBUG]    |                                                                                                    |
[2023-01-31 10:56:53,889] [builder.py:1283]           [DEBUG]    | 137 IDs Found: [(306269, 'tvdb'), (355966, 'tvdb'), (407833, 'tvdb'), (102707, 'ratingKey'), (400090, 'tvdb'), (149, 'tmdb'), (103878, 'ratingKey'), (172921, 'tvdb'), (247958, 'tvdb'), (105428, 'ratingKey'), (283947, 'tvdb'), (283947, 'tvdb'), (248035, 'tvdb'), (79839, 'tvdb'), (79839, 'tvdb'), (79839, 'tvdb'), (281270, 'tvdb'), (331753, 'tvdb'), (79604, 'tvdb'), (103700, 'ratingKey'), (251982, 'tvdb'), (261862, 'tvdb'), (337120, 'tvdb'), (80644, 'tvdb'), (102386, 'ratingKey'), (103689, 'ratingKey'), (80042, 'tvdb'), (337017, 'tvdb'), (264663, 'tvdb'), (289177, 'tvdb'), (355774, 'tvdb'), (355774, 'tvdb'), (289882, 'tvdb'), (289882, 'tvdb'), (289882, 'tvdb'), (370769, 'tvdb'), (355480, 'tvdb'), (355480, 'tvdb'), (114801, 'tvdb'), (275798, 'tvdb'), (357488, 'tvdb'), (357488, 'tvdb'), (81618, 'tvdb'), (245917, 'tmdb'), (79895, 'tvdb'), (79895, 'tvdb'), (79895, 'tvdb'), (79895, 'tvdb'), (103412, 'ratingKey'), (103637, 'ratingKey'), (295224, 'tvdb'), (72408, 'tvdb'), (111531, 'ratingKey'), (338455, 'tvdb'), (79071, 'tvdb'), (252471, 'tvdb'), (303868, 'tvdb'), (79685, 'tvdb'), (269872, 'tvdb'), (111596, 'ratingKey'), (103611, 'ratingKey'), (71361, 'tvdb'), (262954, 'tvdb'), (262954, 'tvdb'), (87501, 'tvdb'), (87501, 'tvdb'), (354198, 'tvdb'), (354198, 'tvdb'), (104727, 'ratingKey'), (380654, 'tvdb'), (380654, 'tvdb'), (80675, 'tvdb'), (118752, 'ratingKey'), (102399, 'ratingKey'), (118772, 'ratingKey'), (378064, 'tmdb'), (259647, 'tvdb'), (402412, 'tvdb'), (402412, 'tvdb'), (198375, 'tmdb'), (409723, 'tvdb'), (272128, 'tvdb'), (80177, 'tvdb'), (219181, 'tvdb'), (83475, 'tvdb'), (102261, 'tvdb'), (74599, 'tvdb'), (284131, 'tvdb'), (82788, 'tvdb'), (240291, 'tvdb'), (341437, 'tvdb'), (275610, 'tvdb'), (81797, 'tvdb'), (105515, 'ratingKey'), (81178, 'tvdb'), (294002, 'tvdb'), (294002, 'tvdb'), (294002, 'tvdb'), (294002, 'tvdb'), (102261, 'tvdb'), (102261, 'tvdb'), (318950, 'tvdb'), (70863, 'tvdb'), (572154, 'tmdb'), (107811, 'ratingKey'), (304316, 'tvdb'), (389377, 'tvdb'), (103542, 'ratingKey'), (402337, 'tvdb'), (111570, 'ratingKey'), (339268, 'tvdb'), (259640, 'tvdb'), (105589, 'ratingKey'), (102410, 'ratingKey'), (352408, 'tvdb'), (385374, 'tvdb'), (378556, 'tvdb'), (388672, 'tvdb'), (360438, 'tvdb'), (114921, 'tvdb'), (114921, 'tvdb'), (114921, 'tvdb'), (83322, 'tvdb'), (83322, 'tvdb'), (83322, 'tvdb'), (103462, 'ratingKey'), (400133, 'tvdb'), (400133, 'tvdb'), (102459, 'ratingKey'), (267435, 'tvdb'), (267435, 'tvdb'), (267435, 'tvdb'), (348002, 'tvdb'), (348002, 'tvdb'), (329822, 'tvdb'), (329822, 'tvdb'), (104630, 'ratingKey')] |
[2023-01-31 10:56:53,889] [builder.py:1284]           [DEBUG]    |                                                                                                    |
[2023-01-31 10:56:54,310] [builder.py:1697]           [INFO]     |                                                                                                    |
[2023-01-31 10:56:54,311] [util.py:216]               [INFO]     |============================ Adding to Jack's Plan to Watch Collection =============================|
[2023-01-31 10:56:54,312] [builder.py:1699]           [INFO]     |                                                                                                    |
[2023-01-31 10:56:54,312] [builder.py:1709]           [INFO]     |  1/44 | Jack's Plan to Watch Collection | = | Sangatsu no Lion                                     |
[2023-01-31 10:56:54,313] [builder.py:1709]           [INFO]     |  2/44 | Jack's Plan to Watch Collection | = | Go-Toubun no Hanayome                                |
[2023-01-31 10:56:54,313] [builder.py:1709]           [INFO]     |  3/44 | Jack's Plan to Watch Collection | = | Aharen-san wa Hakarenai                              |
[2023-01-31 10:56:54,314] [builder.py:1709]           [INFO]     |  4/44 | Jack's Plan to Watch Collection | = | Akame ga Kill!                                       |
[2023-01-31 10:56:54,314] [builder.py:1709]           [INFO]     |  5/44 | Jack's Plan to Watch Collection | = | Akudama Drive                                        |
[2023-01-31 10:56:54,315] [builder.py:1709]           [INFO]     |  6/44 | Jack's Plan to Watch Collection | = | Another                                              |
[2023-01-31 10:56:54,315] [builder.py:1709]           [INFO]     |  7/44 | Jack's Plan to Watch Collection | = | Burn the Witch                                       |
[2023-01-31 10:56:54,316] [builder.py:1709]           [INFO]     |  8/44 | Jack's Plan to Watch Collection | = | Dance Dance Danseur                                  |
[2023-01-31 10:56:54,316] [builder.py:1709]           [INFO]     |  9/44 | Jack's Plan to Watch Collection | = | Danshi Koukousei no Nichijou                         |
[2023-01-31 10:56:54,317] [builder.py:1709]           [INFO]     | 10/44 | Jack's Plan to Watch Collection | = | Date a Live                                          |
[2023-01-31 10:56:54,317] [builder.py:1709]           [INFO]     | 11/44 | Jack's Plan to Watch Collection | = | Dr. Stone                                            |
[2023-01-31 10:56:54,318] [builder.py:1709]           [INFO]     | 12/44 | Jack's Plan to Watch Collection | = | Dungeon ni Deai o Motomeru no wa Machigatte Iru Darouka: Familia Myth |
[2023-01-31 10:56:54,318] [builder.py:1709]           [INFO]     | 13/44 | Jack's Plan to Watch Collection | = | Given                                                |
[2023-01-31 10:56:54,318] [builder.py:1709]           [INFO]     | 14/44 | Jack's Plan to Watch Collection | = | Goblin Slayer                                        |
[2023-01-31 10:56:54,319] [builder.py:1709]           [INFO]     | 15/44 | Jack's Plan to Watch Collection | = | Golden Kamuy                                         |
[2023-01-31 10:56:54,319] [builder.py:1709]           [INFO]     | 16/44 | Jack's Plan to Watch Collection | = | Hajime no Ippo: The Fighting!                        |
[2023-01-31 10:56:54,319] [builder.py:1709]           [INFO]     | 17/44 | Jack's Plan to Watch Collection | = | Horimiya                                             |
[2023-01-31 10:56:54,320] [builder.py:1709]           [INFO]     | 18/44 | Jack's Plan to Watch Collection | = | Hyouka                                               |
[2023-01-31 10:56:54,320] [builder.py:1709]           [INFO]     | 19/44 | Jack's Plan to Watch Collection | = | K-On!                                                |
[2023-01-31 10:56:54,321] [builder.py:1709]           [INFO]     | 20/44 | Jack's Plan to Watch Collection | = | Kaguya-sama wa Kokurasetai: Tensai-tachi no Ren'ai Zunousen |
[2023-01-31 10:56:54,321] [builder.py:1709]           [INFO]     | 21/44 | Jack's Plan to Watch Collection | = | Kami no Tou                                          |
[2023-01-31 10:56:54,321] [builder.py:1709]           [INFO]     | 22/44 | Jack's Plan to Watch Collection | = | Kanojo, Okarishimasu                                 |
[2023-01-31 10:56:54,322] [builder.py:1709]           [INFO]     | 23/44 | Jack's Plan to Watch Collection | = | Kidou Senshi Gundam: Suisei no Majo                  |
[2023-01-31 10:56:54,322] [builder.py:1709]           [INFO]     | 24/44 | Jack's Plan to Watch Collection | = | Kinsou no Vermeil: Gakeppuchi Majutsushi wa Saikyou no Yakusai to Mahou Sekai o Tsukisusumu |
[2023-01-31 10:56:54,323] [builder.py:1709]           [INFO]     | 25/44 | Jack's Plan to Watch Collection | = | Kiseijuu: Sei no Kakuritsu                           |
[2023-01-31 10:56:54,323] [builder.py:1709]           [INFO]     | 26/44 | Jack's Plan to Watch Collection | = | Komi-san wa, Komyushou Desu.                         |
[2023-01-31 10:56:54,324] [builder.py:1709]           [INFO]     | 27/44 | Jack's Plan to Watch Collection | = | Bakemonogatari                                       |
[2023-01-31 10:56:54,324] [builder.py:1709]           [INFO]     | 28/44 | Jack's Plan to Watch Collection | = | Ookami to Koushinryou                                |
[2023-01-31 10:56:54,325] [builder.py:1709]           [INFO]     | 29/44 | Jack's Plan to Watch Collection | = | Overlord                                             |
[2023-01-31 10:56:54,325] [builder.py:1709]           [INFO]     | 30/44 | Jack's Plan to Watch Collection | = | Shinsekai yori                                       |
[2023-01-31 10:56:54,326] [builder.py:1709]           [INFO]     | 31/44 | Jack's Plan to Watch Collection | = | Slime Taoshite 300-nen, Shiranai Uchi ni Level Max ni Nattemashita |
[2023-01-31 10:56:54,328] [builder.py:1709]           [INFO]     | 32/44 | Jack's Plan to Watch Collection | = | Sonny Boy                                            |
[2023-01-31 10:56:54,328] [builder.py:1709]           [INFO]     | 33/44 | Jack's Plan to Watch Collection | = | Soredemo Ayumu wa Yosetekuru                         |
[2023-01-31 10:56:54,329] [builder.py:1709]           [INFO]     | 34/44 | Jack's Plan to Watch Collection | = | Star Wars: Visions                                   |
[2023-01-31 10:56:54,329] [builder.py:1709]           [INFO]     | 35/44 | Jack's Plan to Watch Collection | = | Tanaka-kun wa Itsumo Kedaruge                        |
[2023-01-31 10:56:54,330] [builder.py:1709]           [INFO]     | 36/44 | Jack's Plan to Watch Collection | = | Tensei Kenja no Isekai Life: Daini no Shokugyou o Ete, Sekai Saikyou ni Narimashita |
[2023-01-31 10:56:54,330] [builder.py:1709]           [INFO]     | 37/44 | Jack's Plan to Watch Collection | = | Tensei Shitara Slime Datta Ken                       |
[2023-01-31 10:56:54,331] [builder.py:1709]           [INFO]     | 38/44 | Jack's Plan to Watch Collection | = | The God of High School                               |
[2023-01-31 10:56:54,331] [builder.py:1709]           [INFO]     | 39/44 | Jack's Plan to Watch Collection | = | Tonikaku Kawaii                                      |
[2023-01-31 10:56:54,332] [builder.py:1709]           [INFO]     | 40/44 | Jack's Plan to Watch Collection | = | Vanitas no Karte                                     |
[2023-01-31 10:56:54,332] [builder.py:1709]           [INFO]     | 41/44 | Jack's Plan to Watch Collection | = | Violet Evergarden                                    |
[2023-01-31 10:56:54,332] [builder.py:1709]           [INFO]     | 42/44 | Jack's Plan to Watch Collection | = | Yakusoku no Neverland                                |
[2023-01-31 10:56:54,333] [builder.py:1709]           [INFO]     | 43/44 | Jack's Plan to Watch Collection | = | Youkoso Jitsuryoku Shijou Shugi no Kyoushitsu e      |
[2023-01-31 10:56:54,333] [builder.py:1709]           [INFO]     | 44/44 | Jack's Plan to Watch Collection | = | Yuuri!!! on Ice                                      |
[2023-01-31 10:56:54,334] [builder.py:1734]           [INFO]     |                                                                                                    |
[2023-01-31 10:56:54,334] [builder.py:1735]           [INFO]     | 44 Shows Processed                                                                                 |
[2023-01-31 10:56:54,334] [builder.py:1929]           [INFO]     |                                                                                                    |
[2023-01-31 10:56:54,335] [util.py:216]               [INFO]     |======================== Missing Movies from Library: Jack's Plan to Watch =========================|
[2023-01-31 10:56:54,335] [builder.py:1931]           [INFO]     |                                                                                                    |
[2023-01-31 10:56:54,362] [builder.py:1943]           [INFO]     | Jack's Plan to Watch Collection | ? | Akira (1988) (TMDb: 149)                                     |
[2023-01-31 10:56:54,386] [builder.py:1943]           [INFO]     | Jack's Plan to Watch Collection | ? | Gintama: The Movie: The Final Chapter: Be Forever Yorozuya (2013) (TMDb: 245917) |
[2023-01-31 10:56:54,414] [builder.py:1943]           [INFO]     | Jack's Plan to Watch Collection | ? | A Silent Voice: The Movie (2016) (TMDb: 378064)              |
[2023-01-31 10:56:54,474] [builder.py:1943]           [INFO]     | Jack's Plan to Watch Collection | ? | The Garden of Words (2013) (TMDb: 198375)                    |
[2023-01-31 10:56:54,523] [builder.py:1943]           [INFO]     | Jack's Plan to Watch Collection | ? | Rascal Does Not Dream of a Dreaming Girl (2019) (TMDb: 572154) |
[2023-01-31 10:56:54,524] [builder.py:1947]           [INFO]     |                                                                                                    |
[2023-01-31 10:56:54,525] [builder.py:1948]           [INFO]     | 5 Movies Missing                                                                                   |
[2023-01-31 10:56:54,527] [builder.py:1969]           [INFO]     |                                                                                                    |
[2023-01-31 10:56:54,528] [util.py:216]               [INFO]     |========================= Missing Shows from Library: Jack's Plan to Watch =========================|
[2023-01-31 10:56:54,528] [builder.py:1971]           [INFO]     |                                                                                                    |
[2023-01-31 10:56:54,545] [builder.py:1982]           [INFO]     | Jack's Plan to Watch Collection | ? | Akebi's Sailor Uniform (TVDB: 400090)                        |
[2023-01-31 10:56:54,559] [builder.py:1982]           [INFO]     | Jack's Plan to Watch Collection | ? | Amagami SS (TVDB: 172921)                                    |
[2023-01-31 10:56:54,574] [builder.py:1982]           [INFO]     | Jack's Plan to Watch Collection | ? | Anohana: The Flower We Saw That Day (TVDB: 247958)           |
[2023-01-31 10:56:54,592] [builder.py:1982]           [INFO]     | Jack's Plan to Watch Collection | ? | Assassination Classroom (TVDB: 283947)                       |
[2023-01-31 10:56:54,608] [builder.py:1982]           [INFO]     | Jack's Plan to Watch Collection | ? | Blue Exorcist (TVDB: 248035)                                 |
[2023-01-31 10:56:54,623] [builder.py:1982]           [INFO]     | Jack's Plan to Watch Collection | ? | Aria (TVDB: 79839)                                           |
[2023-01-31 10:56:54,646] [builder.py:1982]           [INFO]     | Jack's Plan to Watch Collection | ? | Barakamon (TVDB: 281270)                                     |
[2023-01-31 10:56:54,666] [builder.py:1982]           [INFO]     | Jack's Plan to Watch Collection | ? | Black Clover (TVDB: 331753)                                  |
[2023-01-31 10:56:54,681] [builder.py:1982]           [INFO]     | Jack's Plan to Watch Collection | ? | Black Lagoon (TVDB: 79604)                                   |
[2023-01-31 10:56:54,697] [builder.py:1982]           [INFO]     | Jack's Plan to Watch Collection | ? | Chihayafuru (TVDB: 251982)                                   |
[2023-01-31 10:56:54,713] [builder.py:1982]           [INFO]     | Jack's Plan to Watch Collection | ? | Love, Chunibyo & Other Delusions! (TVDB: 261862)             |
[2023-01-31 10:56:54,729] [builder.py:1982]           [INFO]     | Jack's Plan to Watch Collection | ? | Citrus (TVDB: 337120)                                        |
[2023-01-31 10:56:54,747] [builder.py:1982]           [INFO]     | Jack's Plan to Watch Collection | ? | Clannad (TVDB: 80644)                                        |
[2023-01-31 10:56:54,764] [builder.py:1982]           [INFO]     | Jack's Plan to Watch Collection | ? | Darker Than Black (TVDB: 80042)                              |
[2023-01-31 10:56:54,788] [builder.py:1982]           [INFO]     | Jack's Plan to Watch Collection | ? | DARLING in the FRANXX (TVDB: 337017)                         |
[2023-01-31 10:56:54,804] [builder.py:1982]           [INFO]     | Jack's Plan to Watch Collection | ? | Death Parade (TVDB: 289177)                                  |
[2023-01-31 10:56:54,819] [builder.py:1982]           [INFO]     | Jack's Plan to Watch Collection | ? | Keep Your Hands Off Eizouken! (TVDB: 370769)                 |
[2023-01-31 10:56:54,838] [builder.py:1982]           [INFO]     | Jack's Plan to Watch Collection | ? | Fire Force (TVDB: 355480)                                    |
[2023-01-31 10:56:54,863] [builder.py:1982]           [INFO]     | Jack's Plan to Watch Collection | ? | Fairy Tail (TVDB: 114801)                                    |
[2023-01-31 10:56:54,880] [builder.py:1982]           [INFO]     | Jack's Plan to Watch Collection | ? | Fate/Zero (TVDB: 275798)                                     |
[2023-01-31 10:56:54,896] [builder.py:1982]           [INFO]     | Jack's Plan to Watch Collection | ? | Fruits Basket (2019) (TVDB: 357488)                          |
[2023-01-31 10:56:54,910] [builder.py:1982]           [INFO]     | Jack's Plan to Watch Collection | ? | Legend of the Galactic Heroes (TVDB: 81618)                  |
[2023-01-31 10:56:54,935] [builder.py:1982]           [INFO]     | Jack's Plan to Watch Collection | ? | Gintama (TVDB: 79895)                                        |
[2023-01-31 10:56:54,954] [builder.py:1982]           [INFO]     | Jack's Plan to Watch Collection | ? | God Eater (TVDB: 295224)                                     |
[2023-01-31 10:56:54,968] [builder.py:1982]           [INFO]     | Jack's Plan to Watch Collection | ? | Golden Boy (TVDB: 72408)                                     |
[2023-01-31 10:56:54,983] [builder.py:1982]           [INFO]     | Jack's Plan to Watch Collection | ? | Great Teacher Onizuka (TVDB: 79071)                          |
[2023-01-31 10:56:55,001] [builder.py:1982]           [INFO]     | Jack's Plan to Watch Collection | ? | Guilty Crown (TVDB: 252471)                                  |
[2023-01-31 10:56:55,015] [builder.py:1982]           [INFO]     | Jack's Plan to Watch Collection | ? | Grimgar of Fantasy and Ash (TVDB: 303868)                    |
[2023-01-31 10:56:55,030] [builder.py:1982]           [INFO]     | Jack's Plan to Watch Collection | ? | Kinmoza! (TVDB: 269872)                                      |
[2023-01-31 10:56:55,049] [builder.py:1982]           [INFO]     | Jack's Plan to Watch Collection | ? | InuYasha (TVDB: 71361)                                       |
[2023-01-31 10:56:55,072] [builder.py:1982]           [INFO]     | Jack's Plan to Watch Collection | ? | JoJo's Bizarre Adventure (2012) (TVDB: 262954)               |
[2023-01-31 10:56:55,087] [builder.py:1982]           [INFO]     | Jack's Plan to Watch Collection | ? | Mobile Suit Gundam 00 (TVDB: 80675)                          |
[2023-01-31 10:56:55,102] [builder.py:1982]           [INFO]     | Jack's Plan to Watch Collection | ? | Kokoro Connect (TVDB: 259647)                                |
[2023-01-31 10:56:55,140] [builder.py:1982]           [INFO]     | Jack's Plan to Watch Collection | ? | The Yakuza's Guide to Babysitting (TVDB: 409723)             |
[2023-01-31 10:56:55,178] [builder.py:1982]           [INFO]     | Jack's Plan to Watch Collection | ? | Log Horizon (TVDB: 272128)                                   |
[2023-01-31 10:56:55,194] [builder.py:1982]           [INFO]     | Jack's Plan to Watch Collection | ? | Lucky Star (TVDB: 80177)                                     |
[2023-01-31 10:56:55,209] [builder.py:1982]           [INFO]     | Jack's Plan to Watch Collection | ? | Puella Magi Madoka Magica (TVDB: 219181)                     |
[2023-01-31 10:56:55,224] [builder.py:1982]           [INFO]     | Jack's Plan to Watch Collection | ? | Michiko & Hatchin (TVDB: 83475)                              |
[2023-01-31 10:56:55,238] [builder.py:1982]           [INFO]     | Jack's Plan to Watch Collection | ? | Monster (TVDB: 74599)                                        |
[2023-01-31 10:56:55,256] [builder.py:1982]           [INFO]     | Jack's Plan to Watch Collection | ? | The Seven Deadly Sins (TVDB: 284131)                         |
[2023-01-31 10:56:55,275] [builder.py:1982]           [INFO]     | Jack's Plan to Watch Collection | ? | Natsume's Book of Friends (TVDB: 82788)                      |
[2023-01-31 10:56:55,292] [builder.py:1982]           [INFO]     | Jack's Plan to Watch Collection | ? | Nichijou: My Ordinary Life (TVDB: 240291)                    |
[2023-01-31 10:56:55,307] [builder.py:1982]           [INFO]     | Jack's Plan to Watch Collection | ? | Megalobox (TVDB: 341437)                                     |
[2023-01-31 10:56:55,325] [builder.py:1982]           [INFO]     | Jack's Plan to Watch Collection | ? | Noragami (TVDB: 275610)                                      |
[2023-01-31 10:56:55,355] [builder.py:1982]           [INFO]     | Jack's Plan to Watch Collection | ? | One Piece (TVDB: 81797)                                      |
[2023-01-31 10:56:55,372] [builder.py:1982]           [INFO]     | Jack's Plan to Watch Collection | ? | Akashic Records of Bastard Magic Instructor (TVDB: 318950)   |
[2023-01-31 10:56:55,388] [builder.py:1982]           [INFO]     | Jack's Plan to Watch Collection | ? | Rurouni Kenshin (TVDB: 70863)                                |
[2023-01-31 10:56:55,403] [builder.py:1982]           [INFO]     | Jack's Plan to Watch Collection | ? | Showa Genroku Rakugo Shinju (TVDB: 304316)                   |
[2023-01-31 10:56:55,419] [builder.py:1982]           [INFO]     | Jack's Plan to Watch Collection | ? | Steins;Gate 0 (TVDB: 339268)                                 |
[2023-01-31 10:56:55,440] [builder.py:1982]           [INFO]     | Jack's Plan to Watch Collection | ? | Sword Art Online (TVDB: 259640)                              |
[2023-01-31 10:56:55,455] [builder.py:1982]           [INFO]     | Jack's Plan to Watch Collection | ? | The Slime Diaries: That Time I Got Reincarnated as a Slime (TVDB: 385374) |
[2023-01-31 10:56:55,473] [builder.py:1982]           [INFO]     | Jack's Plan to Watch Collection | ? | Heaven Official's Blessing (TVDB: 388672)                    |
[2023-01-31 10:56:55,487] [builder.py:1982]           [INFO]     | Jack's Plan to Watch Collection | ? | A Certain Scientific Accelerator (TVDB: 360438)              |
[2023-01-31 10:56:55,503] [builder.py:1982]           [INFO]     | Jack's Plan to Watch Collection | ? | A Certain Scientific Railgun (TVDB: 114921)                  |
[2023-01-31 10:56:55,521] [builder.py:1982]           [INFO]     | Jack's Plan to Watch Collection | ? | A Certain Magical Index (TVDB: 83322)                        |
[2023-01-31 10:56:55,542] [builder.py:1982]           [INFO]     | Jack's Plan to Watch Collection | ? | My Teen Romantic Comedy SNAFU (TVDB: 267435)                 |
[2023-01-31 10:56:55,543] [builder.py:1986]           [INFO]     |                                                                                                    |
[2023-01-31 10:56:55,543] [builder.py:1987]           [INFO]     | 56 Shows Missing                                                                                   |
[2023-01-31 10:56:55,549] [sonarr.py:69]              [INFO]     |                                                                                                    |
[2023-01-31 10:56:55,549] [util.py:216]               [INFO]     |===================================== Adding Missing to Sonarr =====================================|
[2023-01-31 10:56:55,550] [sonarr.py:71]              [DEBUG]    |                                                                                                    |
[2023-01-31 10:56:55,550] [sonarr.py:72]              [DEBUG]    | Sonarr Adds: [400090, 172921, 247958, 283947, 248035, 79839, 281270, 331753, 79604, 251982, 261862, 337120, 80644, 80042, 337017, 289177, 370769, 355480, 114801, 275798, 357488, 81618, 79895, 295224, 72408, 79071, 252471, 303868, 269872, 71361, 262954, 80675, 259647, 409723, 272128, 80177, 219181, 83475, 74599, 284131, 82788, 240291, 341437, 275610, 81797, 318950, 70863, 304316, 339268, 259640, 385374, 388672, 360438, 114921, 83322, 267435] |
[2023-01-31 10:56:55,865] [sonarr.py:165]             [INFO]     |                                                                                                    |
[2023-01-31 10:56:55,866] [sonarr.py:173]             [INFO]     | Skipped: In Cache | 400090                                                                         |
[2023-01-31 10:56:55,866] [sonarr.py:173]             [INFO]     | Skipped: In Cache | 172921                                                                         |
[2023-01-31 10:56:55,866] [sonarr.py:173]             [INFO]     | Skipped: In Cache | 247958                                                                         |
[2023-01-31 10:56:55,867] [sonarr.py:173]             [INFO]     | Skipped: In Cache | 283947                                                                         |
[2023-01-31 10:56:55,867] [sonarr.py:173]             [INFO]     | Skipped: In Cache | 248035                                                                         |
[2023-01-31 10:56:55,868] [sonarr.py:173]             [INFO]     | Skipped: In Cache | 79839                                                                          |
[2023-01-31 10:56:55,868] [sonarr.py:173]             [INFO]     | Skipped: In Cache | 281270                                                                         |
[2023-01-31 10:56:55,869] [sonarr.py:173]             [INFO]     | Skipped: In Cache | 331753                                                                         |
[2023-01-31 10:56:55,869] [sonarr.py:173]             [INFO]     | Skipped: In Cache | 79604                                                                          |
[2023-01-31 10:56:55,870] [sonarr.py:173]             [INFO]     | Skipped: In Cache | 251982                                                                         |
[2023-01-31 10:56:55,870] [sonarr.py:173]             [INFO]     | Skipped: In Cache | 261862                                                                         |
[2023-01-31 10:56:55,870] [sonarr.py:173]             [INFO]     | Skipped: In Cache | 337120                                                                         |
[2023-01-31 10:56:55,871] [sonarr.py:173]             [INFO]     | Skipped: In Cache | 80644                                                                          |
[2023-01-31 10:56:55,872] [sonarr.py:173]             [INFO]     | Skipped: In Cache | 80042                                                                          |
[2023-01-31 10:56:55,872] [sonarr.py:173]             [INFO]     | Skipped: In Cache | 337017                                                                         |
[2023-01-31 10:56:55,873] [sonarr.py:173]             [INFO]     | Skipped: In Cache | 289177                                                                         |
[2023-01-31 10:56:55,873] [sonarr.py:173]             [INFO]     | Skipped: In Cache | 370769                                                                         |
[2023-01-31 10:56:55,874] [sonarr.py:173]             [INFO]     | Skipped: In Cache | 355480                                                                         |
[2023-01-31 10:56:55,874] [sonarr.py:173]             [INFO]     | Skipped: In Cache | 114801                                                                         |
[2023-01-31 10:56:55,875] [sonarr.py:173]             [INFO]     | Skipped: In Cache | 275798                                                                         |
[2023-01-31 10:56:55,875] [sonarr.py:173]             [INFO]     | Skipped: In Cache | 357488                                                                         |
[2023-01-31 10:56:55,875] [sonarr.py:173]             [INFO]     | Skipped: In Cache | 81618                                                                          |
[2023-01-31 10:56:55,876] [sonarr.py:173]             [INFO]     | Skipped: In Cache | 79895                                                                          |
[2023-01-31 10:56:55,876] [sonarr.py:173]             [INFO]     | Skipped: In Cache | 295224                                                                         |
[2023-01-31 10:56:55,876] [sonarr.py:173]             [INFO]     | Skipped: In Cache | 72408                                                                          |
[2023-01-31 10:56:55,877] [sonarr.py:173]             [INFO]     | Skipped: In Cache | 79071                                                                          |
[2023-01-31 10:56:55,877] [sonarr.py:173]             [INFO]     | Skipped: In Cache | 252471                                                                         |
[2023-01-31 10:56:55,879] [sonarr.py:173]             [INFO]     | Skipped: In Cache | 303868                                                                         |
[2023-01-31 10:56:55,881] [sonarr.py:173]             [INFO]     | Skipped: In Cache | 269872                                                                         |
[2023-01-31 10:56:55,881] [sonarr.py:173]             [INFO]     | Skipped: In Cache | 71361                                                                          |
[2023-01-31 10:56:55,881] [sonarr.py:173]             [INFO]     | Skipped: In Cache | 262954                                                                         |
[2023-01-31 10:56:55,882] [sonarr.py:173]             [INFO]     | Skipped: In Cache | 80675                                                                          |
[2023-01-31 10:56:55,882] [sonarr.py:173]             [INFO]     | Skipped: In Cache | 259647                                                                         |
[2023-01-31 10:56:55,883] [sonarr.py:173]             [INFO]     | Skipped: In Cache | 409723                                                                         |
[2023-01-31 10:56:55,883] [sonarr.py:173]             [INFO]     | Skipped: In Cache | 272128                                                                         |
[2023-01-31 10:56:55,883] [sonarr.py:173]             [INFO]     | Skipped: In Cache | 80177                                                                          |
[2023-01-31 10:56:55,884] [sonarr.py:173]             [INFO]     | Skipped: In Cache | 219181                                                                         |
[2023-01-31 10:56:55,884] [sonarr.py:173]             [INFO]     | Skipped: In Cache | 83475                                                                          |
[2023-01-31 10:56:55,885] [sonarr.py:173]             [INFO]     | Skipped: In Cache | 74599                                                                          |
[2023-01-31 10:56:55,885] [sonarr.py:173]             [INFO]     | Skipped: In Cache | 284131                                                                         |
[2023-01-31 10:56:55,885] [sonarr.py:173]             [INFO]     | Skipped: In Cache | 82788                                                                          |
[2023-01-31 10:56:55,886] [sonarr.py:173]             [INFO]     | Skipped: In Cache | 240291                                                                         |
[2023-01-31 10:56:55,886] [sonarr.py:173]             [INFO]     | Skipped: In Cache | 341437                                                                         |
[2023-01-31 10:56:55,887] [sonarr.py:173]             [INFO]     | Skipped: In Cache | 275610                                                                         |
[2023-01-31 10:56:55,887] [sonarr.py:173]             [INFO]     | Skipped: In Cache | 81797                                                                          |
[2023-01-31 10:56:55,887] [sonarr.py:173]             [INFO]     | Skipped: In Cache | 318950                                                                         |
[2023-01-31 10:56:55,888] [sonarr.py:173]             [INFO]     | Skipped: In Cache | 70863                                                                          |
[2023-01-31 10:56:55,888] [sonarr.py:173]             [INFO]     | Skipped: In Cache | 304316                                                                         |
[2023-01-31 10:56:55,888] [sonarr.py:173]             [INFO]     | Skipped: In Cache | 339268                                                                         |
[2023-01-31 10:56:55,889] [sonarr.py:173]             [INFO]     | Skipped: In Cache | 259640                                                                         |
[2023-01-31 10:56:55,889] [sonarr.py:173]             [INFO]     | Skipped: In Cache | 385374                                                                         |
[2023-01-31 10:56:55,889] [sonarr.py:173]             [INFO]     | Skipped: In Cache | 388672                                                                         |
[2023-01-31 10:56:55,890] [sonarr.py:173]             [INFO]     | Skipped: In Cache | 360438                                                                         |
[2023-01-31 10:56:55,890] [sonarr.py:173]             [INFO]     | Skipped: In Cache | 114921                                                                         |
[2023-01-31 10:56:55,890] [sonarr.py:173]             [INFO]     | Skipped: In Cache | 83322                                                                          |
[2023-01-31 10:56:55,891] [sonarr.py:173]             [INFO]     | Skipped: In Cache | 267435                                                                         |
[2023-01-31 10:56:55,891] [sonarr.py:174]             [INFO]     | 56 Series already exist in Sonarr                                                                  |
[2023-01-31 10:56:55,898] [builder.py:2147]           [INFO]     |                                                                                                    |
[2023-01-31 10:56:55,899] [util.py:216]               [INFO]     |======================= Updating Details of Jack's Plan to Watch Collection ========================|
[2023-01-31 10:56:55,899] [builder.py:2149]           [INFO]     |                                                                                                    |
[2023-01-31 10:56:55,900] [builder.py:2294]           [INFO]     | No poster collection detail or asset folder found                                                  |
[2023-01-31 10:56:55,901] [builder.py:2327]           [INFO]     | No background collection detail or asset folder found                                              |
[2023-01-31 10:56:55,945] [builder.py:2023]           [INFO]     |                                                                                                    |
[2023-01-31 10:56:55,946] [util.py:216]               [INFO]     |================= Updating Details of the Items in Jack's Plan to Watch Collection =================|
[2023-01-31 10:56:55,946] [builder.py:2025]           [INFO]     |                                                                                                    |
[2023-01-31 10:57:04,555] [sonarr.py:69]              [INFO]     |                                                                                                    |
[2023-01-31 10:57:04,555] [util.py:216]               [INFO]     |==================================== Adding Existing to Sonarr =====================================|
[2023-01-31 10:57:04,557] [sonarr.py:71]              [DEBUG]    |                                                                                                    |
[2023-01-31 10:57:04,557] [sonarr.py:72]              [DEBUG]    | Sonarr Adds:                                                                                       |
[2023-01-31 10:57:04,557] [sonarr.py:74]              [DEBUG]    | (306269, 'F:\\Anime\\March Comes in Like a Lion (2016) [tvdb-306269]')                             |
[2023-01-31 10:57:04,558] [sonarr.py:74]              [DEBUG]    | (355966, 'F:\\Anime\\Quintessential Quintuplets, The (2019) [tvdb-355966]')                        |
[2023-01-31 10:57:04,558] [sonarr.py:74]              [DEBUG]    | (407833, 'F:\\Anime\\Aharen Is Indecipherable (2022) [tvdb-407833]')                               |
[2023-01-31 10:57:04,558] [sonarr.py:74]              [DEBUG]    | (280329, 'F:\\Anime\\Akame ga Kill! (2014) [tvdb-280329]')                                         |
[2023-01-31 10:57:04,559] [sonarr.py:74]              [DEBUG]    | (378879, 'F:\\Anime\\Akudama Drive (2020) [tvdb-378879]')                                          |
[2023-01-31 10:57:04,559] [sonarr.py:74]              [DEBUG]    | (254349, 'F:\\Anime\\Another (2012) [tvdb-254349]')                                                |
[2023-01-31 10:57:04,559] [sonarr.py:74]              [DEBUG]    | (389459, 'F:\\Anime\\Burn the Witch (2020) [tvdb-389459]')                                         |
[2023-01-31 10:57:04,560] [sonarr.py:74]              [DEBUG]    | (402125, 'F:\\Anime\\Dance Dance Danseur (2022) [tvdb-402125]')                                    |
[2023-01-31 10:57:04,560] [sonarr.py:74]              [DEBUG]    | (254661, 'F:\\Anime\\Daily Lives of High School Boys (2012) [tvdb-254661]')                        |
[2023-01-31 10:57:04,560] [sonarr.py:74]              [DEBUG]    | (264663, 'F:\\Anime\\Date A Live (2013) [tvdb-264663]')                                            |
[2023-01-31 10:57:04,561] [sonarr.py:74]              [DEBUG]    | (355774, 'F:\\Anime\\Dr. Stone (2019) [tvdb-355774]')                                              |
[2023-01-31 10:57:04,561] [sonarr.py:74]              [DEBUG]    | (289882, 'F:\\Anime\\Is It Wrong to Try to Pick Up Girls in a Dungeon! (2015) [tvdb-289882]')      |
[2023-01-31 10:57:04,562] [sonarr.py:74]              [DEBUG]    | (361218, 'F:\\Anime\\Given (2019) [tvdb-361218]')                                                  |
[2023-01-31 10:57:04,562] [sonarr.py:74]              [DEBUG]    | (350166, 'F:\\Anime\\Goblin Slayer (2018) [tvdb-350166]')                                          |
[2023-01-31 10:57:04,562] [sonarr.py:74]              [DEBUG]    | (338455, 'F:\\Anime\\Golden Kamuy (2018) [tvdb-338455]')                                           |
[2023-01-31 10:57:04,563] [sonarr.py:74]              [DEBUG]    | (79685, 'F:\\Anime\\Hajime no Ippo (2000) [tvdb-79685]')                                           |
[2023-01-31 10:57:04,563] [sonarr.py:74]              [DEBUG]    | (388593, 'F:\\Anime\\Horimiya (2021) [tvdb-388593]')                                               |
[2023-01-31 10:57:04,563] [sonarr.py:74]              [DEBUG]    | (257764, 'F:\\Anime\\Hyouka (2012) [tvdb-257764]')                                                 |
[2023-01-31 10:57:04,564] [sonarr.py:74]              [DEBUG]    | (87501, 'F:\\Anime\\K-ON! (2009) [tvdb-87501]')                                                    |
[2023-01-31 10:57:04,564] [sonarr.py:74]              [DEBUG]    | (354198, 'F:\\Anime\\Kaguya-sama - Love Is War (2019) [tvdb-354198]')                              |
[2023-01-31 10:57:04,564] [sonarr.py:74]              [DEBUG]    | (376729, 'F:\\Anime\\Tower of God (2020) [tvdb-376729]')                                           |
[2023-01-31 10:57:04,565] [sonarr.py:74]              [DEBUG]    | (380654, 'F:\\Anime\\Rent-a-Girlfriend (2020) [tvdb-380654]')                                      |
[2023-01-31 10:57:04,565] [sonarr.py:74]              [DEBUG]    | (418364, 'F:\\Anime\\Mobile Suit Gundam - The Witch From Mercury (2022) [tvdb-418364]')            |
[2023-01-31 10:57:04,565] [sonarr.py:74]              [DEBUG]    | (417658, 'F:\\Anime\\Vermeil in Gold (2022) [tvdb-417658]')                                        |
[2023-01-31 10:57:04,566] [sonarr.py:74]              [DEBUG]    | (279831, 'F:\\Anime\\Parasyte -the maxim- (2014) [tvdb-279831]')                                   |
[2023-01-31 10:57:04,566] [sonarr.py:74]              [DEBUG]    | (402412, "F:\\Anime\\Komi Can't Communicate (2021) [tvdb-402412]")                                 |
[2023-01-31 10:57:04,566] [sonarr.py:74]              [DEBUG]    | (102261, 'F:\\Anime\\Monogatari (2009) [tvdb-102261]')                                             |
[2023-01-31 10:57:04,566] [sonarr.py:74]              [DEBUG]    | (81178, 'F:\\Anime\\Spice and Wolf (2008) [tvdb-81178]')                                           |
[2023-01-31 10:57:04,567] [sonarr.py:74]              [DEBUG]    | (294002, 'F:\\Anime\\Overlord (2015) [tvdb-294002]')                                               |
[2023-01-31 10:57:04,567] [sonarr.py:74]              [DEBUG]    | (262838, 'F:\\Anime\\From the New World (2012) [tvdb-262838]')                                     |
[2023-01-31 10:57:04,567] [sonarr.py:74]              [DEBUG]    | (389377, "F:\\Anime\\I've Been Killing Slimes for 300 Years and Maxed Out My Level (2021) [tvdb-389377]") |
[2023-01-31 10:57:04,567] [sonarr.py:74]              [DEBUG]    | (401948, 'F:\\Anime\\Sonny Boy (2021) [tvdb-401948]')                                              |
[2023-01-31 10:57:04,568] [sonarr.py:74]              [DEBUG]    | (402337, 'F:\\Anime\\When Will Ayumu Make His Move! (2022) [tvdb-402337]')                         |
[2023-01-31 10:57:04,568] [sonarr.py:74]              [DEBUG]    | (393190, 'F:\\Anime\\Star Wars - Visions (2021) [tvdb-393190]')                                    |
[2023-01-31 10:57:04,568] [sonarr.py:74]              [DEBUG]    | (305104, 'F:\\Anime\\Tanaka-kun Is Always Listless (2016) [tvdb-305104]')                          |
[2023-01-31 10:57:04,569] [sonarr.py:74]              [DEBUG]    | (402637, 'F:\\Anime\\My Isekai Life (2022) [tvdb-402637]')                                         |
[2023-01-31 10:57:04,569] [sonarr.py:74]              [DEBUG]    | (352408, 'F:\\Anime\\That Time I Got Reincarnated as a Slime (2018) [tvdb-352408]')                |
[2023-01-31 10:57:04,569] [sonarr.py:74]              [DEBUG]    | (378556, 'F:\\Anime\\God of High School, The (2020) [tvdb-378556]')                                |
[2023-01-31 10:57:04,570] [sonarr.py:74]              [DEBUG]    | (385077, 'F:\\Anime\\TONIKAWA - Over the Moon for You (2020) [tvdb-385077]')                       |
[2023-01-31 10:57:04,570] [sonarr.py:74]              [DEBUG]    | (400133, 'F:\\Anime\\Case Study of Vanitas, The (2021) [tvdb-400133]')                             |
[2023-01-31 10:57:04,570] [sonarr.py:74]              [DEBUG]    | (330139, 'F:\\Anime\\Violet Evergarden (2018) [tvdb-330139]')                                      |
[2023-01-31 10:57:04,571] [sonarr.py:74]              [DEBUG]    | (348002, 'F:\\Anime\\Promised Neverland, The (2019) [tvdb-348002]')                                |
[2023-01-31 10:57:04,571] [sonarr.py:74]              [DEBUG]    | (329822, 'F:\\Anime\\Classroom of the Elite (2017) [tvdb-329822]')                                 |
[2023-01-31 10:57:04,571] [sonarr.py:74]              [DEBUG]    | (317004, 'F:\\Anime\\Yuri!!! on Ice (2016) [tvdb-317004]')                                         |
[2023-01-31 10:57:04,923] [sonarr.py:165]             [INFO]     |                                                                                                    |
[2023-01-31 10:57:04,923] [sonarr.py:173]             [INFO]     | Skipped: In Cache | (306269, 'F:\\Anime\\March Comes in Like a Lion (2016) [tvdb-306269]')         |
[2023-01-31 10:57:04,923] [sonarr.py:173]             [INFO]     | Skipped: In Cache | (355966, 'F:\\Anime\\Quintessential Quintuplets, The (2019) [tvdb-355966]')    |
[2023-01-31 10:57:04,924] [sonarr.py:173]             [INFO]     | Skipped: In Cache | (407833, 'F:\\Anime\\Aharen Is Indecipherable (2022) [tvdb-407833]')           |
[2023-01-31 10:57:04,924] [sonarr.py:173]             [INFO]     | Skipped: In Cache | (280329, 'F:\\Anime\\Akame ga Kill! (2014) [tvdb-280329]')                     |
[2023-01-31 10:57:04,925] [sonarr.py:173]             [INFO]     | Skipped: In Cache | (378879, 'F:\\Anime\\Akudama Drive (2020) [tvdb-378879]')                      |
[2023-01-31 10:57:04,925] [sonarr.py:173]             [INFO]     | Skipped: In Cache | (254349, 'F:\\Anime\\Another (2012) [tvdb-254349]')                            |
[2023-01-31 10:57:04,925] [sonarr.py:173]             [INFO]     | Skipped: In Cache | (389459, 'F:\\Anime\\Burn the Witch (2020) [tvdb-389459]')                     |
[2023-01-31 10:57:04,926] [sonarr.py:173]             [INFO]     | Skipped: In Cache | (402125, 'F:\\Anime\\Dance Dance Danseur (2022) [tvdb-402125]')                |
[2023-01-31 10:57:04,926] [sonarr.py:173]             [INFO]     | Skipped: In Cache | (254661, 'F:\\Anime\\Daily Lives of High School Boys (2012) [tvdb-254661]')    |
[2023-01-31 10:57:04,926] [sonarr.py:173]             [INFO]     | Skipped: In Cache | (264663, 'F:\\Anime\\Date A Live (2013) [tvdb-264663]')                        |
[2023-01-31 10:57:04,927] [sonarr.py:173]             [INFO]     | Skipped: In Cache | (355774, 'F:\\Anime\\Dr. Stone (2019) [tvdb-355774]')                          |
[2023-01-31 10:57:04,927] [sonarr.py:173]             [INFO]     | Skipped: In Cache | (289882, 'F:\\Anime\\Is It Wrong to Try to Pick Up Girls in a Dungeon! (2015) [tvdb-289882]') |
[2023-01-31 10:57:04,928] [sonarr.py:173]             [INFO]     | Skipped: In Cache | (361218, 'F:\\Anime\\Given (2019) [tvdb-361218]')                              |
[2023-01-31 10:57:04,928] [sonarr.py:173]             [INFO]     | Skipped: In Cache | (350166, 'F:\\Anime\\Goblin Slayer (2018) [tvdb-350166]')                      |
[2023-01-31 10:57:04,928] [sonarr.py:173]             [INFO]     | Skipped: In Cache | (338455, 'F:\\Anime\\Golden Kamuy (2018) [tvdb-338455]')                       |
[2023-01-31 10:57:04,929] [sonarr.py:173]             [INFO]     | Skipped: In Cache | (79685, 'F:\\Anime\\Hajime no Ippo (2000) [tvdb-79685]')                       |
[2023-01-31 10:57:04,929] [sonarr.py:173]             [INFO]     | Skipped: In Cache | (388593, 'F:\\Anime\\Horimiya (2021) [tvdb-388593]')                           |
[2023-01-31 10:57:04,930] [sonarr.py:173]             [INFO]     | Skipped: In Cache | (257764, 'F:\\Anime\\Hyouka (2012) [tvdb-257764]')                             |
[2023-01-31 10:57:04,930] [sonarr.py:173]             [INFO]     | Skipped: In Cache | (87501, 'F:\\Anime\\K-ON! (2009) [tvdb-87501]')                                |
[2023-01-31 10:57:04,931] [sonarr.py:173]             [INFO]     | Skipped: In Cache | (354198, 'F:\\Anime\\Kaguya-sama - Love Is War (2019) [tvdb-354198]')          |
[2023-01-31 10:57:04,931] [sonarr.py:173]             [INFO]     | Skipped: In Cache | (376729, 'F:\\Anime\\Tower of God (2020) [tvdb-376729]')                       |
[2023-01-31 10:57:04,931] [sonarr.py:173]             [INFO]     | Skipped: In Cache | (380654, 'F:\\Anime\\Rent-a-Girlfriend (2020) [tvdb-380654]')                  |
[2023-01-31 10:57:04,932] [sonarr.py:173]             [INFO]     | Skipped: In Cache | (418364, 'F:\\Anime\\Mobile Suit Gundam - The Witch From Mercury (2022) [tvdb-418364]') |
[2023-01-31 10:57:04,932] [sonarr.py:173]             [INFO]     | Skipped: In Cache | (417658, 'F:\\Anime\\Vermeil in Gold (2022) [tvdb-417658]')                    |
[2023-01-31 10:57:04,933] [sonarr.py:173]             [INFO]     | Skipped: In Cache | (279831, 'F:\\Anime\\Parasyte -the maxim- (2014) [tvdb-279831]')               |
[2023-01-31 10:57:04,933] [sonarr.py:173]             [INFO]     | Skipped: In Cache | (402412, "F:\\Anime\\Komi Can't Communicate (2021) [tvdb-402412]")             |
[2023-01-31 10:57:04,933] [sonarr.py:173]             [INFO]     | Skipped: In Cache | (102261, 'F:\\Anime\\Monogatari (2009) [tvdb-102261]')                         |
[2023-01-31 10:57:04,934] [sonarr.py:173]             [INFO]     | Skipped: In Cache | (81178, 'F:\\Anime\\Spice and Wolf (2008) [tvdb-81178]')                       |
[2023-01-31 10:57:04,934] [sonarr.py:173]             [INFO]     | Skipped: In Cache | (294002, 'F:\\Anime\\Overlord (2015) [tvdb-294002]')                           |
[2023-01-31 10:57:04,935] [sonarr.py:173]             [INFO]     | Skipped: In Cache | (262838, 'F:\\Anime\\From the New World (2012) [tvdb-262838]')                 |
[2023-01-31 10:57:04,935] [sonarr.py:173]             [INFO]     | Skipped: In Cache | (389377, "F:\\Anime\\I've Been Killing Slimes for 300 Years and Maxed Out My Level (2021) [tvdb-389377]") |
[2023-01-31 10:57:04,935] [sonarr.py:173]             [INFO]     | Skipped: In Cache | (401948, 'F:\\Anime\\Sonny Boy (2021) [tvdb-401948]')                          |
[2023-01-31 10:57:04,936] [sonarr.py:173]             [INFO]     | Skipped: In Cache | (402337, 'F:\\Anime\\When Will Ayumu Make His Move! (2022) [tvdb-402337]')     |
[2023-01-31 10:57:04,936] [sonarr.py:173]             [INFO]     | Skipped: In Cache | (393190, 'F:\\Anime\\Star Wars - Visions (2021) [tvdb-393190]')                |
[2023-01-31 10:57:04,938] [sonarr.py:173]             [INFO]     | Skipped: In Cache | (305104, 'F:\\Anime\\Tanaka-kun Is Always Listless (2016) [tvdb-305104]')      |
[2023-01-31 10:57:04,939] [sonarr.py:173]             [INFO]     | Skipped: In Cache | (402637, 'F:\\Anime\\My Isekai Life (2022) [tvdb-402637]')                     |
[2023-01-31 10:57:04,939] [sonarr.py:173]             [INFO]     | Skipped: In Cache | (352408, 'F:\\Anime\\That Time I Got Reincarnated as a Slime (2018) [tvdb-352408]') |
[2023-01-31 10:57:04,939] [sonarr.py:173]             [INFO]     | Skipped: In Cache | (378556, 'F:\\Anime\\God of High School, The (2020) [tvdb-378556]')            |
[2023-01-31 10:57:04,940] [sonarr.py:173]             [INFO]     | Skipped: In Cache | (385077, 'F:\\Anime\\TONIKAWA - Over the Moon for You (2020) [tvdb-385077]')   |
[2023-01-31 10:57:04,940] [sonarr.py:173]             [INFO]     | Skipped: In Cache | (400133, 'F:\\Anime\\Case Study of Vanitas, The (2021) [tvdb-400133]')         |
[2023-01-31 10:57:04,941] [sonarr.py:173]             [INFO]     | Skipped: In Cache | (330139, 'F:\\Anime\\Violet Evergarden (2018) [tvdb-330139]')                  |
[2023-01-31 10:57:04,941] [sonarr.py:173]             [INFO]     | Skipped: In Cache | (348002, 'F:\\Anime\\Promised Neverland, The (2019) [tvdb-348002]')            |
[2023-01-31 10:57:04,941] [sonarr.py:173]             [INFO]     | Skipped: In Cache | (329822, 'F:\\Anime\\Classroom of the Elite (2017) [tvdb-329822]')             |
[2023-01-31 10:57:04,942] [sonarr.py:173]             [INFO]     | Skipped: In Cache | (317004, 'F:\\Anime\\Yuri!!! on Ice (2016) [tvdb-317004]')                     |
[2023-01-31 10:57:04,942] [sonarr.py:174]             [INFO]     | 44 Series already exist in Sonarr                                                                  |
[2023-01-31 10:57:04,944] [plex_meta_manager.py:880]  [INFO]     |                                                                                                    |
[2023-01-31 10:57:04,945] [util.py:209]               [INFO]     |====================================================================================================|
[2023-01-31 10:57:04,945] [util.py:216]               [INFO]     |                              Finished Jack's Plan to Watch Collection                              |
[2023-01-31 10:57:04,946] [util.py:216]               [INFO]     |                                    Collection Run Time: 0:00:11                                    |
[2023-01-31 10:57:04,946] [util.py:220]               [INFO]     |====================================================================================================|
[2023-01-31 10:57:04,948] [util.py:209]               [INFO]     |====================================================================================================|
[2023-01-31 10:57:04,949] [util.py:216]               [INFO]     |                             Jack's Whole MAL List Collection in Anime                              |
[2023-01-31 10:57:04,949] [util.py:220]               [INFO]     |====================================================================================================|
[2023-01-31 10:57:04,950] [plex_meta_manager.py:750]  [INFO]     |                                                                                                    |
[2023-01-31 10:57:04,958] [util.py:216]               [INFO]     |=========================== Validating Jack's Whole MAL List Attributes ============================|
[2023-01-31 10:57:04,958] [builder.py:330]            [DEBUG]    |                                                                                                    |
[2023-01-31 10:57:04,959] [builder.py:331]            [DEBUG]    | Validating Method: sync_mode                                                                       |
[2023-01-31 10:57:04,959] [builder.py:335]            [DEBUG]    | Value: sync                                                                                        |
[2023-01-31 10:57:04,960] [builder.py:447]            [WARNING]  |                                                                                                    |
[2023-01-31 10:57:04,960] [builder.py:448]            [WARNING]  | Collection Warning: collection_order not found using library default_collection_order: release     |
[2023-01-31 10:57:04,960] [builder.py:453]            [DEBUG]    |                                                                                                    |
[2023-01-31 10:57:04,961] [builder.py:454]            [DEBUG]    | Validating Method: collection_order                                                                |
[2023-01-31 10:57:04,961] [builder.py:455]            [DEBUG]    | Value: release                                                                                     |
[2023-01-31 10:57:04,961] [builder.py:472]            [DEBUG]    |                                                                                                    |
[2023-01-31 10:57:04,962] [builder.py:473]            [DEBUG]    | Validating Method: sort_title                                                                      |
[2023-01-31 10:57:04,962] [builder.py:474]            [DEBUG]    | Value: +_zZzEverything                                                                             |
[2023-01-31 10:57:04,962] [builder.py:472]            [DEBUG]    |                                                                                                    |
[2023-01-31 10:57:04,963] [builder.py:473]            [DEBUG]    | Validating Method: mal_userlist                                                                    |
[2023-01-31 10:57:04,963] [builder.py:474]            [DEBUG]    | Value: ordereddict([('username', 'JCH0tsh0t'), ('status', 'all'), ('sort_by', 'title'), ('limit', 1000)]) |
[2023-01-31 10:57:04,964] [builder.py:472]            [DEBUG]    |                                                                                                    |
[2023-01-31 10:57:04,964] [builder.py:473]            [DEBUG]    | Validating Method: collection_mode                                                                 |
[2023-01-31 10:57:04,964] [builder.py:474]            [DEBUG]    | Value: hide                                                                                        |
[2023-01-31 10:57:04,965] [builder.py:472]            [DEBUG]    |                                                                                                    |
[2023-01-31 10:57:04,965] [builder.py:473]            [DEBUG]    | Validating Method: sonarr_add_existing                                                             |
[2023-01-31 10:57:04,965] [builder.py:474]            [DEBUG]    | Value: True                                                                                        |
[2023-01-31 10:57:04,965] [builder.py:472]            [DEBUG]    |                                                                                                    |
[2023-01-31 10:57:04,966] [builder.py:473]            [DEBUG]    | Validating Method: sonarr_add_missing                                                              |
[2023-01-31 10:57:04,966] [builder.py:474]            [DEBUG]    | Value: True                                                                                        |
[2023-01-31 10:57:05,151] [builder.py:619]            [INFO]     |                                                                                                    |
[2023-01-31 10:57:05,152] [builder.py:620]            [INFO]     | Validation Successful                                                                              |
[2023-01-31 10:57:05,153] [plex_meta_manager.py:758]  [INFO]     |                                                                                                    |
[2023-01-31 10:57:05,153] [util.py:216]               [INFO]     |============================= Running Jack's Whole MAL List Collection =============================|
[2023-01-31 10:57:05,154] [plex_meta_manager.py:773]  [INFO]     |                                                                                                    |
[2023-01-31 10:57:05,154] [plex_meta_manager.py:774]  [INFO]     | Sync Mode: sync                                                                                    |
[2023-01-31 10:57:05,155] [builder.py:1275]           [DEBUG]    |                                                                                                    |
[2023-01-31 10:57:05,155] [builder.py:1276]           [DEBUG]    | Builder: mal_userlist: {'username': 'JCH0tsh0t', 'status': 'all', 'sort_by': 'anime_title', 'limit': 1000} |
[2023-01-31 10:57:05,155] [builder.py:1277]           [INFO]     |                                                                                                    |
[2023-01-31 10:57:05,156] [mal.py:237]                [INFO]     | Processing MyAnimeList Userlist: 1000 Anime from JCH0tsh0t's All Anime list sorted by Title        |
[2023-01-31 10:57:05,336] [mal.py:241]                [DEBUG]    |                                                                                                    |
[2023-01-31 10:57:05,337] [mal.py:242]                [DEBUG]    | 269 MyAnimeList IDs Found: [31646, 35180, 38101, 41457, 48569, 49520, 22199, 48553, 52193, 47, 41433, 8676, 6547, 9989, 11111, 24833, 30654, 49052, 9919, 477, 962, 3297, 5081, 22789, 50248, 34572, 889, 49596, 47917, 31043, 31964, 33486, 36456, 38408, 41587, 49918, 41468, 37435, 44511, 10800, 14741, 39175, 34382, 4181, 1575, 2904, 1, 42310, 48702, 11843, 2025, 35849, 41461, 1535, 28223, 2164, 48542, 38691, 40852, 28121, 37347, 40454, 47164, 39792, 38671, 40956, 51417, 6702, 33050, 10087, 38680, 40417, 42938, 5114, 41025, 16918, 19363, 820, 918, 15335, 9969, 15417, 34096, 28977, 39533, 37349, 27631, 268, 36028, 50528, 245, 10793, 31859, 20583, 32935, 40262, 28891, 38883, 40776, 263, 15809, 48413, 23269, 40938, 44042, 42897, 11061, 12189, 42361, 249, 49220, 14719, 37991, 40748, 5680, 7791, 48316, 37999, 43608, 40591, 40221, 40839, 42963, 45613, 2581, 49828, 18679, 38000, 49926, 47778, 32281, 16732, 51213, 22535, 31758, 33206, 28851, 11887, 48926, 50631, 30831, 32937, 16782, 49776, 37984, 17265, 1887, 34599, 41084, 9756, 49470, 4087, 48483, 32182, 37510, 50172, 17074, 164, 19, 457, 21939, 24701, 28957, 21329, 39535, 45576, 23755, 20, 1735, 34591, 15689, 30, 10165, 11597, 19815, 40729, 20507, 46102, 21, 30276, 34134, 2966, 5341, 50461, 40834, 29803, 35073, 37675, 48895, 31181, 35247, 50380, 42627, 31240, 39587, 42203, 6675, 32951, 45, 48414, 205, 37450, 38329, 47790, 199, 43439, 49782, 23273, 44074, 49413, 16498, 25777, 35760, 38524, 40028, 48583, 13125, 28171, 40902, 36949, 33095, 40586, 48849, 48736, 45653, 51252, 50265, 50602, 49357, 9253, 30484, 47194, 39597, 32093, 2001, 47163, 49891, 37430, 39551, 38793, 41488, 41353, 40730, 38480, 6213, 16049, 38481, 4654, 8937, 36432, 50273, 41389, 4224, 50710, 48580, 49114, 37521, 33352, 46095, 14813, 39547, 23847, 37779, 39617, 50346, 35507, 51096, 32995, 50175] |
[2023-01-31 10:57:05,338] [convert.py:78]             [ERROR]    | Convert Error: No TVDb ID or IMDb ID found for AniDB ID: 14642                                     |
[2023-01-31 10:57:05,339] [convert.py:100]            [ERROR]    | Convert Error: AniDB ID not found for MyAnimeList ID: 33050                                        |
[2023-01-31 10:57:05,340] [convert.py:78]             [ERROR]    | Convert Error: No TVDb ID or IMDb ID found for AniDB ID: 15971                                     |
[2023-01-31 10:57:05,341] [convert.py:100]            [ERROR]    | Convert Error: AniDB ID not found for MyAnimeList ID: 31758                                        |
[2023-01-31 10:57:05,344] [convert.py:78]             [ERROR]    | Convert Error: No TVDb ID or IMDb ID found for AniDB ID: 16531                                     |
[2023-01-31 10:57:05,344] [builder.py:1282]           [DEBUG]    |                                                                                                    |
[2023-01-31 10:57:05,345] [builder.py:1283]           [DEBUG]    | 264 IDs Found: [(306269, 'tvdb'), (306269, 'tvdb'), (355966, 'tvdb'), (378609, 'tvdb'), (103265, 'ratingKey'), (407833, 'tvdb'), (102707, 'ratingKey'), (400090, 'tvdb'), (118768, 'ratingKey'), (149, 'tmdb'), (103878, 'ratingKey'), (172921, 'tvdb'), (102444, 'ratingKey'), (247958, 'tvdb'), (105428, 'ratingKey'), (283947, 'tvdb'), (283947, 'tvdb'), (103425, 'ratingKey'), (248035, 'tvdb'), (79839, 'tvdb'), (79839, 'tvdb'), (79839, 'tvdb'), (102261, 'tvdb'), (281270, 'tvdb'), (103863, 'ratingKey'), (331753, 'tvdb'), (79604, 'tvdb'), (408629, 'tvdb'), (118742, 'ratingKey'), (105083, 'ratingKey'), (105253, 'ratingKey'), (305074, 'tvdb'), (305074, 'tvdb'), (305074, 'tvdb'), (305074, 'tvdb'), (305074, 'tvdb'), (103700, 'ratingKey'), (103360, 'ratingKey'), (118738, 'ratingKey'), (251982, 'tvdb'), (261862, 'tvdb'), (337120, 'tvdb'), (80644, 'tvdb'), (79525, 'tvdb'), (79525, 'tvdb'), (102957, 'ratingKey'), (111178, 'ratingKey'), (102386, 'ratingKey'), (103689, 'ratingKey'), (80042, 'tvdb'), (337017, 'tvdb'), (264663, 'tvdb'), (102918, 'ratingKey'), (289177, 'tvdb'), (118817, 'ratingKey'), (118748, 'ratingKey'), (355774, 'tvdb'), (355774, 'tvdb'), (289882, 'tvdb'), (289882, 'tvdb'), (289882, 'tvdb'), (289882, 'tvdb'), (370769, 'tvdb'), (355480, 'tvdb'), (355480, 'tvdb'), (102404, 'ratingKey'), (114801, 'tvdb'), (275798, 'tvdb'), (357488, 'tvdb'), (357488, 'tvdb'), (357488, 'tvdb'), (103082, 'ratingKey'), (103774, 'ratingKey'), (103347, 'ratingKey'), (267246, 'tvdb'), (81618, 'tvdb'), (79895, 'tvdb'), (245917, 'tmdb'), (79895, 'tvdb'), (79895, 'tvdb'), (79895, 'tvdb'), (79895, 'tvdb'), (103412, 'ratingKey'), (103637, 'ratingKey'), (295224, 'tvdb'), (72408, 'tvdb'), (111531, 'ratingKey'), (338455, 'tvdb'), (79071, 'tvdb'), (252471, 'tvdb'), (303868, 'tvdb'), (278157, 'tvdb'), (278157, 'tvdb'), (278157, 'tvdb'), (278157, 'tvdb'), (278157, 'tvdb'), (278157, 'tvdb'), (79685, 'tvdb'), (267441, 'tvdb'), (267441, 'tvdb'), (269872, 'tvdb'), (104095, 'ratingKey'), (111596, 'ratingKey'), (105612, 'ratingKey'), (103611, 'ratingKey'), (385278, 'tvdb'), (71361, 'tvdb'), (102426, 'ratingKey'), (262954, 'tvdb'), (262954, 'tvdb'), (103162, 'ratingKey'), (87501, 'tvdb'), (87501, 'tvdb'), (407520, 'tvdb'), (354198, 'tvdb'), (354198, 'tvdb'), (354198, 'tvdb'), (104727, 'ratingKey'), (380654, 'tvdb'), (380654, 'tvdb'), (402117, 'tvdb'), (80675, 'tvdb'), (118752, 'ratingKey'), (104758, 'ratingKey'), (348545, 'tvdb'), (348545, 'tvdb'), (348545, 'tvdb'), (372058, 'tmdb'), (269872, 'tvdb'), (102399, 'ratingKey'), (118772, 'ratingKey'), (104117, 'ratingKey'), (378064, 'tmdb'), (259647, 'tvdb'), (402412, 'tvdb'), (402412, 'tvdb'), (303867, 'tvdb'), (303867, 'tvdb'), (198375, 'tmdb'), (409723, 'tvdb'), (377902, 'tvdb'), (272128, 'tvdb'), (80177, 'tvdb'), (326109, 'tvdb'), (326109, 'tvdb'), (219181, 'tvdb'), (415240, 'tvdb'), (83475, 'tvdb'), (111686, 'ratingKey'), (111197, 'ratingKey'), (307375, 'tvdb'), (307375, 'tvdb'), (102261, 'tvdb'), (128, 'tmdb'), (74599, 'tvdb'), (79214, 'tvdb'), (79214, 'tvdb'), (79214, 'tvdb'), (312966, 'tmdb'), (79214, 'tvdb'), (371310, 'tvdb'), (103290, 'ratingKey'), (284131, 'tvdb'), (122493, 'ratingKey'), (79824, 'tvdb'), (82788, 'tvdb'), (102261, 'tvdb'), (104645, 'ratingKey'), (240291, 'tvdb'), (102261, 'tvdb'), (102693, 'ratingKey'), (341437, 'tvdb'), (275610, 'tvdb'), (103919, 'ratingKey'), (81797, 'tvdb'), (293088, 'tvdb'), (293088, 'tvdb'), (105515, 'ratingKey'), (81178, 'tvdb'), (103231, 'ratingKey'), (104893, 'ratingKey'), (294002, 'tvdb'), (294002, 'tvdb'), (294002, 'tvdb'), (294002, 'tvdb'), (102261, 'tvdb'), (102261, 'tvdb'), (103217, 'ratingKey'), (105510, 'ratingKey'), (305089, 'tvdb'), (305089, 'tvdb'), (105271, 'ratingKey'), (71883, 'tmdb'), (318950, 'tvdb'), (70863, 'tvdb'), (103746, 'ratingKey'), (104699, 'ratingKey'), (104915, 'ratingKey'), (572154, 'tmdb'), (398193, 'tvdb'), (129, 'tmdb'), (396876, 'tvdb'), (396876, 'tvdb'), (105047, 'ratingKey'), (103906, 'ratingKey'), (267440, 'tvdb'), (267440, 'tvdb'), (267440, 'tvdb'), (267440, 'tvdb'), (267440, 'tvdb'), (267440, 'tvdb'), (107811, 'ratingKey'), (289909, 'tvdb'), (289909, 'tvdb'), (289909, 'tvdb'), (304316, 'tvdb'), (389377, 'tvdb'), (103542, 'ratingKey'), (103949, 'ratingKey'), (402337, 'tvdb'), (127551, 'ratingKey'), (405920, 'tvdb'), (102592, 'ratingKey'), (111570, 'ratingKey'), (104627, 'ratingKey'), (339268, 'tvdb'), (102575, 'ratingKey'), (259640, 'tvdb'), (105589, 'ratingKey'), (104665, 'ratingKey'), (102410, 'ratingKey'), (118759, 'ratingKey'), (352408, 'tvdb'), (352408, 'tvdb'), (352408, 'tvdb'), (385374, 'tvdb'), (378556, 'tvdb'), (388672, 'tvdb'), (360438, 'tvdb'), (114921, 'tvdb'), (114921, 'tvdb'), (114921, 'tvdb'), (83322, 'tvdb'), (83322, 'tvdb'), (83322, 'tvdb'), (103732, 'ratingKey'), (103462, 'ratingKey'), (105010, 'ratingKey'), (414096, 'tvdb'), (400133, 'tvdb'), (400133, 'tvdb'), (105563, 'ratingKey'), (102459, 'ratingKey'), (397774, 'tvdb'), (267435, 'tvdb'), (267435, 'tvdb'), (267435, 'tvdb'), (348002, 'tvdb'), (348002, 'tvdb'), (102436, 'ratingKey'), (329822, 'tvdb'), (329822, 'tvdb'), (104630, 'ratingKey'), (411625, 'tvdb')] |
[2023-01-31 10:57:05,345] [builder.py:1284]           [DEBUG]    |                                                                                                    |
[2023-01-31 10:57:06,673] [builder.py:1697]           [INFO]     |                                                                                                    |
[2023-01-31 10:57:06,674] [util.py:216]               [INFO]     |============================ Adding to Jack's Whole MAL List Collection ============================|
[2023-01-31 10:57:06,675] [builder.py:1699]           [INFO]     |                                                                                                    |
[2023-01-31 10:57:06,675] [builder.py:1709]           [INFO]     |   1/115 | Jack's Whole MAL List Collection | = | Sangatsu no Lion                                  |
[2023-01-31 10:57:06,676] [builder.py:1709]           [INFO]     |   2/115 | Jack's Whole MAL List Collection | = | Go-Toubun no Hanayome                             |
[2023-01-31 10:57:06,676] [builder.py:1709]           [INFO]     |   3/115 | Jack's Whole MAL List Collection | = | 86 (2021)                                         |
[2023-01-31 10:57:06,677] [builder.py:1709]           [INFO]     |   4/115 | Jack's Whole MAL List Collection | = | Aharen-san wa Hakarenai                           |
[2023-01-31 10:57:06,677] [builder.py:1709]           [INFO]     |   5/115 | Jack's Whole MAL List Collection | = | Akame ga Kill!                                    |
[2023-01-31 10:57:06,678] [builder.py:1709]           [INFO]     |   6/115 | Jack's Whole MAL List Collection | = | Akiba Meido Sensou                                |
[2023-01-31 10:57:06,678] [builder.py:1709]           [INFO]     |   7/115 | Jack's Whole MAL List Collection | = | Akudama Drive                                     |
[2023-01-31 10:57:06,679] [builder.py:1709]           [INFO]     |   8/115 | Jack's Whole MAL List Collection | = | Angel Beats!                                      |
[2023-01-31 10:57:06,679] [builder.py:1709]           [INFO]     |   9/115 | Jack's Whole MAL List Collection | = | Another                                           |
[2023-01-31 10:57:06,680] [builder.py:1709]           [INFO]     |  10/115 | Jack's Whole MAL List Collection | = | Ao Ashi                                           |
[2023-01-31 10:57:06,680] [builder.py:1709]           [INFO]     |  11/115 | Jack's Whole MAL List Collection | = | Bakemonogatari                                    |
[2023-01-31 10:57:06,681] [builder.py:1709]           [INFO]     |  12/115 | Jack's Whole MAL List Collection | = | Birdie Wing: Golf Girls' Story                    |
[2023-01-31 10:57:06,682] [builder.py:1709]           [INFO]     |  13/115 | Jack's Whole MAL List Collection | = | Blue Lock                                         |
[2023-01-31 10:57:06,682] [builder.py:1709]           [INFO]     |  14/115 | Jack's Whole MAL List Collection | = | Bocchi the Rock!                                  |
[2023-01-31 10:57:06,683] [builder.py:1709]           [INFO]     |  15/115 | Jack's Whole MAL List Collection | = | Boku dake ga Inai Machi                           |
[2023-01-31 10:57:06,684] [builder.py:1709]           [INFO]     |  16/115 | Jack's Whole MAL List Collection | = | Boku no Hero Academia                             |
[2023-01-31 10:57:06,684] [builder.py:1709]           [INFO]     |  17/115 | Jack's Whole MAL List Collection | = | Burn the Witch                                    |
[2023-01-31 10:57:06,685] [builder.py:1709]           [INFO]     |  18/115 | Jack's Whole MAL List Collection | = | Carole & Tuesday                                  |
[2023-01-31 10:57:06,685] [builder.py:1709]           [INFO]     |  19/115 | Jack's Whole MAL List Collection | = | Chainsaw Man                                      |
[2023-01-31 10:57:06,686] [builder.py:1709]           [INFO]     |  20/115 | Jack's Whole MAL List Collection | = | Code Geass: Hangyaku no Lelouch                   |
[2023-01-31 10:57:06,686] [builder.py:1709]           [INFO]     |  21/115 | Jack's Whole MAL List Collection | = | Cowboy Bebop                                      |
[2023-01-31 10:57:06,686] [builder.py:1709]           [INFO]     |  22/115 | Jack's Whole MAL List Collection | = | Cyberpunk: Edgerunners                            |
[2023-01-31 10:57:06,687] [builder.py:1709]           [INFO]     |  23/115 | Jack's Whole MAL List Collection | = | Dance Dance Danseur                               |
[2023-01-31 10:57:06,687] [builder.py:1709]           [INFO]     |  24/115 | Jack's Whole MAL List Collection | = | Danshi Koukousei no Nichijou                      |
[2023-01-31 10:57:06,688] [builder.py:1709]           [INFO]     |  25/115 | Jack's Whole MAL List Collection | = | Date a Live                                       |
[2023-01-31 10:57:06,688] [builder.py:1709]           [INFO]     |  26/115 | Jack's Whole MAL List Collection | = | Death Note                                        |
[2023-01-31 10:57:06,689] [builder.py:1709]           [INFO]     |  27/115 | Jack's Whole MAL List Collection | = | Dennou Coil                                       |
[2023-01-31 10:57:06,689] [builder.py:1709]           [INFO]     |  28/115 | Jack's Whole MAL List Collection | = | Do It Yourself!!                                  |
[2023-01-31 10:57:06,691] [builder.py:1709]           [INFO]     |  29/115 | Jack's Whole MAL List Collection | = | Dr. Stone                                         |
[2023-01-31 10:57:06,691] [builder.py:1709]           [INFO]     |  30/115 | Jack's Whole MAL List Collection | = | Dungeon ni Deai o Motomeru no wa Machigatte Iru Darouka: Familia Myth |
[2023-01-31 10:57:06,692] [builder.py:1709]           [INFO]     |  31/115 | Jack's Whole MAL List Collection | = | Engage Kiss                                       |
[2023-01-31 10:57:06,692] [builder.py:1709]           [INFO]     |  32/115 | Jack's Whole MAL List Collection | = | Hagane no Renkinjutsushi (2009)                   |
[2023-01-31 10:57:06,693] [builder.py:1709]           [INFO]     |  33/115 | Jack's Whole MAL List Collection | = | Fumetsu no Anata e                                |
[2023-01-31 10:57:06,694] [builder.py:1709]           [INFO]     |  34/115 | Jack's Whole MAL List Collection | = | Gin no Saji                                       |
[2023-01-31 10:57:06,694] [builder.py:1709]           [INFO]     |  35/115 | Jack's Whole MAL List Collection | = | Given                                             |
[2023-01-31 10:57:06,695] [builder.py:1709]           [INFO]     |  36/115 | Jack's Whole MAL List Collection | = | Goblin Slayer                                     |
[2023-01-31 10:57:06,696] [builder.py:1709]           [INFO]     |  37/115 | Jack's Whole MAL List Collection | = | Golden Kamuy                                      |
[2023-01-31 10:57:06,696] [builder.py:1709]           [INFO]     |  38/115 | Jack's Whole MAL List Collection | = | Haikyuu!!                                         |
[2023-01-31 10:57:06,696] [builder.py:1709]           [INFO]     |  39/115 | Jack's Whole MAL List Collection | = | Hajime no Ippo: The Fighting!                     |
[2023-01-31 10:57:06,697] [builder.py:1709]           [INFO]     |  40/115 | Jack's Whole MAL List Collection | = | Hataraku Maou-sama!                               |
[2023-01-31 10:57:06,697] [builder.py:1709]           [INFO]     |  41/115 | Jack's Whole MAL List Collection | = | Hige o Soru. Soshite Joshikousei o Hirou.         |
[2023-01-31 10:57:06,698] [builder.py:1709]           [INFO]     |  42/115 | Jack's Whole MAL List Collection | = | Horimiya                                          |
[2023-01-31 10:57:06,698] [builder.py:1709]           [INFO]     |  43/115 | Jack's Whole MAL List Collection | = | Hunter x Hunter (2011)                            |
[2023-01-31 10:57:06,699] [builder.py:1709]           [INFO]     |  44/115 | Jack's Whole MAL List Collection | = | Hyouka                                            |
[2023-01-31 10:57:06,699] [builder.py:1709]           [INFO]     |  45/115 | Jack's Whole MAL List Collection | = | Ijiranaide, Nagatoro-san                          |
[2023-01-31 10:57:06,700] [builder.py:1709]           [INFO]     |  46/115 | Jack's Whole MAL List Collection | = | Isekai Ojisan                                     |
[2023-01-31 10:57:06,700] [builder.py:1709]           [INFO]     |  47/115 | Jack's Whole MAL List Collection | = | Jujutsu Kaisen                                    |
[2023-01-31 10:57:06,701] [builder.py:1709]           [INFO]     |  48/115 | Jack's Whole MAL List Collection | = | K-On!                                             |
[2023-01-31 10:57:06,701] [builder.py:1709]           [INFO]     |  49/115 | Jack's Whole MAL List Collection | = | Kage no Jitsuryokusha ni Naritakute!              |
[2023-01-31 10:57:06,702] [builder.py:1709]           [INFO]     |  50/115 | Jack's Whole MAL List Collection | = | Kaguya-sama wa Kokurasetai: Tensai-tachi no Ren'ai Zunousen |
[2023-01-31 10:57:06,702] [builder.py:1709]           [INFO]     |  51/115 | Jack's Whole MAL List Collection | = | Kami no Tou                                       |
[2023-01-31 10:57:06,703] [builder.py:1709]           [INFO]     |  52/115 | Jack's Whole MAL List Collection | = | Kanojo, Okarishimasu                              |
[2023-01-31 10:57:06,703] [builder.py:1709]           [INFO]     |  53/115 | Jack's Whole MAL List Collection | = | Kawaii dake ja Nai Shikimori-san                  |
[2023-01-31 10:57:06,704] [builder.py:1709]           [INFO]     |  54/115 | Jack's Whole MAL List Collection | = | Kidou Senshi Gundam: Suisei no Majo               |
[2023-01-31 10:57:06,704] [builder.py:1709]           [INFO]     |  55/115 | Jack's Whole MAL List Collection | = | Kill la Kill                                      |
[2023-01-31 10:57:06,705] [builder.py:1709]           [INFO]     |  56/115 | Jack's Whole MAL List Collection | = | Kimetsu no Yaiba                                  |
[2023-01-31 10:57:06,707] [builder.py:1709]           [INFO]     |  57/115 | Jack's Whole MAL List Collection | = | Kinsou no Vermeil: Gakeppuchi Majutsushi wa Saikyou no Yakusai to Mahou Sekai o Tsukisusumu |
[2023-01-31 10:57:06,707] [builder.py:1709]           [INFO]     |  58/115 | Jack's Whole MAL List Collection | = | Kiseijuu: Sei no Kakuritsu                        |
[2023-01-31 10:57:06,708] [builder.py:1709]           [INFO]     |  59/115 | Jack's Whole MAL List Collection | = | Kobayashi-san Chi no Maidragon                    |
[2023-01-31 10:57:06,708] [builder.py:1709]           [INFO]     |  60/115 | Jack's Whole MAL List Collection | = | Komi-san wa, Komyushou Desu.                      |
[2023-01-31 10:57:06,709] [builder.py:1709]           [INFO]     |  61/115 | Jack's Whole MAL List Collection | = | Kono Subarashii Sekai ni Shukufuku o!             |
[2023-01-31 10:57:06,710] [builder.py:1709]           [INFO]     |  62/115 | Jack's Whole MAL List Collection | = | Kumo Desu ga, Nanika?                             |
[2023-01-31 10:57:06,710] [builder.py:1709]           [INFO]     |  63/115 | Jack's Whole MAL List Collection | = | Made in Abyss                                     |
[2023-01-31 10:57:06,711] [builder.py:1709]           [INFO]     |  64/115 | Jack's Whole MAL List Collection | = | Mamahaha no Tsurego ga Motokano Datta             |
[2023-01-31 10:57:06,712] [builder.py:1709]           [INFO]     |  65/115 | Jack's Whole MAL List Collection | = | Mieruko-chan                                      |
[2023-01-31 10:57:06,712] [builder.py:1709]           [INFO]     |  66/115 | Jack's Whole MAL List Collection | = | Mob Psycho 100                                    |
[2023-01-31 10:57:06,713] [builder.py:1709]           [INFO]     |  67/115 | Jack's Whole MAL List Collection | = | Mushishi                                          |
[2023-01-31 10:57:06,713] [builder.py:1709]           [INFO]     |  68/115 | Jack's Whole MAL List Collection | = | Mushoku Tensei: Isekai Ittara Honki Dasu (2021)   |
[2023-01-31 10:57:06,714] [builder.py:1709]           [INFO]     |  69/115 | Jack's Whole MAL List Collection | = | Naruto                                            |
[2023-01-31 10:57:06,714] [builder.py:1709]           [INFO]     |  70/115 | Jack's Whole MAL List Collection | = | Shinseiki Evangelion                              |
[2023-01-31 10:57:06,714] [builder.py:1709]           [INFO]     |  71/115 | Jack's Whole MAL List Collection | = | No Game No Life                                   |
[2023-01-31 10:57:06,715] [builder.py:1709]           [INFO]     |  72/115 | Jack's Whole MAL List Collection | = | Odd Taxi                                          |
[2023-01-31 10:57:06,715] [builder.py:1709]           [INFO]     |  73/115 | Jack's Whole MAL List Collection | = | One Punch Man                                     |
[2023-01-31 10:57:06,716] [builder.py:1709]           [INFO]     |  74/115 | Jack's Whole MAL List Collection | = | Ookami to Koushinryou                             |
[2023-01-31 10:57:06,716] [builder.py:1709]           [INFO]     |  75/115 | Jack's Whole MAL List Collection | = | Otomege Sekai wa Mob ni Kibishii Sekai Desu       |
[2023-01-31 10:57:06,716] [builder.py:1709]           [INFO]     |  76/115 | Jack's Whole MAL List Collection | = | Ousama Ranking                                    |
[2023-01-31 10:57:06,717] [builder.py:1709]           [INFO]     |  77/115 | Jack's Whole MAL List Collection | = | Overlord                                          |
[2023-01-31 10:57:06,717] [builder.py:1709]           [INFO]     |  78/115 | Jack's Whole MAL List Collection | = | Paripi Koumei                                     |
[2023-01-31 10:57:06,718] [builder.py:1709]           [INFO]     |  79/115 | Jack's Whole MAL List Collection | = | Peach Boy Riverside                               |
[2023-01-31 10:57:06,719] [builder.py:1709]           [INFO]     |  80/115 | Jack's Whole MAL List Collection | = | Re:Zero kara Hajimeru Isekai Seikatsu (2021)      |
[2023-01-31 10:57:06,719] [builder.py:1709]           [INFO]     |  81/115 | Jack's Whole MAL List Collection | = | Sabikui Bisco                                     |
[2023-01-31 10:57:06,719] [builder.py:1709]           [INFO]     |  82/115 | Jack's Whole MAL List Collection | = | Samurai Champloo                                  |
[2023-01-31 10:57:06,720] [builder.py:1709]           [INFO]     |  83/115 | Jack's Whole MAL List Collection | = | Seishun Buta Yarou wa Bunny Girl Senpai no Yume o Minai |
[2023-01-31 10:57:06,720] [builder.py:1709]           [INFO]     |  84/115 | Jack's Whole MAL List Collection | = | Sekai Saikou no Ansatsusha, Isekai Kizoku ni Tensei Suru |
[2023-01-31 10:57:06,722] [builder.py:1709]           [INFO]     |  85/115 | Jack's Whole MAL List Collection | = | Shadows House                                     |
[2023-01-31 10:57:06,723] [builder.py:1709]           [INFO]     |  86/115 | Jack's Whole MAL List Collection | = | Shigatsu wa Kimi no Uso                           |
[2023-01-31 10:57:06,724] [builder.py:1709]           [INFO]     |  87/115 | Jack's Whole MAL List Collection | = | Shiguang Dailiren                                 |
[2023-01-31 10:57:06,724] [builder.py:1709]           [INFO]     |  88/115 | Jack's Whole MAL List Collection | = | Shingeki no Kyojin                                |
[2023-01-31 10:57:06,725] [builder.py:1709]           [INFO]     |  89/115 | Jack's Whole MAL List Collection | = | Shinsekai yori                                    |
[2023-01-31 10:57:06,725] [builder.py:1709]           [INFO]     |  90/115 | Jack's Whole MAL List Collection | = | Slime Taoshite 300-nen, Shiranai Uchi ni Level Max ni Nattemashita |
[2023-01-31 10:57:06,726] [builder.py:1709]           [INFO]     |  91/115 | Jack's Whole MAL List Collection | = | Sonny Boy                                         |
[2023-01-31 10:57:06,726] [builder.py:1709]           [INFO]     |  92/115 | Jack's Whole MAL List Collection | = | Sono Bisque Doll wa Koi o Suru                    |
[2023-01-31 10:57:06,727] [builder.py:1709]           [INFO]     |  93/115 | Jack's Whole MAL List Collection | = | Soredemo Ayumu wa Yosetekuru                      |
[2023-01-31 10:57:06,728] [builder.py:1709]           [INFO]     |  94/115 | Jack's Whole MAL List Collection | = | Spy Kyoushitsu                                    |
[2023-01-31 10:57:06,729] [builder.py:1709]           [INFO]     |  95/115 | Jack's Whole MAL List Collection | = | Spy x Family (2022)                               |
[2023-01-31 10:57:06,729] [builder.py:1709]           [INFO]     |  96/115 | Jack's Whole MAL List Collection | = | Star Wars: Visions                                |
[2023-01-31 10:57:06,729] [builder.py:1709]           [INFO]     |  97/115 | Jack's Whole MAL List Collection | = | Steins;Gate                                       |
[2023-01-31 10:57:06,730] [builder.py:1709]           [INFO]     |  98/115 | Jack's Whole MAL List Collection | = | Summer Time Render                                |
[2023-01-31 10:57:06,730] [builder.py:1709]           [INFO]     |  99/115 | Jack's Whole MAL List Collection | = | Tanaka-kun wa Itsumo Kedaruge                     |
[2023-01-31 10:57:06,731] [builder.py:1709]           [INFO]     | 100/115 | Jack's Whole MAL List Collection | = | Tengen Toppa Gurren Lagann                        |
[2023-01-31 10:57:06,731] [builder.py:1709]           [INFO]     | 101/115 | Jack's Whole MAL List Collection | = | Tensei Kenja no Isekai Life: Daini no Shokugyou o Ete, Sekai Saikyou ni Narimashita |
[2023-01-31 10:57:06,732] [builder.py:1709]           [INFO]     | 102/115 | Jack's Whole MAL List Collection | = | Tensei Shitara Ken Deshita                        |
[2023-01-31 10:57:06,732] [builder.py:1709]           [INFO]     | 103/115 | Jack's Whole MAL List Collection | = | Tensei Shitara Slime Datta Ken                    |
[2023-01-31 10:57:06,733] [builder.py:1709]           [INFO]     | 104/115 | Jack's Whole MAL List Collection | = | The God of High School                            |
[2023-01-31 10:57:06,733] [builder.py:1709]           [INFO]     | 105/115 | Jack's Whole MAL List Collection | = | Tomodachi Game                                    |
[2023-01-31 10:57:06,734] [builder.py:1709]           [INFO]     | 106/115 | Jack's Whole MAL List Collection | = | Tonikaku Kawaii                                   |
[2023-01-31 10:57:06,734] [builder.py:1709]           [INFO]     | 107/115 | Jack's Whole MAL List Collection | = | Toradora!                                         |
[2023-01-31 10:57:06,735] [builder.py:1709]           [INFO]     | 108/115 | Jack's Whole MAL List Collection | = | Vanitas no Karte                                  |
[2023-01-31 10:57:06,735] [builder.py:1709]           [INFO]     | 109/115 | Jack's Whole MAL List Collection | = | Vinland Saga                                      |
[2023-01-31 10:57:06,736] [builder.py:1709]           [INFO]     | 110/115 | Jack's Whole MAL List Collection | = | Violet Evergarden                                 |
[2023-01-31 10:57:06,738] [builder.py:1709]           [INFO]     | 111/115 | Jack's Whole MAL List Collection | = | Vivy: Fluorite Eye's Song                         |
[2023-01-31 10:57:06,738] [builder.py:1709]           [INFO]     | 112/115 | Jack's Whole MAL List Collection | = | Yakusoku no Neverland                             |
[2023-01-31 10:57:06,739] [builder.py:1709]           [INFO]     | 113/115 | Jack's Whole MAL List Collection | = | Yofukashi no Uta                                  |
[2023-01-31 10:57:06,739] [builder.py:1709]           [INFO]     | 114/115 | Jack's Whole MAL List Collection | = | Youkoso Jitsuryoku Shijou Shugi no Kyoushitsu e   |
[2023-01-31 10:57:06,740] [builder.py:1709]           [INFO]     | 115/115 | Jack's Whole MAL List Collection | = | Yuuri!!! on Ice                                   |
[2023-01-31 10:57:06,740] [builder.py:1734]           [INFO]     |                                                                                                    |
[2023-01-31 10:57:06,740] [builder.py:1735]           [INFO]     | 115 Shows Processed                                                                                |
[2023-01-31 10:57:06,741] [builder.py:1929]           [INFO]     |                                                                                                    |
[2023-01-31 10:57:06,741] [util.py:216]               [INFO]     |======================== Missing Movies from Library: Jack's Whole MAL List ========================|
[2023-01-31 10:57:06,742] [builder.py:1931]           [INFO]     |                                                                                                    |
[2023-01-31 10:57:06,761] [builder.py:1943]           [INFO]     | Jack's Whole MAL List Collection | ? | Akira (1988) (TMDb: 149)                                    |
[2023-01-31 10:57:06,762] [builder.py:1943]           [INFO]     | Jack's Whole MAL List Collection | ? | Gintama: The Movie: The Final Chapter: Be Forever Yorozuya (2013) (TMDb: 245917) |
[2023-01-31 10:57:06,766] [builder.py:1943]           [INFO]     | Jack's Whole MAL List Collection | ? | Your Name. (2016) (TMDb: 372058)                            |
[2023-01-31 10:57:06,768] [builder.py:1943]           [INFO]     | Jack's Whole MAL List Collection | ? | A Silent Voice: The Movie (2016) (TMDb: 378064)             |
[2023-01-31 10:57:06,770] [builder.py:1943]           [INFO]     | Jack's Whole MAL List Collection | ? | The Garden of Words (2013) (TMDb: 198375)                   |
[2023-01-31 10:57:06,771] [builder.py:1943]           [INFO]     | Jack's Whole MAL List Collection | ? | Princess Mononoke (1997) (TMDb: 128)                        |
[2023-01-31 10:57:06,772] [builder.py:1943]           [INFO]     | Jack's Whole MAL List Collection | ? | Mushi-Shi: The Next Chapter - Drops of Bells (2015) (TMDb: 312966) |
[2023-01-31 10:57:06,800] [builder.py:1943]           [INFO]     | Jack's Whole MAL List Collection | ? | Redline (2010) (TMDb: 71883)                                |
[2023-01-31 10:57:06,802] [builder.py:1943]           [INFO]     | Jack's Whole MAL List Collection | ? | Rascal Does Not Dream of a Dreaming Girl (2019) (TMDb: 572154) |
[2023-01-31 10:57:06,805] [builder.py:1943]           [INFO]     | Jack's Whole MAL List Collection | ? | Spirited Away (2002) (TMDb: 129)                            |
[2023-01-31 10:57:06,805] [builder.py:1947]           [INFO]     |                                                                                                    |
[2023-01-31 10:57:06,806] [builder.py:1948]           [INFO]     | 10 Movies Missing                                                                                  |
[2023-01-31 10:57:06,813] [builder.py:1969]           [INFO]     |                                                                                                    |
[2023-01-31 10:57:06,814] [util.py:216]               [INFO]     |======================== Missing Shows from Library: Jack's Whole MAL List =========================|
[2023-01-31 10:57:06,815] [builder.py:1971]           [INFO]     |                                                                                                    |
[2023-01-31 10:57:06,831] [builder.py:1982]           [INFO]     | Jack's Whole MAL List Collection | ? | Akebi's Sailor Uniform (TVDB: 400090)                       |
[2023-01-31 10:57:06,845] [builder.py:1982]           [INFO]     | Jack's Whole MAL List Collection | ? | Amagami SS (TVDB: 172921)                                   |
[2023-01-31 10:57:06,861] [builder.py:1982]           [INFO]     | Jack's Whole MAL List Collection | ? | Anohana: The Flower We Saw That Day (TVDB: 247958)          |
[2023-01-31 10:57:06,880] [builder.py:1982]           [INFO]     | Jack's Whole MAL List Collection | ? | Assassination Classroom (TVDB: 283947)                      |
[2023-01-31 10:57:06,898] [builder.py:1982]           [INFO]     | Jack's Whole MAL List Collection | ? | Blue Exorcist (TVDB: 248035)                                |
[2023-01-31 10:57:06,914] [builder.py:1982]           [INFO]     | Jack's Whole MAL List Collection | ? | Aria (TVDB: 79839)                                          |
[2023-01-31 10:57:06,928] [builder.py:1982]           [INFO]     | Jack's Whole MAL List Collection | ? | Barakamon (TVDB: 281270)                                    |
[2023-01-31 10:57:06,948] [builder.py:1982]           [INFO]     | Jack's Whole MAL List Collection | ? | Black Clover (TVDB: 331753)                                 |
[2023-01-31 10:57:06,965] [builder.py:1982]           [INFO]     | Jack's Whole MAL List Collection | ? | Black Lagoon (TVDB: 79604)                                  |
[2023-01-31 10:57:06,989] [builder.py:1982]           [INFO]     | Jack's Whole MAL List Collection | ? | Chihayafuru (TVDB: 251982)                                  |
[2023-01-31 10:57:07,005] [builder.py:1982]           [INFO]     | Jack's Whole MAL List Collection | ? | Love, Chunibyo & Other Delusions! (TVDB: 261862)            |
[2023-01-31 10:57:07,021] [builder.py:1982]           [INFO]     | Jack's Whole MAL List Collection | ? | Citrus (TVDB: 337120)                                       |
[2023-01-31 10:57:07,036] [builder.py:1982]           [INFO]     | Jack's Whole MAL List Collection | ? | Clannad (TVDB: 80644)                                       |
[2023-01-31 10:57:07,052] [builder.py:1982]           [INFO]     | Jack's Whole MAL List Collection | ? | Darker Than Black (TVDB: 80042)                             |
[2023-01-31 10:57:07,072] [builder.py:1982]           [INFO]     | Jack's Whole MAL List Collection | ? | DARLING in the FRANXX (TVDB: 337017)                        |
[2023-01-31 10:57:07,087] [builder.py:1982]           [INFO]     | Jack's Whole MAL List Collection | ? | Death Parade (TVDB: 289177)                                 |
[2023-01-31 10:57:07,102] [builder.py:1982]           [INFO]     | Jack's Whole MAL List Collection | ? | Keep Your Hands Off Eizouken! (TVDB: 370769)                |
[2023-01-31 10:57:07,147] [builder.py:1982]           [INFO]     | Jack's Whole MAL List Collection | ? | Fire Force (TVDB: 355480)                                   |
[2023-01-31 10:57:07,180] [builder.py:1982]           [INFO]     | Jack's Whole MAL List Collection | ? | Fairy Tail (TVDB: 114801)                                   |
[2023-01-31 10:57:07,198] [builder.py:1982]           [INFO]     | Jack's Whole MAL List Collection | ? | Fate/Zero (TVDB: 275798)                                    |
[2023-01-31 10:57:07,216] [builder.py:1982]           [INFO]     | Jack's Whole MAL List Collection | ? | Fruits Basket (2019) (TVDB: 357488)                         |
[2023-01-31 10:57:07,231] [builder.py:1982]           [INFO]     | Jack's Whole MAL List Collection | ? | Legend of the Galactic Heroes (TVDB: 81618)                 |
[2023-01-31 10:57:07,252] [builder.py:1982]           [INFO]     | Jack's Whole MAL List Collection | ? | Gintama (TVDB: 79895)                                       |
[2023-01-31 10:57:07,268] [builder.py:1982]           [INFO]     | Jack's Whole MAL List Collection | ? | God Eater (TVDB: 295224)                                    |
[2023-01-31 10:57:07,282] [builder.py:1982]           [INFO]     | Jack's Whole MAL List Collection | ? | Golden Boy (TVDB: 72408)                                    |
[2023-01-31 10:57:07,299] [builder.py:1982]           [INFO]     | Jack's Whole MAL List Collection | ? | Great Teacher Onizuka (TVDB: 79071)                         |
[2023-01-31 10:57:07,316] [builder.py:1982]           [INFO]     | Jack's Whole MAL List Collection | ? | Guilty Crown (TVDB: 252471)                                 |
[2023-01-31 10:57:07,331] [builder.py:1982]           [INFO]     | Jack's Whole MAL List Collection | ? | Grimgar of Fantasy and Ash (TVDB: 303868)                   |
[2023-01-31 10:57:07,346] [builder.py:1982]           [INFO]     | Jack's Whole MAL List Collection | ? | Kinmoza! (TVDB: 269872)                                     |
[2023-01-31 10:57:07,366] [builder.py:1982]           [INFO]     | Jack's Whole MAL List Collection | ? | InuYasha (TVDB: 71361)                                      |
[2023-01-31 10:57:07,389] [builder.py:1982]           [INFO]     | Jack's Whole MAL List Collection | ? | JoJo's Bizarre Adventure (2012) (TVDB: 262954)              |
[2023-01-31 10:57:07,405] [builder.py:1982]           [INFO]     | Jack's Whole MAL List Collection | ? | Mobile Suit Gundam 00 (TVDB: 80675)                         |
[2023-01-31 10:57:07,420] [builder.py:1982]           [INFO]     | Jack's Whole MAL List Collection | ? | Kokoro Connect (TVDB: 259647)                               |
[2023-01-31 10:57:07,435] [builder.py:1982]           [INFO]     | Jack's Whole MAL List Collection | ? | The Yakuza's Guide to Babysitting (TVDB: 409723)            |
[2023-01-31 10:57:07,454] [builder.py:1982]           [INFO]     | Jack's Whole MAL List Collection | ? | Log Horizon (TVDB: 272128)                                  |
[2023-01-31 10:57:07,470] [builder.py:1982]           [INFO]     | Jack's Whole MAL List Collection | ? | Lucky Star (TVDB: 80177)                                    |
[2023-01-31 10:57:07,491] [builder.py:1982]           [INFO]     | Jack's Whole MAL List Collection | ? | Puella Magi Madoka Magica (TVDB: 219181)                    |
[2023-01-31 10:57:07,510] [builder.py:1982]           [INFO]     | Jack's Whole MAL List Collection | ? | Michiko & Hatchin (TVDB: 83475)                             |
[2023-01-31 10:57:07,526] [builder.py:1982]           [INFO]     | Jack's Whole MAL List Collection | ? | Monster (TVDB: 74599)                                       |
[2023-01-31 10:57:07,549] [builder.py:1982]           [INFO]     | Jack's Whole MAL List Collection | ? | The Seven Deadly Sins (TVDB: 284131)                        |
[2023-01-31 10:57:07,569] [builder.py:1982]           [INFO]     | Jack's Whole MAL List Collection | ? | Naruto Shippuden (TVDB: 79824)                              |
[2023-01-31 10:57:07,588] [builder.py:1982]           [INFO]     | Jack's Whole MAL List Collection | ? | Natsume's Book of Friends (TVDB: 82788)                     |
[2023-01-31 10:57:07,606] [builder.py:1982]           [INFO]     | Jack's Whole MAL List Collection | ? | Nichijou: My Ordinary Life (TVDB: 240291)                   |
[2023-01-31 10:57:07,622] [builder.py:1982]           [INFO]     | Jack's Whole MAL List Collection | ? | Megalobox (TVDB: 341437)                                    |
[2023-01-31 10:57:07,637] [builder.py:1982]           [INFO]     | Jack's Whole MAL List Collection | ? | Noragami (TVDB: 275610)                                     |
[2023-01-31 10:57:07,667] [builder.py:1982]           [INFO]     | Jack's Whole MAL List Collection | ? | One Piece (TVDB: 81797)                                     |
[2023-01-31 10:57:07,685] [builder.py:1982]           [INFO]     | Jack's Whole MAL List Collection | ? | Akashic Records of Bastard Magic Instructor (TVDB: 318950)  |
[2023-01-31 10:57:07,701] [builder.py:1982]           [INFO]     | Jack's Whole MAL List Collection | ? | Rurouni Kenshin (TVDB: 70863)                               |
[2023-01-31 10:57:07,721] [builder.py:1982]           [INFO]     | Jack's Whole MAL List Collection | ? | Food Wars! (TVDB: 289909)                                   |
[2023-01-31 10:57:07,737] [builder.py:1982]           [INFO]     | Jack's Whole MAL List Collection | ? | Showa Genroku Rakugo Shinju (TVDB: 304316)                  |
[2023-01-31 10:57:07,754] [builder.py:1982]           [INFO]     | Jack's Whole MAL List Collection | ? | Steins;Gate 0 (TVDB: 339268)                                |
[2023-01-31 10:57:07,774] [builder.py:1982]           [INFO]     | Jack's Whole MAL List Collection | ? | Sword Art Online (TVDB: 259640)                             |
[2023-01-31 10:57:07,788] [builder.py:1982]           [INFO]     | Jack's Whole MAL List Collection | ? | The Slime Diaries: That Time I Got Reincarnated as a Slime (TVDB: 385374) |
[2023-01-31 10:57:07,803] [builder.py:1982]           [INFO]     | Jack's Whole MAL List Collection | ? | Heaven Official's Blessing (TVDB: 388672)                   |
[2023-01-31 10:57:07,817] [builder.py:1982]           [INFO]     | Jack's Whole MAL List Collection | ? | A Certain Scientific Accelerator (TVDB: 360438)             |
[2023-01-31 10:57:07,835] [builder.py:1982]           [INFO]     | Jack's Whole MAL List Collection | ? | A Certain Scientific Railgun (TVDB: 114921)                 |
[2023-01-31 10:57:07,867] [builder.py:1982]           [INFO]     | Jack's Whole MAL List Collection | ? | A Certain Magical Index (TVDB: 83322)                       |
[2023-01-31 10:57:07,882] [builder.py:1982]           [INFO]     | Jack's Whole MAL List Collection | ? | Urusei Yatsura (2022) (TVDB: 414096)                        |
[2023-01-31 10:57:07,900] [builder.py:1982]           [INFO]     | Jack's Whole MAL List Collection | ? | My Teen Romantic Comedy SNAFU (TVDB: 267435)                |
[2023-01-31 10:57:07,916] [builder.py:1982]           [INFO]     | Jack's Whole MAL List Collection | ? | I'm Quitting Heroing (TVDB: 411625)                         |
[2023-01-31 10:57:07,917] [builder.py:1986]           [INFO]     |                                                                                                    |
[2023-01-31 10:57:07,918] [builder.py:1987]           [INFO]     | 60 Shows Missing                                                                                   |
[2023-01-31 10:57:07,930] [sonarr.py:69]              [INFO]     |                                                                                                    |
[2023-01-31 10:57:07,931] [util.py:216]               [INFO]     |===================================== Adding Missing to Sonarr =====================================|
[2023-01-31 10:57:07,932] [sonarr.py:71]              [DEBUG]    |                                                                                                    |
[2023-01-31 10:57:07,933] [sonarr.py:72]              [DEBUG]    | Sonarr Adds: [400090, 172921, 247958, 283947, 248035, 79839, 281270, 331753, 79604, 251982, 261862, 337120, 80644, 80042, 337017, 289177, 370769, 355480, 114801, 275798, 357488, 81618, 79895, 295224, 72408, 79071, 252471, 303868, 269872, 71361, 262954, 80675, 259647, 409723, 272128, 80177, 219181, 83475, 74599, 284131, 79824, 82788, 240291, 341437, 275610, 81797, 318950, 70863, 289909, 304316, 339268, 259640, 385374, 388672, 360438, 114921, 83322, 414096, 267435, 411625] |
[2023-01-31 10:57:08,287] [sonarr.py:165]             [INFO]     |                                                                                                    |
[2023-01-31 10:57:08,288] [sonarr.py:173]             [INFO]     | Skipped: In Cache | 400090                                                                         |
[2023-01-31 10:57:08,288] [sonarr.py:173]             [INFO]     | Skipped: In Cache | 172921                                                                         |
[2023-01-31 10:57:08,288] [sonarr.py:173]             [INFO]     | Skipped: In Cache | 247958                                                                         |
[2023-01-31 10:57:08,289] [sonarr.py:173]             [INFO]     | Skipped: In Cache | 283947                                                                         |
[2023-01-31 10:57:08,289] [sonarr.py:173]             [INFO]     | Skipped: In Cache | 248035                                                                         |
[2023-01-31 10:57:08,290] [sonarr.py:173]             [INFO]     | Skipped: In Cache | 79839                                                                          |
[2023-01-31 10:57:08,290] [sonarr.py:173]             [INFO]     | Skipped: In Cache | 281270                                                                         |
[2023-01-31 10:57:08,290] [sonarr.py:173]             [INFO]     | Skipped: In Cache | 331753                                                                         |
[2023-01-31 10:57:08,291] [sonarr.py:173]             [INFO]     | Skipped: In Cache | 79604                                                                          |
[2023-01-31 10:57:08,291] [sonarr.py:173]             [INFO]     | Skipped: In Cache | 251982                                                                         |
[2023-01-31 10:57:08,291] [sonarr.py:173]             [INFO]     | Skipped: In Cache | 261862                                                                         |
[2023-01-31 10:57:08,292] [sonarr.py:173]             [INFO]     | Skipped: In Cache | 337120                                                                         |
[2023-01-31 10:57:08,293] [sonarr.py:173]             [INFO]     | Skipped: In Cache | 80644                                                                          |
[2023-01-31 10:57:08,293] [sonarr.py:173]             [INFO]     | Skipped: In Cache | 80042                                                                          |
[2023-01-31 10:57:08,294] [sonarr.py:173]             [INFO]     | Skipped: In Cache | 337017                                                                         |
[2023-01-31 10:57:08,294] [sonarr.py:173]             [INFO]     | Skipped: In Cache | 289177                                                                         |
[2023-01-31 10:57:08,294] [sonarr.py:173]             [INFO]     | Skipped: In Cache | 370769                                                                         |
[2023-01-31 10:57:08,295] [sonarr.py:173]             [INFO]     | Skipped: In Cache | 355480                                                                         |
[2023-01-31 10:57:08,295] [sonarr.py:173]             [INFO]     | Skipped: In Cache | 114801                                                                         |
[2023-01-31 10:57:08,295] [sonarr.py:173]             [INFO]     | Skipped: In Cache | 275798                                                                         |
[2023-01-31 10:57:08,296] [sonarr.py:173]             [INFO]     | Skipped: In Cache | 357488                                                                         |
[2023-01-31 10:57:08,296] [sonarr.py:173]             [INFO]     | Skipped: In Cache | 81618                                                                          |
[2023-01-31 10:57:08,297] [sonarr.py:173]             [INFO]     | Skipped: In Cache | 79895                                                                          |
[2023-01-31 10:57:08,297] [sonarr.py:173]             [INFO]     | Skipped: In Cache | 295224                                                                         |
[2023-01-31 10:57:08,297] [sonarr.py:173]             [INFO]     | Skipped: In Cache | 72408                                                                          |
[2023-01-31 10:57:08,298] [sonarr.py:173]             [INFO]     | Skipped: In Cache | 79071                                                                          |
[2023-01-31 10:57:08,298] [sonarr.py:173]             [INFO]     | Skipped: In Cache | 252471                                                                         |
[2023-01-31 10:57:08,298] [sonarr.py:173]             [INFO]     | Skipped: In Cache | 303868                                                                         |
[2023-01-31 10:57:08,299] [sonarr.py:173]             [INFO]     | Skipped: In Cache | 269872                                                                         |
[2023-01-31 10:57:08,299] [sonarr.py:173]             [INFO]     | Skipped: In Cache | 71361                                                                          |
[2023-01-31 10:57:08,299] [sonarr.py:173]             [INFO]     | Skipped: In Cache | 262954                                                                         |
[2023-01-31 10:57:08,299] [sonarr.py:173]             [INFO]     | Skipped: In Cache | 80675                                                                          |
[2023-01-31 10:57:08,300] [sonarr.py:173]             [INFO]     | Skipped: In Cache | 259647                                                                         |
[2023-01-31 10:57:08,300] [sonarr.py:173]             [INFO]     | Skipped: In Cache | 409723                                                                         |
[2023-01-31 10:57:08,301] [sonarr.py:173]             [INFO]     | Skipped: In Cache | 272128                                                                         |
[2023-01-31 10:57:08,301] [sonarr.py:173]             [INFO]     | Skipped: In Cache | 80177                                                                          |
[2023-01-31 10:57:08,301] [sonarr.py:173]             [INFO]     | Skipped: In Cache | 219181                                                                         |
[2023-01-31 10:57:08,301] [sonarr.py:173]             [INFO]     | Skipped: In Cache | 83475                                                                          |
[2023-01-31 10:57:08,302] [sonarr.py:173]             [INFO]     | Skipped: In Cache | 74599                                                                          |
[2023-01-31 10:57:08,302] [sonarr.py:173]             [INFO]     | Skipped: In Cache | 284131                                                                         |
[2023-01-31 10:57:08,302] [sonarr.py:173]             [INFO]     | Skipped: In Cache | 79824                                                                          |
[2023-01-31 10:57:08,303] [sonarr.py:173]             [INFO]     | Skipped: In Cache | 82788                                                                          |
[2023-01-31 10:57:08,305] [sonarr.py:173]             [INFO]     | Skipped: In Cache | 240291                                                                         |
[2023-01-31 10:57:08,305] [sonarr.py:173]             [INFO]     | Skipped: In Cache | 341437                                                                         |
[2023-01-31 10:57:08,306] [sonarr.py:173]             [INFO]     | Skipped: In Cache | 275610                                                                         |
[2023-01-31 10:57:08,306] [sonarr.py:173]             [INFO]     | Skipped: In Cache | 81797                                                                          |
[2023-01-31 10:57:08,307] [sonarr.py:173]             [INFO]     | Skipped: In Cache | 318950                                                                         |
[2023-01-31 10:57:08,307] [sonarr.py:173]             [INFO]     | Skipped: In Cache | 70863                                                                          |
[2023-01-31 10:57:08,307] [sonarr.py:173]             [INFO]     | Skipped: In Cache | 289909                                                                         |
[2023-01-31 10:57:08,308] [sonarr.py:173]             [INFO]     | Skipped: In Cache | 304316                                                                         |
[2023-01-31 10:57:08,308] [sonarr.py:173]             [INFO]     | Skipped: In Cache | 339268                                                                         |
[2023-01-31 10:57:08,308] [sonarr.py:173]             [INFO]     | Skipped: In Cache | 259640                                                                         |
[2023-01-31 10:57:08,309] [sonarr.py:173]             [INFO]     | Skipped: In Cache | 385374                                                                         |
[2023-01-31 10:57:08,309] [sonarr.py:173]             [INFO]     | Skipped: In Cache | 388672                                                                         |
[2023-01-31 10:57:08,310] [sonarr.py:173]             [INFO]     | Skipped: In Cache | 360438                                                                         |
[2023-01-31 10:57:08,310] [sonarr.py:173]             [INFO]     | Skipped: In Cache | 114921                                                                         |
[2023-01-31 10:57:08,310] [sonarr.py:173]             [INFO]     | Skipped: In Cache | 83322                                                                          |
[2023-01-31 10:57:08,311] [sonarr.py:173]             [INFO]     | Skipped: In Cache | 414096                                                                         |
[2023-01-31 10:57:08,311] [sonarr.py:173]             [INFO]     | Skipped: In Cache | 267435                                                                         |
[2023-01-31 10:57:08,312] [sonarr.py:173]             [INFO]     | Skipped: In Cache | 411625                                                                         |
[2023-01-31 10:57:08,312] [sonarr.py:174]             [INFO]     | 60 Series already exist in Sonarr                                                                  |
[2023-01-31 10:57:08,318] [builder.py:2147]           [INFO]     |                                                                                                    |
[2023-01-31 10:57:08,318] [util.py:216]               [INFO]     |======================= Updating Details of Jack's Whole MAL List Collection =======================|
[2023-01-31 10:57:08,320] [builder.py:2149]           [INFO]     |                                                                                                    |
[2023-01-31 10:57:08,321] [builder.py:2294]           [INFO]     | No poster collection detail or asset folder found                                                  |
[2023-01-31 10:57:08,321] [builder.py:2327]           [INFO]     | No background collection detail or asset folder found                                              |
[2023-01-31 10:57:08,510] [builder.py:2023]           [INFO]     |                                                                                                    |
[2023-01-31 10:57:08,511] [util.py:216]               [INFO]     |================ Updating Details of the Items in Jack's Whole MAL List Collection =================|
[2023-01-31 10:57:08,512] [builder.py:2025]           [INFO]     |                                                                                                    |
[2023-01-31 10:57:31,670] [sonarr.py:69]              [INFO]     |                                                                                                    |
[2023-01-31 10:57:31,670] [util.py:216]               [INFO]     |==================================== Adding Existing to Sonarr =====================================|
[2023-01-31 10:57:31,671] [sonarr.py:71]              [DEBUG]    |                                                                                                    |
[2023-01-31 10:57:31,672] [sonarr.py:72]              [DEBUG]    | Sonarr Adds:                                                                                       |
[2023-01-31 10:57:31,672] [sonarr.py:74]              [DEBUG]    | (70350, 'F:\\Anime\\Neon Genesis Evangelion (1995) [tvdb-70350]')                                  |
[2023-01-31 10:57:31,672] [sonarr.py:74]              [DEBUG]    | (76885, 'F:\\Anime\\Cowboy Bebop (1998) [tvdb-76885]')                                             |
[2023-01-31 10:57:31,673] [sonarr.py:74]              [DEBUG]    | (79685, 'F:\\Anime\\Hajime no Ippo (2000) [tvdb-79685]')                                           |
[2023-01-31 10:57:31,673] [sonarr.py:74]              [DEBUG]    | (78857, 'F:\\Anime\\Naruto (2002) [tvdb-78857]')                                                   |
[2023-01-31 10:57:31,673] [sonarr.py:74]              [DEBUG]    | (79089, 'F:\\Anime\\Samurai Champloo (2004) [tvdb-79089]')                                         |
[2023-01-31 10:57:31,673] [sonarr.py:74]              [DEBUG]    | (79214, 'F:\\Anime\\Mushi-Shi (2005) [tvdb-79214]')                                                |
[2023-01-31 10:57:31,674] [sonarr.py:74]              [DEBUG]    | (79481, 'F:\\Anime\\Death Note (2006) [tvdb-79481]')                                               |
[2023-01-31 10:57:31,674] [sonarr.py:74]              [DEBUG]    | (79525, 'F:\\Anime\\Code Geass - Lelouch of the Rebellion (2006) [tvdb-79525]')                    |
[2023-01-31 10:57:31,674] [sonarr.py:74]              [DEBUG]    | (80096, 'F:\\Anime\\Gurren Lagann (2007) [tvdb-80096]')                                            |
[2023-01-31 10:57:31,675] [sonarr.py:74]              [DEBUG]    | (81037, 'F:\\Anime\\Coil - A Circle of Children (2007) [tvdb-81037]')                              |
[2023-01-31 10:57:31,675] [sonarr.py:74]              [DEBUG]    | (81178, 'F:\\Anime\\Spice and Wolf (2008) [tvdb-81178]')                                           |
[2023-01-31 10:57:31,675] [sonarr.py:74]              [DEBUG]    | (83277, 'F:\\Anime\\Toradora! (2008) [tvdb-83277]')                                                |
[2023-01-31 10:57:31,676] [sonarr.py:74]              [DEBUG]    | (87501, 'F:\\Anime\\K-ON! (2009) [tvdb-87501]')                                                    |
[2023-01-31 10:57:31,676] [sonarr.py:74]              [DEBUG]    | (85249, 'F:\\Anime\\Fullmetal Alchemist - Brotherhood (2009) [tvdb-85249]')                        |
[2023-01-31 10:57:31,676] [sonarr.py:74]              [DEBUG]    | (102261, 'F:\\Anime\\Monogatari (2009) [tvdb-102261]')                                             |
[2023-01-31 10:57:31,677] [sonarr.py:74]              [DEBUG]    | (150471, 'F:\\Anime\\Angel Beats! (2010) [tvdb-150471]')                                           |
[2023-01-31 10:57:31,677] [sonarr.py:74]              [DEBUG]    | (244061, 'F:\\Anime\\Steins;Gate (2011) [tvdb-244061]')                                            |
[2023-01-31 10:57:31,677] [sonarr.py:74]              [DEBUG]    | (252322, 'F:\\Anime\\Hunter x Hunter (2011) [tvdb-252322]')                                        |
[2023-01-31 10:57:31,677] [sonarr.py:74]              [DEBUG]    | (254349, 'F:\\Anime\\Another (2012) [tvdb-254349]')                                                |
[2023-01-31 10:57:31,678] [sonarr.py:74]              [DEBUG]    | (254661, 'F:\\Anime\\Daily Lives of High School Boys (2012) [tvdb-254661]')                        |
[2023-01-31 10:57:31,678] [sonarr.py:74]              [DEBUG]    | (257764, 'F:\\Anime\\Hyouka (2012) [tvdb-257764]')                                                 |
[2023-01-31 10:57:31,678] [sonarr.py:74]              [DEBUG]    | (262838, 'F:\\Anime\\From the New World (2012) [tvdb-262838]')                                     |
[2023-01-31 10:57:31,679] [sonarr.py:74]              [DEBUG]    | (264663, 'F:\\Anime\\Date A Live (2013) [tvdb-264663]')                                            |
[2023-01-31 10:57:31,679] [sonarr.py:74]              [DEBUG]    | (267441, 'F:\\Anime\\Devil Is a Part-Timer!, The (2013) [tvdb-267441]')                            |
[2023-01-31 10:57:31,679] [sonarr.py:74]              [DEBUG]    | (267440, 'F:\\Anime\\Attack on Titan (2013) [tvdb-267440]')                                        |
[2023-01-31 10:57:31,680] [sonarr.py:74]              [DEBUG]    | (267246, 'F:\\Anime\\Silver Spoon (2013) [tvdb-267246]')                                           |
[2023-01-31 10:57:31,680] [sonarr.py:74]              [DEBUG]    | (272074, 'F:\\Anime\\Kill la Kill (2013) [tvdb-272074]')                                           |
[2023-01-31 10:57:31,680] [sonarr.py:74]              [DEBUG]    | (278157, 'F:\\Anime\\Haikyu!! (2014) [tvdb-278157]')                                               |
[2023-01-31 10:57:31,681] [sonarr.py:74]              [DEBUG]    | (278155, 'F:\\Anime\\No Game, No Life (2014) [tvdb-278155]')                                       |
[2023-01-31 10:57:31,681] [sonarr.py:74]              [DEBUG]    | (280329, 'F:\\Anime\\Akame ga Kill! (2014) [tvdb-280329]')                                         |
[2023-01-31 10:57:31,682] [sonarr.py:74]              [DEBUG]    | (279831, 'F:\\Anime\\Parasyte -the maxim- (2014) [tvdb-279831]')                                   |
[2023-01-31 10:57:31,682] [sonarr.py:74]              [DEBUG]    | (279830, 'F:\\Anime\\Your Lie in April (2014) [tvdb-279830]')                                      |
[2023-01-31 10:57:31,682] [sonarr.py:74]              [DEBUG]    | (289882, 'F:\\Anime\\Is It Wrong to Try to Pick Up Girls in a Dungeon! (2015) [tvdb-289882]')      |
[2023-01-31 10:57:31,683] [sonarr.py:74]              [DEBUG]    | (294002, 'F:\\Anime\\Overlord (2015) [tvdb-294002]')                                               |
[2023-01-31 10:57:31,683] [sonarr.py:74]              [DEBUG]    | (293088, 'F:\\Anime\\One-Punch Man (2015) [tvdb-293088]')                                          |
[2023-01-31 10:57:31,683] [sonarr.py:74]              [DEBUG]    | (303071, 'F:\\Anime\\Erased (2016) [tvdb-303071]')                                                 |
[2023-01-31 10:57:31,684] [sonarr.py:74]              [DEBUG]    | (303867, "F:\\Anime\\KonoSuba – God's blessing on this wonderful world!! (2016) [tvdb-303867]")    |
[2023-01-31 10:57:31,684] [sonarr.py:74]              [DEBUG]    | (305074, 'F:\\Anime\\My Hero Academia (2016) [tvdb-305074]')                                       |
[2023-01-31 10:57:31,684] [sonarr.py:74]              [DEBUG]    | (305104, 'F:\\Anime\\Tanaka-kun Is Always Listless (2016) [tvdb-305104]')                          |
[2023-01-31 10:57:31,685] [sonarr.py:74]              [DEBUG]    | (307375, 'F:\\Anime\\Mob Psycho 100 (2016) [tvdb-307375]')                                         |
[2023-01-31 10:57:31,685] [sonarr.py:74]              [DEBUG]    | (317004, 'F:\\Anime\\Yuri!!! on Ice (2016) [tvdb-317004]')                                         |
[2023-01-31 10:57:31,685] [sonarr.py:74]              [DEBUG]    | (306269, 'F:\\Anime\\March Comes in Like a Lion (2016) [tvdb-306269]')                             |
[2023-01-31 10:57:31,686] [sonarr.py:74]              [DEBUG]    | (318893, "F:\\Anime\\Miss Kobayashi's Dragon Maid (2017) [tvdb-318893]")                           |
[2023-01-31 10:57:31,686] [sonarr.py:74]              [DEBUG]    | (329822, 'F:\\Anime\\Classroom of the Elite (2017) [tvdb-329822]')                                 |
[2023-01-31 10:57:31,686] [sonarr.py:74]              [DEBUG]    | (326109, 'F:\\Anime\\Made in Abyss (2017) [tvdb-326109]')                                          |
[2023-01-31 10:57:31,686] [sonarr.py:74]              [DEBUG]    | (330139, 'F:\\Anime\\Violet Evergarden (2018) [tvdb-330139]')                                      |
[2023-01-31 10:57:31,687] [sonarr.py:74]              [DEBUG]    | (338455, 'F:\\Anime\\Golden Kamuy (2018) [tvdb-338455]')                                           |
[2023-01-31 10:57:31,687] [sonarr.py:74]              [DEBUG]    | (352408, 'F:\\Anime\\That Time I Got Reincarnated as a Slime (2018) [tvdb-352408]')                |
[2023-01-31 10:57:31,687] [sonarr.py:74]              [DEBUG]    | (345596, 'F:\\Anime\\Rascal Does Not Dream of Bunny Girl Senpai (2018) [tvdb-345596]')             |
[2023-01-31 10:57:31,688] [sonarr.py:74]              [DEBUG]    | (350166, 'F:\\Anime\\Goblin Slayer (2018) [tvdb-350166]')                                          |
[2023-01-31 10:57:31,688] [sonarr.py:74]              [DEBUG]    | (348002, 'F:\\Anime\\Promised Neverland, The (2019) [tvdb-348002]')                                |
[2023-01-31 10:57:31,688] [sonarr.py:74]              [DEBUG]    | (355966, 'F:\\Anime\\Quintessential Quintuplets, The (2019) [tvdb-355966]')                        |
[2023-01-31 10:57:31,689] [sonarr.py:74]              [DEBUG]    | (354198, 'F:\\Anime\\Kaguya-sama - Love Is War (2019) [tvdb-354198]')                              |
[2023-01-31 10:57:31,689] [sonarr.py:74]              [DEBUG]    | (348545, 'F:\\Anime\\Demon Slayer - Kimetsu no Yaiba (2019) [tvdb-348545]')                        |
[2023-01-31 10:57:31,689] [sonarr.py:74]              [DEBUG]    | (354154, 'F:\\Anime\\Carole & Tuesday (2019) [tvdb-354154]')                                       |
[2023-01-31 10:57:31,690] [sonarr.py:74]              [DEBUG]    | (355774, 'F:\\Anime\\Dr. Stone (2019) [tvdb-355774]')                                              |
[2023-01-31 10:57:31,690] [sonarr.py:74]              [DEBUG]    | (359274, 'F:\\Anime\\Vinland Saga (2019) [tvdb-359274]')                                           |
[2023-01-31 10:57:31,690] [sonarr.py:74]              [DEBUG]    | (361218, 'F:\\Anime\\Given (2019) [tvdb-361218]')                                                  |
[2023-01-31 10:57:31,690] [sonarr.py:74]              [DEBUG]    | (376729, 'F:\\Anime\\Tower of God (2020) [tvdb-376729]')                                           |
[2023-01-31 10:57:31,691] [sonarr.py:74]              [DEBUG]    | (378556, 'F:\\Anime\\God of High School, The (2020) [tvdb-378556]')                                |
[2023-01-31 10:57:31,691] [sonarr.py:74]              [DEBUG]    | (380654, 'F:\\Anime\\Rent-a-Girlfriend (2020) [tvdb-380654]')                                      |
[2023-01-31 10:57:31,691] [sonarr.py:74]              [DEBUG]    | (377543, 'F:\\Anime\\Jujutsu Kaisen (2020) [tvdb-377543]')                                         |
[2023-01-31 10:57:31,692] [sonarr.py:74]              [DEBUG]    | (389459, 'F:\\Anime\\Burn the Witch (2020) [tvdb-389459]')                                         |
[2023-01-31 10:57:31,692] [sonarr.py:74]              [DEBUG]    | (385077, 'F:\\Anime\\TONIKAWA - Over the Moon for You (2020) [tvdb-385077]')                       |
[2023-01-31 10:57:31,692] [sonarr.py:74]              [DEBUG]    | (378879, 'F:\\Anime\\Akudama Drive (2020) [tvdb-378879]')                                          |
[2023-01-31 10:57:31,693] [sonarr.py:74]              [DEBUG]    | (305089, 'F:\\Anime\\Re - ZERO, Starting Life in Another World (2016) [tvdb-305089]')              |
[2023-01-31 10:57:31,693] [sonarr.py:74]              [DEBUG]    | (377902, "F:\\Anime\\So I'm a Spider, So What! (2021) [tvdb-377902]")                              |
[2023-01-31 10:57:31,694] [sonarr.py:74]              [DEBUG]    | (388593, 'F:\\Anime\\Horimiya (2021) [tvdb-388593]')                                               |
[2023-01-31 10:57:31,694] [sonarr.py:74]              [DEBUG]    | (397774, "F:\\Anime\\Vivy - Fluorite Eye's Song (2021) [tvdb-397774]")                             |
[2023-01-31 10:57:31,694] [sonarr.py:74]              [DEBUG]    | (390306, 'F:\\Anime\\Higehiro - After Being Rejected, I Shaved and Took in a High School Runaway (2021) [tvdb-390306]') |
[2023-01-31 10:57:31,695] [sonarr.py:74]              [DEBUG]    | (397208, 'F:\\Anime\\ODDTAXI (2021) [tvdb-397208]')                                                |
[2023-01-31 10:57:31,695] [sonarr.py:74]              [DEBUG]    | (389377, "F:\\Anime\\I've Been Killing Slimes for 300 Years and Maxed Out My Level (2021) [tvdb-389377]") |
[2023-01-31 10:57:31,695] [sonarr.py:74]              [DEBUG]    | (385278, "F:\\Anime\\Don't Toy With Me, Miss Nagatoro (2021) [tvdb-385278]")                       |
[2023-01-31 10:57:31,695] [sonarr.py:74]              [DEBUG]    | (396876, 'F:\\Anime\\Shadows House (2021) [tvdb-396876]')                                          |
[2023-01-31 10:57:31,696] [sonarr.py:74]              [DEBUG]    | (375271, 'F:\\Anime\\To Your Eternity (2021) [tvdb-375271]')                                       |
[2023-01-31 10:57:31,696] [sonarr.py:74]              [DEBUG]    | (402033, 'F:\\Anime\\Link Click (2021) [tvdb-402033]')                                             |
[2023-01-31 10:57:31,696] [sonarr.py:74]              [DEBUG]    | (401948, 'F:\\Anime\\Sonny Boy (2021) [tvdb-401948]')                                              |
[2023-01-31 10:57:31,697] [sonarr.py:74]              [DEBUG]    | (388445, 'F:\\Anime\\Peach Boy Riverside (2021) [tvdb-388445]')                                    |
[2023-01-31 10:57:31,697] [sonarr.py:74]              [DEBUG]    | (400133, 'F:\\Anime\\Case Study of Vanitas, The (2021) [tvdb-400133]')                             |
[2023-01-31 10:57:31,697] [sonarr.py:74]              [DEBUG]    | (393190, 'F:\\Anime\\Star Wars - Visions (2021) [tvdb-393190]')                                    |
[2023-01-31 10:57:31,698] [sonarr.py:74]              [DEBUG]    | (378609, 'F:\\Anime\\86 - Eighty Six (2021) [tvdb-378609]')                                        |
[2023-01-31 10:57:31,698] [sonarr.py:74]              [DEBUG]    | (399121, 'F:\\Anime\\Mieruko-chan (2021) [tvdb-399121]')                                           |
[2023-01-31 10:57:31,698] [sonarr.py:74]              [DEBUG]    | (371310, 'F:\\Anime\\Mushoku Tensei - Jobless Reincarnation (2021) [tvdb-371310]')                 |
[2023-01-31 10:57:31,699] [sonarr.py:74]              [DEBUG]    | (398193, "F:\\Anime\\World's Finest Assassin Gets Reincarnated in Another World as an Aristocrat, The (2021) [tvdb-398193]") |
[2023-01-31 10:57:31,699] [sonarr.py:74]              [DEBUG]    | (402412, "F:\\Anime\\Komi Can't Communicate (2021) [tvdb-402412]")                                 |
[2023-01-31 10:57:31,699] [sonarr.py:74]              [DEBUG]    | (391625, 'F:\\Anime\\Ranking of Kings (2021) [tvdb-391625]')                                       |
[2023-01-31 10:57:31,699] [sonarr.py:74]              [DEBUG]    | (401233, 'F:\\Anime\\My Dress-Up Darling (2022) [tvdb-401233]')                                    |
[2023-01-31 10:57:31,700] [sonarr.py:74]              [DEBUG]    | (398387, 'F:\\Anime\\Sabikui Bisco (2022) [tvdb-398387]')                                          |
[2023-01-31 10:57:31,700] [sonarr.py:74]              [DEBUG]    | (412580, 'F:\\Anime\\Ya Boy Kongming! (2022) [tvdb-412580]')                                       |
[2023-01-31 10:57:31,700] [sonarr.py:74]              [DEBUG]    | (407833, 'F:\\Anime\\Aharen Is Indecipherable (2022) [tvdb-407833]')                               |
[2023-01-31 10:57:31,701] [sonarr.py:74]              [DEBUG]    | (412826, 'F:\\Anime\\Trapped in a Dating Sim - The World of Otome Games Is Tough for Mobs (2022) [tvdb-412826]') |
[2023-01-31 10:57:31,701] [sonarr.py:74]              [DEBUG]    | (411914, "F:\\Anime\\Birdie Wing -Golf Girls' Story- (2022) [tvdb-411914]")                        |
[2023-01-31 10:57:31,701] [sonarr.py:74]              [DEBUG]    | (412031, 'F:\\Anime\\Tomodachi Game (2022) [tvdb-412031]')                                         |
[2023-01-31 10:57:31,701] [sonarr.py:74]              [DEBUG]    | (407840, 'F:\\Anime\\Aoashi (2022) [tvdb-407840]')                                                 |
[2023-01-31 10:57:31,702] [sonarr.py:74]              [DEBUG]    | (402125, 'F:\\Anime\\Dance Dance Danseur (2022) [tvdb-402125]')                                    |
[2023-01-31 10:57:31,702] [sonarr.py:74]              [DEBUG]    | (402117, "F:\\Anime\\Shikimori's Not Just a Cutie (2022) [tvdb-402117]")                           |
[2023-01-31 10:57:31,702] [sonarr.py:74]              [DEBUG]    | (407306, 'F:\\Anime\\Summer Time Rendering (2022) [tvdb-407306]')                                  |
[2023-01-31 10:57:31,703] [sonarr.py:74]              [DEBUG]    | (405214, 'F:\\Anime\\Uncle From Another World (2022) [tvdb-405214]')                               |
[2023-01-31 10:57:31,703] [sonarr.py:74]              [DEBUG]    | (418265, 'F:\\Anime\\Engage Kiss (2022) [tvdb-418265]')                                            |
[2023-01-31 10:57:31,703] [sonarr.py:74]              [DEBUG]    | (402637, 'F:\\Anime\\My Isekai Life (2022) [tvdb-402637]')                                         |
[2023-01-31 10:57:31,704] [sonarr.py:74]              [DEBUG]    | (417658, 'F:\\Anime\\Vermeil in Gold (2022) [tvdb-417658]')                                        |
[2023-01-31 10:57:31,704] [sonarr.py:74]              [DEBUG]    | (415240, "F:\\Anime\\My Stepmom's Daughter Is My Ex (2022) [tvdb-415240]")                         |
[2023-01-31 10:57:31,704] [sonarr.py:74]              [DEBUG]    | (402337, 'F:\\Anime\\When Will Ayumu Make His Move! (2022) [tvdb-402337]')                         |
[2023-01-31 10:57:31,704] [sonarr.py:74]              [DEBUG]    | (412374, 'F:\\Anime\\Call of the Night (2022) [tvdb-412374]')                                      |
[2023-01-31 10:57:31,705] [sonarr.py:74]              [DEBUG]    | (384541, 'F:\\Anime\\Cyberpunk - Edgerunners (2022) [tvdb-384541]')                                |
[2023-01-31 10:57:31,705] [sonarr.py:74]              [DEBUG]    | (410378, 'F:\\Anime\\Reincarnated as a Sword (2022) [tvdb-410378]')                                |
[2023-01-31 10:57:31,705] [sonarr.py:74]              [DEBUG]    | (405920, 'F:\\Anime\\SPY x FAMILY (2022) [tvdb-405920]')                                           |
[2023-01-31 10:57:31,706] [sonarr.py:74]              [DEBUG]    | (418364, 'F:\\Anime\\Mobile Suit Gundam - The Witch From Mercury (2022) [tvdb-418364]')            |
[2023-01-31 10:57:31,706] [sonarr.py:74]              [DEBUG]    | (407520, 'F:\\Anime\\Eminence in Shadow, The (2022) [tvdb-407520]')                                |
[2023-01-31 10:57:31,706] [sonarr.py:74]              [DEBUG]    | (401950, 'F:\\Anime\\Do It Yourself!! (2022) [tvdb-401950]')                                       |
[2023-01-31 10:57:31,706] [sonarr.py:74]              [DEBUG]    | (421676, 'F:\\Anime\\Akiba Maid War (2022) [tvdb-421676]')                                         |
[2023-01-31 10:57:31,707] [sonarr.py:74]              [DEBUG]    | (408629, 'F:\\Anime\\BLUELOCK (2022) [tvdb-408629]')                                               |
[2023-01-31 10:57:31,707] [sonarr.py:74]              [DEBUG]    | (413522, 'F:\\Anime\\Bocchi the Rock! (2022) [tvdb-413522]')                                       |
[2023-01-31 10:57:31,707] [sonarr.py:74]              [DEBUG]    | (397934, 'F:\\Anime\\Chainsaw Man (2022) [tvdb-397934]')                                           |
[2023-01-31 10:57:31,707] [sonarr.py:74]              [DEBUG]    | (415821, 'F:\\Anime\\Spy Classroom (2023) [tvdb-415821]')                                          |
[2023-01-31 10:57:32,048] [sonarr.py:165]             [INFO]     |                                                                                                    |
[2023-01-31 10:57:32,048] [sonarr.py:173]             [INFO]     | Skipped: In Cache | (70350, 'F:\\Anime\\Neon Genesis Evangelion (1995) [tvdb-70350]')              |
[2023-01-31 10:57:32,049] [sonarr.py:173]             [INFO]     | Skipped: In Cache | (76885, 'F:\\Anime\\Cowboy Bebop (1998) [tvdb-76885]')                         |
[2023-01-31 10:57:32,049] [sonarr.py:173]             [INFO]     | Skipped: In Cache | (79685, 'F:\\Anime\\Hajime no Ippo (2000) [tvdb-79685]')                       |
[2023-01-31 10:57:32,049] [sonarr.py:173]             [INFO]     | Skipped: In Cache | (78857, 'F:\\Anime\\Naruto (2002) [tvdb-78857]')                               |
[2023-01-31 10:57:32,050] [sonarr.py:173]             [INFO]     | Skipped: In Cache | (79089, 'F:\\Anime\\Samurai Champloo (2004) [tvdb-79089]')                     |
[2023-01-31 10:57:32,050] [sonarr.py:173]             [INFO]     | Skipped: In Cache | (79214, 'F:\\Anime\\Mushi-Shi (2005) [tvdb-79214]')                            |
[2023-01-31 10:57:32,051] [sonarr.py:173]             [INFO]     | Skipped: In Cache | (79481, 'F:\\Anime\\Death Note (2006) [tvdb-79481]')                           |
[2023-01-31 10:57:32,051] [sonarr.py:173]             [INFO]     | Skipped: In Cache | (79525, 'F:\\Anime\\Code Geass - Lelouch of the Rebellion (2006) [tvdb-79525]') |
[2023-01-31 10:57:32,051] [sonarr.py:173]             [INFO]     | Skipped: In Cache | (80096, 'F:\\Anime\\Gurren Lagann (2007) [tvdb-80096]')                        |
[2023-01-31 10:57:32,052] [sonarr.py:173]             [INFO]     | Skipped: In Cache | (81037, 'F:\\Anime\\Coil - A Circle of Children (2007) [tvdb-81037]')          |
[2023-01-31 10:57:32,052] [sonarr.py:173]             [INFO]     | Skipped: In Cache | (81178, 'F:\\Anime\\Spice and Wolf (2008) [tvdb-81178]')                       |
[2023-01-31 10:57:32,053] [sonarr.py:173]             [INFO]     | Skipped: In Cache | (83277, 'F:\\Anime\\Toradora! (2008) [tvdb-83277]')                            |
[2023-01-31 10:57:32,053] [sonarr.py:173]             [INFO]     | Skipped: In Cache | (87501, 'F:\\Anime\\K-ON! (2009) [tvdb-87501]')                                |
[2023-01-31 10:57:32,055] [sonarr.py:173]             [INFO]     | Skipped: In Cache | (85249, 'F:\\Anime\\Fullmetal Alchemist - Brotherhood (2009) [tvdb-85249]')    |
[2023-01-31 10:57:32,055] [sonarr.py:173]             [INFO]     | Skipped: In Cache | (102261, 'F:\\Anime\\Monogatari (2009) [tvdb-102261]')                         |
[2023-01-31 10:57:32,056] [sonarr.py:173]             [INFO]     | Skipped: In Cache | (150471, 'F:\\Anime\\Angel Beats! (2010) [tvdb-150471]')                       |
[2023-01-31 10:57:32,056] [sonarr.py:173]             [INFO]     | Skipped: In Cache | (244061, 'F:\\Anime\\Steins;Gate (2011) [tvdb-244061]')                        |
[2023-01-31 10:57:32,056] [sonarr.py:173]             [INFO]     | Skipped: In Cache | (252322, 'F:\\Anime\\Hunter x Hunter (2011) [tvdb-252322]')                    |
[2023-01-31 10:57:32,057] [sonarr.py:173]             [INFO]     | Skipped: In Cache | (254349, 'F:\\Anime\\Another (2012) [tvdb-254349]')                            |
[2023-01-31 10:57:32,057] [sonarr.py:173]             [INFO]     | Skipped: In Cache | (254661, 'F:\\Anime\\Daily Lives of High School Boys (2012) [tvdb-254661]')    |
[2023-01-31 10:57:32,057] [sonarr.py:173]             [INFO]     | Skipped: In Cache | (257764, 'F:\\Anime\\Hyouka (2012) [tvdb-257764]')                             |
[2023-01-31 10:57:32,058] [sonarr.py:173]             [INFO]     | Skipped: In Cache | (262838, 'F:\\Anime\\From the New World (2012) [tvdb-262838]')                 |
[2023-01-31 10:57:32,058] [sonarr.py:173]             [INFO]     | Skipped: In Cache | (264663, 'F:\\Anime\\Date A Live (2013) [tvdb-264663]')                        |
[2023-01-31 10:57:32,059] [sonarr.py:173]             [INFO]     | Skipped: In Cache | (267441, 'F:\\Anime\\Devil Is a Part-Timer!, The (2013) [tvdb-267441]')        |
[2023-01-31 10:57:32,059] [sonarr.py:173]             [INFO]     | Skipped: In Cache | (267440, 'F:\\Anime\\Attack on Titan (2013) [tvdb-267440]')                    |
[2023-01-31 10:57:32,060] [sonarr.py:173]             [INFO]     | Skipped: In Cache | (267246, 'F:\\Anime\\Silver Spoon (2013) [tvdb-267246]')                       |
[2023-01-31 10:57:32,060] [sonarr.py:173]             [INFO]     | Skipped: In Cache | (272074, 'F:\\Anime\\Kill la Kill (2013) [tvdb-272074]')                       |
[2023-01-31 10:57:32,060] [sonarr.py:173]             [INFO]     | Skipped: In Cache | (278157, 'F:\\Anime\\Haikyu!! (2014) [tvdb-278157]')                           |
[2023-01-31 10:57:32,061] [sonarr.py:173]             [INFO]     | Skipped: In Cache | (278155, 'F:\\Anime\\No Game, No Life (2014) [tvdb-278155]')                   |
[2023-01-31 10:57:32,061] [sonarr.py:173]             [INFO]     | Skipped: In Cache | (280329, 'F:\\Anime\\Akame ga Kill! (2014) [tvdb-280329]')                     |
[2023-01-31 10:57:32,061] [sonarr.py:173]             [INFO]     | Skipped: In Cache | (279831, 'F:\\Anime\\Parasyte -the maxim- (2014) [tvdb-279831]')               |
[2023-01-31 10:57:32,062] [sonarr.py:173]             [INFO]     | Skipped: In Cache | (279830, 'F:\\Anime\\Your Lie in April (2014) [tvdb-279830]')                  |
[2023-01-31 10:57:32,062] [sonarr.py:173]             [INFO]     | Skipped: In Cache | (289882, 'F:\\Anime\\Is It Wrong to Try to Pick Up Girls in a Dungeon! (2015) [tvdb-289882]') |
[2023-01-31 10:57:32,062] [sonarr.py:173]             [INFO]     | Skipped: In Cache | (294002, 'F:\\Anime\\Overlord (2015) [tvdb-294002]')                           |
[2023-01-31 10:57:32,063] [sonarr.py:173]             [INFO]     | Skipped: In Cache | (293088, 'F:\\Anime\\One-Punch Man (2015) [tvdb-293088]')                      |
[2023-01-31 10:57:32,063] [sonarr.py:173]             [INFO]     | Skipped: In Cache | (303071, 'F:\\Anime\\Erased (2016) [tvdb-303071]')                             |
[2023-01-31 10:57:32,063] [sonarr.py:173]             [INFO]     | Skipped: In Cache | (303867, "F:\\Anime\\KonoSuba – God's blessing on this wonderful world!! (2016) [tvdb-303867]") |
[2023-01-31 10:57:32,064] [sonarr.py:173]             [INFO]     | Skipped: In Cache | (305074, 'F:\\Anime\\My Hero Academia (2016) [tvdb-305074]')                   |
[2023-01-31 10:57:32,064] [sonarr.py:173]             [INFO]     | Skipped: In Cache | (305104, 'F:\\Anime\\Tanaka-kun Is Always Listless (2016) [tvdb-305104]')      |
[2023-01-31 10:57:32,064] [sonarr.py:173]             [INFO]     | Skipped: In Cache | (307375, 'F:\\Anime\\Mob Psycho 100 (2016) [tvdb-307375]')                     |
[2023-01-31 10:57:32,065] [sonarr.py:173]             [INFO]     | Skipped: In Cache | (317004, 'F:\\Anime\\Yuri!!! on Ice (2016) [tvdb-317004]')                     |
[2023-01-31 10:57:32,065] [sonarr.py:173]             [INFO]     | Skipped: In Cache | (306269, 'F:\\Anime\\March Comes in Like a Lion (2016) [tvdb-306269]')         |
[2023-01-31 10:57:32,066] [sonarr.py:173]             [INFO]     | Skipped: In Cache | (318893, "F:\\Anime\\Miss Kobayashi's Dragon Maid (2017) [tvdb-318893]")       |
[2023-01-31 10:57:32,066] [sonarr.py:173]             [INFO]     | Skipped: In Cache | (329822, 'F:\\Anime\\Classroom of the Elite (2017) [tvdb-329822]')             |
[2023-01-31 10:57:32,067] [sonarr.py:173]             [INFO]     | Skipped: In Cache | (326109, 'F:\\Anime\\Made in Abyss (2017) [tvdb-326109]')                      |
[2023-01-31 10:57:32,067] [sonarr.py:173]             [INFO]     | Skipped: In Cache | (330139, 'F:\\Anime\\Violet Evergarden (2018) [tvdb-330139]')                  |
[2023-01-31 10:57:32,067] [sonarr.py:173]             [INFO]     | Skipped: In Cache | (338455, 'F:\\Anime\\Golden Kamuy (2018) [tvdb-338455]')                       |
[2023-01-31 10:57:32,068] [sonarr.py:173]             [INFO]     | Skipped: In Cache | (352408, 'F:\\Anime\\That Time I Got Reincarnated as a Slime (2018) [tvdb-352408]') |
[2023-01-31 10:57:32,068] [sonarr.py:173]             [INFO]     | Skipped: In Cache | (345596, 'F:\\Anime\\Rascal Does Not Dream of Bunny Girl Senpai (2018) [tvdb-345596]') |
[2023-01-31 10:57:32,069] [sonarr.py:173]             [INFO]     | Skipped: In Cache | (350166, 'F:\\Anime\\Goblin Slayer (2018) [tvdb-350166]')                      |
[2023-01-31 10:57:32,069] [sonarr.py:173]             [INFO]     | Skipped: In Cache | (348002, 'F:\\Anime\\Promised Neverland, The (2019) [tvdb-348002]')            |
[2023-01-31 10:57:32,072] [sonarr.py:173]             [INFO]     | Skipped: In Cache | (355966, 'F:\\Anime\\Quintessential Quintuplets, The (2019) [tvdb-355966]')    |
[2023-01-31 10:57:32,072] [sonarr.py:173]             [INFO]     | Skipped: In Cache | (354198, 'F:\\Anime\\Kaguya-sama - Love Is War (2019) [tvdb-354198]')          |
[2023-01-31 10:57:32,072] [sonarr.py:173]             [INFO]     | Skipped: In Cache | (348545, 'F:\\Anime\\Demon Slayer - Kimetsu no Yaiba (2019) [tvdb-348545]')    |
[2023-01-31 10:57:32,073] [sonarr.py:173]             [INFO]     | Skipped: In Cache | (354154, 'F:\\Anime\\Carole & Tuesday (2019) [tvdb-354154]')                   |
[2023-01-31 10:57:32,073] [sonarr.py:173]             [INFO]     | Skipped: In Cache | (355774, 'F:\\Anime\\Dr. Stone (2019) [tvdb-355774]')                          |
[2023-01-31 10:57:32,074] [sonarr.py:173]             [INFO]     | Skipped: In Cache | (359274, 'F:\\Anime\\Vinland Saga (2019) [tvdb-359274]')                       |
[2023-01-31 10:57:32,074] [sonarr.py:173]             [INFO]     | Skipped: In Cache | (361218, 'F:\\Anime\\Given (2019) [tvdb-361218]')                              |
[2023-01-31 10:57:32,074] [sonarr.py:173]             [INFO]     | Skipped: In Cache | (376729, 'F:\\Anime\\Tower of God (2020) [tvdb-376729]')                       |
[2023-01-31 10:57:32,075] [sonarr.py:173]             [INFO]     | Skipped: In Cache | (378556, 'F:\\Anime\\God of High School, The (2020) [tvdb-378556]')            |
[2023-01-31 10:57:32,075] [sonarr.py:173]             [INFO]     | Skipped: In Cache | (380654, 'F:\\Anime\\Rent-a-Girlfriend (2020) [tvdb-380654]')                  |
[2023-01-31 10:57:32,076] [sonarr.py:173]             [INFO]     | Skipped: In Cache | (377543, 'F:\\Anime\\Jujutsu Kaisen (2020) [tvdb-377543]')                     |
[2023-01-31 10:57:32,076] [sonarr.py:173]             [INFO]     | Skipped: In Cache | (389459, 'F:\\Anime\\Burn the Witch (2020) [tvdb-389459]')                     |
[2023-01-31 10:57:32,076] [sonarr.py:173]             [INFO]     | Skipped: In Cache | (385077, 'F:\\Anime\\TONIKAWA - Over the Moon for You (2020) [tvdb-385077]')   |
[2023-01-31 10:57:32,077] [sonarr.py:173]             [INFO]     | Skipped: In Cache | (378879, 'F:\\Anime\\Akudama Drive (2020) [tvdb-378879]')                      |
[2023-01-31 10:57:32,077] [sonarr.py:173]             [INFO]     | Skipped: In Cache | (305089, 'F:\\Anime\\Re - ZERO, Starting Life in Another World (2016) [tvdb-305089]') |
[2023-01-31 10:57:32,078] [sonarr.py:173]             [INFO]     | Skipped: In Cache | (377902, "F:\\Anime\\So I'm a Spider, So What! (2021) [tvdb-377902]")          |
[2023-01-31 10:57:32,078] [sonarr.py:173]             [INFO]     | Skipped: In Cache | (388593, 'F:\\Anime\\Horimiya (2021) [tvdb-388593]')                           |
[2023-01-31 10:57:32,078] [sonarr.py:173]             [INFO]     | Skipped: In Cache | (397774, "F:\\Anime\\Vivy - Fluorite Eye's Song (2021) [tvdb-397774]")         |
[2023-01-31 10:57:32,079] [sonarr.py:173]             [INFO]     | Skipped: In Cache | (390306, 'F:\\Anime\\Higehiro - After Being Rejected, I Shaved and Took in a High School Runaway (2021) [tvdb-390306]') |
[2023-01-31 10:57:32,079] [sonarr.py:173]             [INFO]     | Skipped: In Cache | (397208, 'F:\\Anime\\ODDTAXI (2021) [tvdb-397208]')                            |
[2023-01-31 10:57:32,079] [sonarr.py:173]             [INFO]     | Skipped: In Cache | (389377, "F:\\Anime\\I've Been Killing Slimes for 300 Years and Maxed Out My Level (2021) [tvdb-389377]") |
[2023-01-31 10:57:32,080] [sonarr.py:173]             [INFO]     | Skipped: In Cache | (385278, "F:\\Anime\\Don't Toy With Me, Miss Nagatoro (2021) [tvdb-385278]")   |
[2023-01-31 10:57:32,080] [sonarr.py:173]             [INFO]     | Skipped: In Cache | (396876, 'F:\\Anime\\Shadows House (2021) [tvdb-396876]')                      |
[2023-01-31 10:57:32,081] [sonarr.py:173]             [INFO]     | Skipped: In Cache | (375271, 'F:\\Anime\\To Your Eternity (2021) [tvdb-375271]')                   |
[2023-01-31 10:57:32,081] [sonarr.py:173]             [INFO]     | Skipped: In Cache | (402033, 'F:\\Anime\\Link Click (2021) [tvdb-402033]')                         |
[2023-01-31 10:57:32,082] [sonarr.py:173]             [INFO]     | Skipped: In Cache | (401948, 'F:\\Anime\\Sonny Boy (2021) [tvdb-401948]')                          |
[2023-01-31 10:57:32,082] [sonarr.py:173]             [INFO]     | Skipped: In Cache | (388445, 'F:\\Anime\\Peach Boy Riverside (2021) [tvdb-388445]')                |
[2023-01-31 10:57:32,083] [sonarr.py:173]             [INFO]     | Skipped: In Cache | (400133, 'F:\\Anime\\Case Study of Vanitas, The (2021) [tvdb-400133]')         |
[2023-01-31 10:57:32,083] [sonarr.py:173]             [INFO]     | Skipped: In Cache | (393190, 'F:\\Anime\\Star Wars - Visions (2021) [tvdb-393190]')                |
[2023-01-31 10:57:32,084] [sonarr.py:173]             [INFO]     | Skipped: In Cache | (378609, 'F:\\Anime\\86 - Eighty Six (2021) [tvdb-378609]')                    |
[2023-01-31 10:57:32,084] [sonarr.py:173]             [INFO]     | Skipped: In Cache | (399121, 'F:\\Anime\\Mieruko-chan (2021) [tvdb-399121]')                       |
[2023-01-31 10:57:32,084] [sonarr.py:173]             [INFO]     | Skipped: In Cache | (371310, 'F:\\Anime\\Mushoku Tensei - Jobless Reincarnation (2021) [tvdb-371310]') |
[2023-01-31 10:57:32,085] [sonarr.py:173]             [INFO]     | Skipped: In Cache | (398193, "F:\\Anime\\World's Finest Assassin Gets Reincarnated in Another World as an Aristocrat, The (2021) [tvdb-398193]") |
[2023-01-31 10:57:32,087] [sonarr.py:173]             [INFO]     | Skipped: In Cache | (402412, "F:\\Anime\\Komi Can't Communicate (2021) [tvdb-402412]")             |
[2023-01-31 10:57:32,087] [sonarr.py:173]             [INFO]     | Skipped: In Cache | (391625, 'F:\\Anime\\Ranking of Kings (2021) [tvdb-391625]')                   |
[2023-01-31 10:57:32,088] [sonarr.py:173]             [INFO]     | Skipped: In Cache | (401233, 'F:\\Anime\\My Dress-Up Darling (2022) [tvdb-401233]')                |
[2023-01-31 10:57:32,088] [sonarr.py:173]             [INFO]     | Skipped: In Cache | (398387, 'F:\\Anime\\Sabikui Bisco (2022) [tvdb-398387]')                      |
[2023-01-31 10:57:32,088] [sonarr.py:173]             [INFO]     | Skipped: In Cache | (412580, 'F:\\Anime\\Ya Boy Kongming! (2022) [tvdb-412580]')                   |
[2023-01-31 10:57:32,088] [sonarr.py:173]             [INFO]     | Skipped: In Cache | (407833, 'F:\\Anime\\Aharen Is Indecipherable (2022) [tvdb-407833]')           |
[2023-01-31 10:57:32,089] [sonarr.py:173]             [INFO]     | Skipped: In Cache | (412826, 'F:\\Anime\\Trapped in a Dating Sim - The World of Otome Games Is Tough for Mobs (2022) [tvdb-412826]') |
[2023-01-31 10:57:32,089] [sonarr.py:173]             [INFO]     | Skipped: In Cache | (411914, "F:\\Anime\\Birdie Wing -Golf Girls' Story- (2022) [tvdb-411914]")    |
[2023-01-31 10:57:32,090] [sonarr.py:173]             [INFO]     | Skipped: In Cache | (412031, 'F:\\Anime\\Tomodachi Game (2022) [tvdb-412031]')                     |
[2023-01-31 10:57:32,090] [sonarr.py:173]             [INFO]     | Skipped: In Cache | (407840, 'F:\\Anime\\Aoashi (2022) [tvdb-407840]')                             |
[2023-01-31 10:57:32,090] [sonarr.py:173]             [INFO]     | Skipped: In Cache | (402125, 'F:\\Anime\\Dance Dance Danseur (2022) [tvdb-402125]')                |
[2023-01-31 10:57:32,091] [sonarr.py:173]             [INFO]     | Skipped: In Cache | (402117, "F:\\Anime\\Shikimori's Not Just a Cutie (2022) [tvdb-402117]")       |
[2023-01-31 10:57:32,091] [sonarr.py:173]             [INFO]     | Skipped: In Cache | (407306, 'F:\\Anime\\Summer Time Rendering (2022) [tvdb-407306]')              |
[2023-01-31 10:57:32,091] [sonarr.py:173]             [INFO]     | Skipped: In Cache | (405214, 'F:\\Anime\\Uncle From Another World (2022) [tvdb-405214]')           |
[2023-01-31 10:57:32,092] [sonarr.py:173]             [INFO]     | Skipped: In Cache | (418265, 'F:\\Anime\\Engage Kiss (2022) [tvdb-418265]')                        |
[2023-01-31 10:57:32,092] [sonarr.py:173]             [INFO]     | Skipped: In Cache | (402637, 'F:\\Anime\\My Isekai Life (2022) [tvdb-402637]')                     |
[2023-01-31 10:57:32,092] [sonarr.py:173]             [INFO]     | Skipped: In Cache | (417658, 'F:\\Anime\\Vermeil in Gold (2022) [tvdb-417658]')                    |
[2023-01-31 10:57:32,093] [sonarr.py:173]             [INFO]     | Skipped: In Cache | (415240, "F:\\Anime\\My Stepmom's Daughter Is My Ex (2022) [tvdb-415240]")     |
[2023-01-31 10:57:32,093] [sonarr.py:173]             [INFO]     | Skipped: In Cache | (402337, 'F:\\Anime\\When Will Ayumu Make His Move! (2022) [tvdb-402337]')     |
[2023-01-31 10:57:32,093] [sonarr.py:173]             [INFO]     | Skipped: In Cache | (412374, 'F:\\Anime\\Call of the Night (2022) [tvdb-412374]')                  |
[2023-01-31 10:57:32,094] [sonarr.py:173]             [INFO]     | Skipped: In Cache | (384541, 'F:\\Anime\\Cyberpunk - Edgerunners (2022) [tvdb-384541]')            |
[2023-01-31 10:57:32,094] [sonarr.py:173]             [INFO]     | Skipped: In Cache | (410378, 'F:\\Anime\\Reincarnated as a Sword (2022) [tvdb-410378]')            |
[2023-01-31 10:57:32,095] [sonarr.py:173]             [INFO]     | Skipped: In Cache | (405920, 'F:\\Anime\\SPY x FAMILY (2022) [tvdb-405920]')                       |
[2023-01-31 10:57:32,095] [sonarr.py:173]             [INFO]     | Skipped: In Cache | (418364, 'F:\\Anime\\Mobile Suit Gundam - The Witch From Mercury (2022) [tvdb-418364]') |
[2023-01-31 10:57:32,095] [sonarr.py:173]             [INFO]     | Skipped: In Cache | (407520, 'F:\\Anime\\Eminence in Shadow, The (2022) [tvdb-407520]')            |
[2023-01-31 10:57:32,096] [sonarr.py:173]             [INFO]     | Skipped: In Cache | (401950, 'F:\\Anime\\Do It Yourself!! (2022) [tvdb-401950]')                   |
[2023-01-31 10:57:32,096] [sonarr.py:173]             [INFO]     | Skipped: In Cache | (421676, 'F:\\Anime\\Akiba Maid War (2022) [tvdb-421676]')                     |
[2023-01-31 10:57:32,097] [sonarr.py:173]             [INFO]     | Skipped: In Cache | (408629, 'F:\\Anime\\BLUELOCK (2022) [tvdb-408629]')                           |
[2023-01-31 10:57:32,097] [sonarr.py:173]             [INFO]     | Skipped: In Cache | (413522, 'F:\\Anime\\Bocchi the Rock! (2022) [tvdb-413522]')                   |
[2023-01-31 10:57:32,097] [sonarr.py:173]             [INFO]     | Skipped: In Cache | (397934, 'F:\\Anime\\Chainsaw Man (2022) [tvdb-397934]')                       |
[2023-01-31 10:57:32,098] [sonarr.py:173]             [INFO]     | Skipped: In Cache | (415821, 'F:\\Anime\\Spy Classroom (2023) [tvdb-415821]')                      |
[2023-01-31 10:57:32,098] [sonarr.py:174]             [INFO]     | 115 Series already exist in Sonarr                                                                 |
[2023-01-31 10:57:32,100] [plex_meta_manager.py:880]  [INFO]     |                                                                                                    |
[2023-01-31 10:57:32,100] [util.py:209]               [INFO]     |====================================================================================================|
[2023-01-31 10:57:32,102] [util.py:216]               [INFO]     |                             Finished Jack's Whole MAL List Collection                              |
[2023-01-31 10:57:32,102] [util.py:216]               [INFO]     |                                    Collection Run Time: 0:00:27                                    |
[2023-01-31 10:57:32,103] [util.py:220]               [INFO]     |====================================================================================================|
[2023-01-31 10:57:32,105] [util.py:209]               [INFO]     |====================================================================================================|
[2023-01-31 10:57:32,106] [util.py:216]               [INFO]     |                                Top Airing Anime Collection in Anime                                |
[2023-01-31 10:57:32,106] [util.py:220]               [INFO]     |====================================================================================================|
[2023-01-31 10:57:32,107] [plex_meta_manager.py:750]  [INFO]     |                                                                                                    |
[2023-01-31 10:57:32,107] [util.py:216]               [INFO]     |============================== Validating Top Airing Anime Attributes ==============================|
[2023-01-31 10:57:32,107] [builder.py:330]            [DEBUG]    |                                                                                                    |
[2023-01-31 10:57:32,108] [builder.py:331]            [DEBUG]    | Validating Method: sync_mode                                                                       |
[2023-01-31 10:57:32,108] [builder.py:335]            [DEBUG]    | Value: sync                                                                                        |
[2023-01-31 10:57:32,108] [builder.py:453]            [DEBUG]    |                                                                                                    |
[2023-01-31 10:57:32,109] [builder.py:454]            [DEBUG]    | Validating Method: collection_order                                                                |
[2023-01-31 10:57:32,109] [builder.py:455]            [DEBUG]    | Value: custom                                                                                      |
[2023-01-31 10:57:32,109] [builder.py:472]            [DEBUG]    |                                                                                                    |
[2023-01-31 10:57:32,110] [builder.py:473]            [DEBUG]    | Validating Method: anilist_search                                                                  |
[2023-01-31 10:57:32,110] [builder.py:474]            [DEBUG]    | Value: ordereddict([('year', None), ('format', 'tv'), ('status', 'airing'), ('limit', 15)])        |
[2023-01-31 10:57:32,110] [builder.py:689]            [WARNING]  | Collection Warning: anilist_search year attribute is blank using 2023 as default                   |
[2023-01-31 10:57:33,869] [builder.py:689]            [WARNING]  | Collection Warning: anilist_search sort_by attribute not found using score as default              |
[2023-01-31 10:57:33,869] [builder.py:472]            [DEBUG]    |                                                                                                    |
[2023-01-31 10:57:33,870] [builder.py:473]            [DEBUG]    | Validating Method: visible_home                                                                    |
[2023-01-31 10:57:33,870] [builder.py:474]            [DEBUG]    | Value: True                                                                                        |
[2023-01-31 10:57:33,870] [builder.py:472]            [DEBUG]    |                                                                                                    |
[2023-01-31 10:57:33,871] [builder.py:473]            [DEBUG]    | Validating Method: visible_library                                                                 |
[2023-01-31 10:57:33,871] [builder.py:474]            [DEBUG]    | Value: True                                                                                        |
[2023-01-31 10:57:33,871] [builder.py:472]            [DEBUG]    |                                                                                                    |
[2023-01-31 10:57:33,872] [builder.py:473]            [DEBUG]    | Validating Method: sort_title                                                                      |
[2023-01-31 10:57:33,872] [builder.py:474]            [DEBUG]    | Value: +++++++++_Top_Airing                                                                        |
[2023-01-31 10:57:33,872] [builder.py:472]            [DEBUG]    |                                                                                                    |
[2023-01-31 10:57:33,872] [builder.py:473]            [DEBUG]    | Validating Method: sonarr_add_existing                                                             |
[2023-01-31 10:57:33,873] [builder.py:474]            [DEBUG]    | Value: True                                                                                        |
[2023-01-31 10:57:33,873] [builder.py:472]            [DEBUG]    |                                                                                                    |
[2023-01-31 10:57:33,873] [builder.py:473]            [DEBUG]    | Validating Method: sonarr_add_missing                                                              |
[2023-01-31 10:57:33,873] [builder.py:474]            [DEBUG]    | Value: True                                                                                        |
[2023-01-31 10:57:33,894] [builder.py:619]            [INFO]     |                                                                                                    |
[2023-01-31 10:57:33,895] [builder.py:620]            [INFO]     | Validation Successful                                                                              |
[2023-01-31 10:57:33,901] [plex_meta_manager.py:758]  [INFO]     |                                                                                                    |
[2023-01-31 10:57:33,901] [util.py:216]               [INFO]     |=============================== Running Top Airing Anime Collection ================================|
[2023-01-31 10:57:33,901] [plex_meta_manager.py:773]  [INFO]     |                                                                                                    |
[2023-01-31 10:57:33,902] [plex_meta_manager.py:774]  [INFO]     | Sync Mode: sync                                                                                    |
[2023-01-31 10:57:33,902] [builder.py:1275]           [DEBUG]    |                                                                                                    |
[2023-01-31 10:57:33,903] [builder.py:1276]           [DEBUG]    | Builder: anilist_search: {'year': 2023, 'format': ['tv'], 'status': ['airing'], 'sort_by': 'score', 'limit': 15} |
[2023-01-31 10:57:33,903] [builder.py:1277]           [INFO]     |                                                                                                    |
[2023-01-31 10:57:33,904] [util.py:162]               [DEBUG]    | Processing AniList Search:                                                                         |
                                                                 | 	Sort By Average Score
                                                                 | 	Limit to 15 Anime
                                                                 | 	Year is 2023
                                                                 | 	Format is ['tv']
                                                                 | 	Status is ['airing']
[2023-01-31 10:57:33,905] [anilist.py:149]            [DEBUG]    | query ($page: Int) {Page(page: $page){pageInfo {hasNextPage}media(sort: SCORE_DESC, type: ANIME, seasonYear: 2023, format_in: [TV], status_in: [RELEASING]){id}}}
[2023-01-31 10:57:34,707] [anilist.py:269]            [DEBUG]    | 
[2023-01-31 10:57:34,707] [anilist.py:270]            [DEBUG]    | 15 AniList IDs Found: [136430, 141249, 155211, 142853, 153629, 143338, 155907, 148969, 116867, 156067, 130588, 158870, 153841, 151806, 140596]
[2023-01-31 10:57:34,708] [convert.py:78]             [ERROR]    | Convert Error: No TVDb ID or IMDb ID found for AniDB ID: 17780
[2023-01-31 10:57:34,708] [builder.py:1282]           [DEBUG]    | 
[2023-01-31 10:57:34,708] [builder.py:1283]           [DEBUG]    | 14 IDs Found: [(359274, 'tvdb'), (305075, 'tvdb'), (289882, 'tvdb'), (393478, 'tvdb'), (423362, 'tvdb'), (414221, 'tvdb'), (127627, 'ratingKey'), (420084, 'tvdb'), (373679, 'tvdb'), (127786, 'ratingKey'), (375927, 'tvdb'), (352796, 'tvdb'), (126833, 'ratingKey'), (385278, 'tvdb')]
[2023-01-31 10:57:34,709] [builder.py:1284]           [DEBUG]    | 
[2023-01-31 10:57:34,801] [builder.py:1697]           [INFO]     | 
[2023-01-31 10:57:34,801] [util.py:216]               [INFO]     |============================== Adding to Top Airing Anime Collection ===============================|
[2023-01-31 10:57:34,802] [builder.py:1699]           [INFO]     |                                                                                                    |
[2023-01-31 10:57:34,802] [builder.py:1709]           [INFO]     |  1/13 | Top Airing Anime Collection | = | Vinland Saga                                             |
[2023-01-31 10:57:34,803] [builder.py:1709]           [INFO]     |  2/13 | Top Airing Anime Collection | = | Bungou Stray Dogs                                        |
[2023-01-31 10:57:34,803] [builder.py:1709]           [INFO]     |  3/13 | Top Airing Anime Collection | = | Dungeon ni Deai o Motomeru no wa Machigatte Iru Darouka: Familia Myth |
[2023-01-31 10:57:34,804] [builder.py:1709]           [INFO]     |  4/13 | Top Airing Anime Collection | = | Tokyo Revengers                                          |
[2023-01-31 10:57:34,804] [builder.py:1709]           [INFO]     |  5/13 | Top Airing Anime Collection | = | Otonari no Tenshi-sama ni Itsunomanika Dame Ningen ni Sareteita Ken |
[2023-01-31 10:57:34,804] [builder.py:1709]           [INFO]     |  6/13 | Top Airing Anime Collection | = | Buddy Daddies                                            |
[2023-01-31 10:57:34,805] [builder.py:1709]           [INFO]     |  7/13 | Top Airing Anime Collection | = | Kubo-san wa Mob o Yurusanai                              |
[2023-01-31 10:57:34,805] [builder.py:1709]           [INFO]     |  8/13 | Top Airing Anime Collection | = | Itai no wa Iya nano de Bougyoryoku ni Kyokufuri Shitai to Omoimasu. |
[2023-01-31 10:57:34,806] [builder.py:1709]           [INFO]     |  9/13 | Top Airing Anime Collection | = | Tondemo Skill de Isekai Hourou Meshi                     |
[2023-01-31 10:57:34,806] [builder.py:1709]           [INFO]     | 10/13 | Top Airing Anime Collection | = | Maou Gakuin no Futekigousha: Shijou Saikyou no Maou no Shiso, Tensei Shite Shison-tachi no Gakkou e Kayou |
[2023-01-31 10:57:34,807] [builder.py:1709]           [INFO]     | 11/13 | Top Airing Anime Collection | = | Tsurune: Kazemai Koukou Kyuudou Bu                       |
[2023-01-31 10:57:34,807] [builder.py:1709]           [INFO]     | 12/13 | Top Airing Anime Collection | = | Tomo-chan wa Onnanoko!                                   |
[2023-01-31 10:57:34,808] [builder.py:1709]           [INFO]     | 13/13 | Top Airing Anime Collection | = | Ijiranaide, Nagatoro-san                                 |
[2023-01-31 10:57:34,808] [builder.py:1734]           [INFO]     |                                                                                                    |
[2023-01-31 10:57:34,809] [builder.py:1735]           [INFO]     | 13 Shows Processed                                                                                 |
[2023-01-31 10:57:34,809] [builder.py:1969]           [INFO]     |                                                                                                    |
[2023-01-31 10:57:34,809] [util.py:216]               [INFO]     |=========================== Missing Shows from Library: Top Airing Anime ===========================|
[2023-01-31 10:57:34,810] [builder.py:1971]           [INFO]     |                                                                                                    |
[2023-01-31 10:57:34,824] [builder.py:1982]           [INFO]     | Top Airing Anime Collection | ? | The Magical Revolution of the Reincarnated Princess and the Genius Young Lady (TVDB: 423362) |
[2023-01-31 10:57:34,825] [builder.py:1986]           [INFO]     |                                                                                                    |
[2023-01-31 10:57:34,825] [builder.py:1987]           [INFO]     | 1 Show Missing                                                                                     |
[2023-01-31 10:57:34,835] [sonarr.py:69]              [INFO]     |                                                                                                    |
[2023-01-31 10:57:34,835] [util.py:216]               [INFO]     |===================================== Adding Missing to Sonarr =====================================|
[2023-01-31 10:57:34,836] [sonarr.py:71]              [DEBUG]    |                                                                                                    |
[2023-01-31 10:57:34,836] [sonarr.py:72]              [DEBUG]    | Sonarr Adds: [423362]                                                                              |
[2023-01-31 10:57:35,123] [sonarr.py:165]             [INFO]     |                                                                                                    |
[2023-01-31 10:57:35,124] [sonarr.py:173]             [INFO]     | Skipped: In Cache | 423362                                                                         |
[2023-01-31 10:57:35,124] [sonarr.py:174]             [INFO]     | 1 Series already exist in Sonarr                                                                   |
[2023-01-31 10:57:35,130] [builder.py:2147]           [INFO]     |                                                                                                    |
[2023-01-31 10:57:35,130] [util.py:216]               [INFO]     |========================= Updating Details of Top Airing Anime Collection ==========================|
[2023-01-31 10:57:35,131] [builder.py:2149]           [INFO]     |                                                                                                    |
[2023-01-31 10:57:35,133] [builder.py:2294]           [INFO]     | No poster collection detail or asset folder found                                                  |
[2023-01-31 10:57:35,134] [builder.py:2327]           [INFO]     | No background collection detail or asset folder found                                              |
[2023-01-31 10:57:35,149] [builder.py:2023]           [INFO]     |                                                                                                    |
[2023-01-31 10:57:35,150] [util.py:216]               [INFO]     |=================== Updating Details of the Items in Top Airing Anime Collection ===================|
[2023-01-31 10:57:35,150] [builder.py:2025]           [INFO]     |                                                                                                    |
[2023-01-31 10:57:37,666] [sonarr.py:69]              [INFO]     |                                                                                                    |
[2023-01-31 10:57:37,667] [util.py:216]               [INFO]     |==================================== Adding Existing to Sonarr =====================================|
[2023-01-31 10:57:37,668] [sonarr.py:71]              [DEBUG]    |                                                                                                    |
[2023-01-31 10:57:37,668] [sonarr.py:72]              [DEBUG]    | Sonarr Adds:                                                                                       |
[2023-01-31 10:57:37,669] [sonarr.py:74]              [DEBUG]    | (359274, 'F:\\Anime\\Vinland Saga (2019) [tvdb-359274]')                                           |
[2023-01-31 10:57:37,669] [sonarr.py:74]              [DEBUG]    | (305075, 'F:\\Anime\\Bungo Stray Dogs (2016) [tvdb-305075]')                                       |
[2023-01-31 10:57:37,669] [sonarr.py:74]              [DEBUG]    | (289882, 'F:\\Anime\\Is It Wrong to Try to Pick Up Girls in a Dungeon! (2015) [tvdb-289882]')      |
[2023-01-31 10:57:37,670] [sonarr.py:74]              [DEBUG]    | (393478, 'F:\\Anime\\Tokyo Revengers (2021) [tvdb-393478]')                                        |
[2023-01-31 10:57:37,670] [sonarr.py:74]              [DEBUG]    | (414221, 'F:\\Anime\\Angel Next Door Spoils Me Rotten, The (2023) [tvdb-414221]')                  |
[2023-01-31 10:57:37,670] [sonarr.py:74]              [DEBUG]    | (426294, 'F:\\Anime\\Buddy Daddies (2023) [tvdb-426294]')                                          |
[2023-01-31 10:57:37,671] [sonarr.py:74]              [DEBUG]    | (420084, "F:\\Anime\\Kubo Won't Let Me Be Invisible (2023) [tvdb-420084]")                         |
[2023-01-31 10:57:37,671] [sonarr.py:74]              [DEBUG]    | (373679, 'F:\\Anime\\BOFURI - I Don’t Want to Get Hurt, so I’ll Max Out My Defense. (2020) [tvdb-373679]') |
[2023-01-31 10:57:37,671] [sonarr.py:74]              [DEBUG]    | (426572, 'F:\\Anime\\Campfire Cooking in Another World With My Absurd Skills (2023) [tvdb-426572]') |
[2023-01-31 10:57:37,672] [sonarr.py:74]              [DEBUG]    | (375927, 'F:\\Anime\\Misfit of Demon King Academy, The (2020) [tvdb-375927]')                      |
[2023-01-31 10:57:37,672] [sonarr.py:74]              [DEBUG]    | (352796, 'F:\\Anime\\Tsurune (2018) [tvdb-352796]')                                                |
[2023-01-31 10:57:37,672] [sonarr.py:74]              [DEBUG]    | (421994, 'F:\\Anime\\Tomo-chan Is a Girl! (2023) [tvdb-421994]')                                   |
[2023-01-31 10:57:37,672] [sonarr.py:74]              [DEBUG]    | (385278, "F:\\Anime\\Don't Toy With Me, Miss Nagatoro (2021) [tvdb-385278]")                       |
[2023-01-31 10:57:37,978] [sonarr.py:165]             [INFO]     |                                                                                                    |
[2023-01-31 10:57:37,979] [sonarr.py:173]             [INFO]     | Skipped: In Cache | (359274, 'F:\\Anime\\Vinland Saga (2019) [tvdb-359274]')                       |
[2023-01-31 10:57:37,979] [sonarr.py:173]             [INFO]     | Skipped: In Cache | (305075, 'F:\\Anime\\Bungo Stray Dogs (2016) [tvdb-305075]')                   |
[2023-01-31 10:57:37,980] [sonarr.py:173]             [INFO]     | Skipped: In Cache | (289882, 'F:\\Anime\\Is It Wrong to Try to Pick Up Girls in a Dungeon! (2015) [tvdb-289882]') |
[2023-01-31 10:57:37,980] [sonarr.py:173]             [INFO]     | Skipped: In Cache | (393478, 'F:\\Anime\\Tokyo Revengers (2021) [tvdb-393478]')                    |
[2023-01-31 10:57:37,981] [sonarr.py:173]             [INFO]     | Skipped: In Cache | (414221, 'F:\\Anime\\Angel Next Door Spoils Me Rotten, The (2023) [tvdb-414221]') |
[2023-01-31 10:57:37,981] [sonarr.py:173]             [INFO]     | Skipped: In Cache | (426294, 'F:\\Anime\\Buddy Daddies (2023) [tvdb-426294]')                      |
[2023-01-31 10:57:37,981] [sonarr.py:173]             [INFO]     | Skipped: In Cache | (420084, "F:\\Anime\\Kubo Won't Let Me Be Invisible (2023) [tvdb-420084]")     |
[2023-01-31 10:57:37,982] [sonarr.py:173]             [INFO]     | Skipped: In Cache | (373679, 'F:\\Anime\\BOFURI - I Don’t Want to Get Hurt, so I’ll Max Out My Defense. (2020) [tvdb-373679]') |
[2023-01-31 10:57:37,982] [sonarr.py:173]             [INFO]     | Skipped: In Cache | (426572, 'F:\\Anime\\Campfire Cooking in Another World With My Absurd Skills (2023) [tvdb-426572]') |
[2023-01-31 10:57:37,982] [sonarr.py:173]             [INFO]     | Skipped: In Cache | (375927, 'F:\\Anime\\Misfit of Demon King Academy, The (2020) [tvdb-375927]')  |
[2023-01-31 10:57:37,983] [sonarr.py:173]             [INFO]     | Skipped: In Cache | (352796, 'F:\\Anime\\Tsurune (2018) [tvdb-352796]')                            |
[2023-01-31 10:57:37,983] [sonarr.py:173]             [INFO]     | Skipped: In Cache | (421994, 'F:\\Anime\\Tomo-chan Is a Girl! (2023) [tvdb-421994]')               |
[2023-01-31 10:57:37,984] [sonarr.py:173]             [INFO]     | Skipped: In Cache | (385278, "F:\\Anime\\Don't Toy With Me, Miss Nagatoro (2021) [tvdb-385278]")   |
[2023-01-31 10:57:37,984] [sonarr.py:174]             [INFO]     | 13 Series already exist in Sonarr                                                                  |
[2023-01-31 10:57:37,986] [plex_meta_manager.py:880]  [INFO]     |                                                                                                    |
[2023-01-31 10:57:37,986] [util.py:209]               [INFO]     |====================================================================================================|
[2023-01-31 10:57:37,987] [util.py:216]               [INFO]     |                                Finished Top Airing Anime Collection                                |
[2023-01-31 10:57:37,987] [util.py:216]               [INFO]     |                                    Collection Run Time: 0:00:05                                    |
[2023-01-31 10:57:37,987] [util.py:220]               [INFO]     |====================================================================================================|
[2023-01-31 10:57:37,990] [util.py:209]               [INFO]     |====================================================================================================|
[2023-01-31 10:57:37,990] [util.py:216]               [INFO]     |                               Most Popular Anime Collection in Anime                               |
[2023-01-31 10:57:37,991] [util.py:220]               [INFO]     |====================================================================================================|
[2023-01-31 10:57:37,991] [plex_meta_manager.py:750]  [INFO]     |                                                                                                    |
[2023-01-31 10:57:37,999] [util.py:216]               [INFO]     |============================= Validating Most Popular Anime Attributes =============================|
[2023-01-31 10:57:38,000] [builder.py:330]            [DEBUG]    |                                                                                                    |
[2023-01-31 10:57:38,000] [builder.py:331]            [DEBUG]    | Validating Method: sync_mode                                                                       |
[2023-01-31 10:57:38,001] [builder.py:335]            [DEBUG]    | Value: sync                                                                                        |
[2023-01-31 10:57:38,001] [builder.py:453]            [DEBUG]    |                                                                                                    |
[2023-01-31 10:57:38,001] [builder.py:454]            [DEBUG]    | Validating Method: collection_order                                                                |
[2023-01-31 10:57:38,002] [builder.py:455]            [DEBUG]    | Value: custom                                                                                      |
[2023-01-31 10:57:38,002] [builder.py:472]            [DEBUG]    |                                                                                                    |
[2023-01-31 10:57:38,002] [builder.py:473]            [DEBUG]    | Validating Method: mal_popular                                                                     |
[2023-01-31 10:57:38,003] [builder.py:474]            [DEBUG]    | Value: 50                                                                                          |
[2023-01-31 10:57:38,003] [builder.py:472]            [DEBUG]    |                                                                                                    |
[2023-01-31 10:57:38,003] [builder.py:473]            [DEBUG]    | Validating Method: visible_home                                                                    |
[2023-01-31 10:57:38,004] [builder.py:474]            [DEBUG]    | Value: True                                                                                        |
[2023-01-31 10:57:38,004] [builder.py:472]            [DEBUG]    |                                                                                                    |
[2023-01-31 10:57:38,004] [builder.py:473]            [DEBUG]    | Validating Method: visible_library                                                                 |
[2023-01-31 10:57:38,005] [builder.py:474]            [DEBUG]    | Value: True                                                                                        |
[2023-01-31 10:57:38,005] [builder.py:472]            [DEBUG]    |                                                                                                    |
[2023-01-31 10:57:38,005] [builder.py:473]            [DEBUG]    | Validating Method: sort_title                                                                      |
[2023-01-31 10:57:38,006] [builder.py:474]            [DEBUG]    | Value: ++++++++_Most_Popular                                                                       |
[2023-01-31 10:57:38,006] [builder.py:472]            [DEBUG]    |                                                                                                    |
[2023-01-31 10:57:38,006] [builder.py:473]            [DEBUG]    | Validating Method: sonarr_add_existing                                                             |
[2023-01-31 10:57:38,007] [builder.py:474]            [DEBUG]    | Value: True                                                                                        |
[2023-01-31 10:57:38,007] [builder.py:472]            [DEBUG]    |                                                                                                    |
[2023-01-31 10:57:38,009] [builder.py:473]            [DEBUG]    | Validating Method: sonarr_add_missing                                                              |
[2023-01-31 10:57:38,010] [builder.py:474]            [DEBUG]    | Value: True                                                                                        |
[2023-01-31 10:57:38,044] [builder.py:619]            [INFO]     |                                                                                                    |
[2023-01-31 10:57:38,045] [builder.py:620]            [INFO]     | Validation Successful                                                                              |
[2023-01-31 10:57:38,046] [plex_meta_manager.py:758]  [INFO]     |                                                                                                    |
[2023-01-31 10:57:38,046] [util.py:216]               [INFO]     |============================== Running Most Popular Anime Collection ===============================|
[2023-01-31 10:57:38,047] [plex_meta_manager.py:773]  [INFO]     |                                                                                                    |
[2023-01-31 10:57:38,047] [plex_meta_manager.py:774]  [INFO]     | Sync Mode: sync                                                                                    |
[2023-01-31 10:57:38,047] [builder.py:1275]           [DEBUG]    |                                                                                                    |
[2023-01-31 10:57:38,048] [builder.py:1276]           [DEBUG]    | Builder: mal_popular: 50                                                                           |
[2023-01-31 10:57:38,048] [builder.py:1277]           [INFO]     |                                                                                                    |
[2023-01-31 10:57:38,048] [mal.py:222]                [INFO]     | Processing MyAnimeList Popular: 50 Anime                                                           |
[2023-01-31 10:57:38,183] [mal.py:241]                [DEBUG]    |                                                                                                    |
[2023-01-31 10:57:38,184] [mal.py:242]                [DEBUG]    | 50 MyAnimeList IDs Found: [16498, 1535, 5114, 30276, 11757, 31964, 38000, 20, 22319, 11061, 32281, 25777, 9253, 33486, 1735, 19815, 40748, 35760, 28851, 1575, 21, 4224, 23273, 31240, 20507, 36456, 38524, 6547, 22199, 31043, 23755, 10620, 32182, 21881, 24833, 9919, 20583, 37779, 30831, 269, 40028, 22535, 1, 199, 27899, 30, 2904, 6702, 28223, 18679] |
[2023-01-31 10:57:38,185] [builder.py:1282]           [DEBUG]    |                                                                                                    |
[2023-01-31 10:57:38,186] [builder.py:1283]           [DEBUG]    | 50 IDs Found: [(267440, 'tvdb'), (102918, 'ratingKey'), (103082, 'ratingKey'), (293088, 'tvdb'), (259640, 'tvdb'), (105253, 'ratingKey'), (348545, 'tvdb'), (122493, 'ratingKey'), (281249, 'tvdb'), (105612, 'ratingKey'), (372058, 'tmdb'), (267440, 'tvdb'), (104627, 'ratingKey'), (305074, 'tvdb'), (79824, 'tvdb'), (102693, 'ratingKey'), (103162, 'ratingKey'), (267440, 'tvdb'), (378064, 'tmdb'), (79525, 'tvdb'), (81797, 'tvdb'), (105010, 'ratingKey'), (105047, 'ratingKey'), (305089, 'tvdb'), (275610, 'tvdb'), (305074, 'tvdb'), (267440, 'tvdb'), (102444, 'ratingKey'), (102707, 'ratingKey'), (105083, 'ratingKey'), (284131, 'tvdb'), (249827, 'tvdb'), (111197, 'ratingKey'), (259640, 'tvdb'), (283947, 'tvdb'), (248035, 'tvdb'), (278157, 'tvdb'), (348002, 'tvdb'), (303867, 'tvdb'), (74796, 'tvdb'), (267440, 'tvdb'), (118772, 'ratingKey'), (102957, 'ratingKey'), (129, 'tmdb'), (281249, 'tvdb'), (104645, 'ratingKey'), (79525, 'tvdb'), (114801, 'tvdb'), (289177, 'tvdb'), (104758, 'ratingKey')] |
[2023-01-31 10:57:38,186] [builder.py:1284]           [DEBUG]    |                                                                                                    |
[2023-01-31 10:57:38,460] [builder.py:1697]           [INFO]     |                                                                                                    |
[2023-01-31 10:57:38,460] [util.py:216]               [INFO]     |============================= Adding to Most Popular Anime Collection ==============================|
[2023-01-31 10:57:38,461] [builder.py:1699]           [INFO]     |                                                                                                    |
[2023-01-31 10:57:38,462] [builder.py:1709]           [INFO]     |  1/27 | Most Popular Anime Collection | = | Shingeki no Kyojin                                     |
[2023-01-31 10:57:38,462] [builder.py:1709]           [INFO]     |  2/27 | Most Popular Anime Collection | = | Death Note                                             |
[2023-01-31 10:57:38,462] [builder.py:1709]           [INFO]     |  3/27 | Most Popular Anime Collection | = | Hagane no Renkinjutsushi (2009)                        |
[2023-01-31 10:57:38,463] [builder.py:1709]           [INFO]     |  4/27 | Most Popular Anime Collection | = | One Punch Man                                          |
[2023-01-31 10:57:38,463] [builder.py:1709]           [INFO]     |  5/27 | Most Popular Anime Collection | = | Boku no Hero Academia                                  |
[2023-01-31 10:57:38,464] [builder.py:1709]           [INFO]     |  6/27 | Most Popular Anime Collection | = | Kimetsu no Yaiba                                       |
[2023-01-31 10:57:38,464] [builder.py:1709]           [INFO]     |  7/27 | Most Popular Anime Collection | = | Naruto                                                 |
[2023-01-31 10:57:38,465] [builder.py:1709]           [INFO]     |  8/27 | Most Popular Anime Collection | = | Tokyo Ghoul                                            |
[2023-01-31 10:57:38,465] [builder.py:1709]           [INFO]     |  9/27 | Most Popular Anime Collection | = | Hunter x Hunter (2011)                                 |
[2023-01-31 10:57:38,465] [builder.py:1709]           [INFO]     | 10/27 | Most Popular Anime Collection | = | Steins;Gate                                            |
[2023-01-31 10:57:38,466] [builder.py:1709]           [INFO]     | 11/27 | Most Popular Anime Collection | = | No Game No Life                                        |
[2023-01-31 10:57:38,466] [builder.py:1709]           [INFO]     | 12/27 | Most Popular Anime Collection | = | Jujutsu Kaisen                                         |
[2023-01-31 10:57:38,466] [builder.py:1709]           [INFO]     | 13/27 | Most Popular Anime Collection | = | Code Geass: Hangyaku no Lelouch                        |
[2023-01-31 10:57:38,467] [builder.py:1709]           [INFO]     | 14/27 | Most Popular Anime Collection | = | Toradora!                                              |
[2023-01-31 10:57:38,467] [builder.py:1709]           [INFO]     | 15/27 | Most Popular Anime Collection | = | Shigatsu wa Kimi no Uso                                |
[2023-01-31 10:57:38,467] [builder.py:1709]           [INFO]     | 16/27 | Most Popular Anime Collection | = | Re:Zero kara Hajimeru Isekai Seikatsu (2021)           |
[2023-01-31 10:57:38,468] [builder.py:1709]           [INFO]     | 17/27 | Most Popular Anime Collection | = | Angel Beats!                                           |
[2023-01-31 10:57:38,468] [builder.py:1709]           [INFO]     | 18/27 | Most Popular Anime Collection | = | Akame ga Kill!                                         |
[2023-01-31 10:57:38,469] [builder.py:1709]           [INFO]     | 19/27 | Most Popular Anime Collection | = | Boku dake ga Inai Machi                                |
[2023-01-31 10:57:38,469] [builder.py:1709]           [INFO]     | 20/27 | Most Popular Anime Collection | = | Mob Psycho 100                                         |
[2023-01-31 10:57:38,469] [builder.py:1709]           [INFO]     | 21/27 | Most Popular Anime Collection | = | Haikyuu!!                                              |
[2023-01-31 10:57:38,470] [builder.py:1709]           [INFO]     | 22/27 | Most Popular Anime Collection | = | Yakusoku no Neverland                                  |
[2023-01-31 10:57:38,470] [builder.py:1709]           [INFO]     | 23/27 | Most Popular Anime Collection | = | Kono Subarashii Sekai ni Shukufuku o!                  |
[2023-01-31 10:57:38,471] [builder.py:1709]           [INFO]     | 24/27 | Most Popular Anime Collection | = | Kiseijuu: Sei no Kakuritsu                             |
[2023-01-31 10:57:38,471] [builder.py:1709]           [INFO]     | 25/27 | Most Popular Anime Collection | = | Cowboy Bebop                                           |
[2023-01-31 10:57:38,472] [builder.py:1709]           [INFO]     | 26/27 | Most Popular Anime Collection | = | Shinseiki Evangelion                                   |
[2023-01-31 10:57:38,472] [builder.py:1709]           [INFO]     | 27/27 | Most Popular Anime Collection | = | Kill la Kill                                           |
[2023-01-31 10:57:38,473] [builder.py:1734]           [INFO]     |                                                                                                    |
[2023-01-31 10:57:38,473] [builder.py:1735]           [INFO]     | 27 Shows Processed                                                                                 |
[2023-01-31 10:57:38,473] [builder.py:1929]           [INFO]     |                                                                                                    |
[2023-01-31 10:57:38,474] [util.py:216]               [INFO]     |========================= Missing Movies from Library: Most Popular Anime ==========================|
[2023-01-31 10:57:38,474] [builder.py:1931]           [INFO]     |                                                                                                    |
[2023-01-31 10:57:38,477] [builder.py:1943]           [INFO]     | Most Popular Anime Collection | ? | Your Name. (2016) (TMDb: 372058)                               |
[2023-01-31 10:57:38,479] [builder.py:1943]           [INFO]     | Most Popular Anime Collection | ? | A Silent Voice: The Movie (2016) (TMDb: 378064)                |
[2023-01-31 10:57:38,481] [builder.py:1943]           [INFO]     | Most Popular Anime Collection | ? | Spirited Away (2002) (TMDb: 129)                               |
[2023-01-31 10:57:38,482] [builder.py:1947]           [INFO]     |                                                                                                    |
[2023-01-31 10:57:38,482] [builder.py:1948]           [INFO]     | 3 Movies Missing                                                                                   |
[2023-01-31 10:57:38,493] [builder.py:1969]           [INFO]     |                                                                                                    |
[2023-01-31 10:57:38,493] [util.py:216]               [INFO]     |========================== Missing Shows from Library: Most Popular Anime ==========================|
[2023-01-31 10:57:38,494] [builder.py:1971]           [INFO]     |                                                                                                    |
[2023-01-31 10:57:38,516] [builder.py:1982]           [INFO]     | Most Popular Anime Collection | ? | Sword Art Online (TVDB: 259640)                                |
[2023-01-31 10:57:38,539] [builder.py:1982]           [INFO]     | Most Popular Anime Collection | ? | Naruto Shippuden (TVDB: 79824)                                 |
[2023-01-31 10:57:38,568] [builder.py:1982]           [INFO]     | Most Popular Anime Collection | ? | One Piece (TVDB: 81797)                                        |
[2023-01-31 10:57:38,584] [builder.py:1982]           [INFO]     | Most Popular Anime Collection | ? | Noragami (TVDB: 275610)                                        |
[2023-01-31 10:57:38,603] [builder.py:1982]           [INFO]     | Most Popular Anime Collection | ? | The Seven Deadly Sins (TVDB: 284131)                           |
[2023-01-31 10:57:38,619] [builder.py:1982]           [INFO]     | Most Popular Anime Collection | ? | The Future Diary (TVDB: 249827)                                |
[2023-01-31 10:57:38,636] [builder.py:1982]           [INFO]     | Most Popular Anime Collection | ? | Assassination Classroom (TVDB: 283947)                         |
[2023-01-31 10:57:38,652] [builder.py:1982]           [INFO]     | Most Popular Anime Collection | ? | Blue Exorcist (TVDB: 248035)                                   |
[2023-01-31 10:57:38,678] [builder.py:1982]           [INFO]     | Most Popular Anime Collection | ? | Bleach (TVDB: 74796)                                           |
[2023-01-31 10:57:38,702] [builder.py:1982]           [INFO]     | Most Popular Anime Collection | ? | Fairy Tail (TVDB: 114801)                                      |
[2023-01-31 10:57:38,718] [builder.py:1982]           [INFO]     | Most Popular Anime Collection | ? | Death Parade (TVDB: 289177)                                    |
[2023-01-31 10:57:38,718] [builder.py:1986]           [INFO]     |                                                                                                    |
[2023-01-31 10:57:38,719] [builder.py:1987]           [INFO]     | 11 Shows Missing                                                                                   |
[2023-01-31 10:57:38,731] [sonarr.py:69]              [INFO]     |                                                                                                    |
[2023-01-31 10:57:38,731] [util.py:216]               [INFO]     |===================================== Adding Missing to Sonarr =====================================|
[2023-01-31 10:57:38,732] [sonarr.py:71]              [DEBUG]    |                                                                                                    |
[2023-01-31 10:57:38,732] [sonarr.py:72]              [DEBUG]    | Sonarr Adds: [259640, 79824, 81797, 275610, 284131, 249827, 283947, 248035, 74796, 114801, 289177] |
[2023-01-31 10:57:39,021] [sonarr.py:165]             [INFO]     |                                                                                                    |
[2023-01-31 10:57:39,022] [sonarr.py:173]             [INFO]     | Skipped: In Cache | 259640                                                                         |
[2023-01-31 10:57:39,022] [sonarr.py:173]             [INFO]     | Skipped: In Cache | 79824                                                                          |
[2023-01-31 10:57:39,022] [sonarr.py:173]             [INFO]     | Skipped: In Cache | 81797                                                                          |
[2023-01-31 10:57:39,023] [sonarr.py:173]             [INFO]     | Skipped: In Cache | 275610                                                                         |
[2023-01-31 10:57:39,023] [sonarr.py:173]             [INFO]     | Skipped: In Cache | 284131                                                                         |
[2023-01-31 10:57:39,023] [sonarr.py:173]             [INFO]     | Skipped: In Cache | 249827                                                                         |
[2023-01-31 10:57:39,024] [sonarr.py:173]             [INFO]     | Skipped: In Cache | 283947                                                                         |
[2023-01-31 10:57:39,024] [sonarr.py:173]             [INFO]     | Skipped: In Cache | 248035                                                                         |
[2023-01-31 10:57:39,024] [sonarr.py:173]             [INFO]     | Skipped: In Cache | 74796                                                                          |
[2023-01-31 10:57:39,025] [sonarr.py:173]             [INFO]     | Skipped: In Cache | 114801                                                                         |
[2023-01-31 10:57:39,025] [sonarr.py:173]             [INFO]     | Skipped: In Cache | 289177                                                                         |
[2023-01-31 10:57:39,026] [sonarr.py:174]             [INFO]     | 11 Series already exist in Sonarr                                                                  |
[2023-01-31 10:57:39,032] [builder.py:2147]           [INFO]     |                                                                                                    |
[2023-01-31 10:57:39,033] [util.py:216]               [INFO]     |======================== Updating Details of Most Popular Anime Collection =========================|
[2023-01-31 10:57:39,033] [builder.py:2149]           [INFO]     |                                                                                                    |
[2023-01-31 10:57:39,036] [builder.py:2294]           [INFO]     | No poster collection detail or asset folder found                                                  |
[2023-01-31 10:57:39,036] [builder.py:2327]           [INFO]     | No background collection detail or asset folder found                                              |
[2023-01-31 10:57:39,066] [builder.py:2023]           [INFO]     |                                                                                                    |
[2023-01-31 10:57:39,067] [util.py:216]               [INFO]     |================== Updating Details of the Items in Most Popular Anime Collection ==================|
[2023-01-31 10:57:39,067] [builder.py:2025]           [INFO]     |                                                                                                    |
[2023-01-31 10:57:44,394] [sonarr.py:69]              [INFO]     |                                                                                                    |
[2023-01-31 10:57:44,394] [util.py:216]               [INFO]     |==================================== Adding Existing to Sonarr =====================================|
[2023-01-31 10:57:44,395] [sonarr.py:71]              [DEBUG]    |                                                                                                    |
[2023-01-31 10:57:44,395] [sonarr.py:72]              [DEBUG]    | Sonarr Adds:                                                                                       |
[2023-01-31 10:57:44,396] [sonarr.py:74]              [DEBUG]    | (267440, 'F:\\Anime\\Attack on Titan (2013) [tvdb-267440]')                                        |
[2023-01-31 10:57:44,396] [sonarr.py:74]              [DEBUG]    | (79481, 'F:\\Anime\\Death Note (2006) [tvdb-79481]')                                               |
[2023-01-31 10:57:44,396] [sonarr.py:74]              [DEBUG]    | (85249, 'F:\\Anime\\Fullmetal Alchemist - Brotherhood (2009) [tvdb-85249]')                        |
[2023-01-31 10:57:44,397] [sonarr.py:74]              [DEBUG]    | (293088, 'F:\\Anime\\One-Punch Man (2015) [tvdb-293088]')                                          |
[2023-01-31 10:57:44,397] [sonarr.py:74]              [DEBUG]    | (305074, 'F:\\Anime\\My Hero Academia (2016) [tvdb-305074]')                                       |
[2023-01-31 10:57:44,397] [sonarr.py:74]              [DEBUG]    | (348545, 'F:\\Anime\\Demon Slayer - Kimetsu no Yaiba (2019) [tvdb-348545]')                        |
[2023-01-31 10:57:44,397] [sonarr.py:74]              [DEBUG]    | (78857, 'F:\\Anime\\Naruto (2002) [tvdb-78857]')                                                   |
[2023-01-31 10:57:44,398] [sonarr.py:74]              [DEBUG]    | (281249, 'F:\\Anime\\Tokyo Ghoul (2014) [tvdb-281249]')                                            |
[2023-01-31 10:57:44,398] [sonarr.py:74]              [DEBUG]    | (252322, 'F:\\Anime\\Hunter x Hunter (2011) [tvdb-252322]')                                        |
[2023-01-31 10:57:44,398] [sonarr.py:74]              [DEBUG]    | (244061, 'F:\\Anime\\Steins;Gate (2011) [tvdb-244061]')                                            |
[2023-01-31 10:57:44,399] [sonarr.py:74]              [DEBUG]    | (278155, 'F:\\Anime\\No Game, No Life (2014) [tvdb-278155]')                                       |
[2023-01-31 10:57:44,399] [sonarr.py:74]              [DEBUG]    | (377543, 'F:\\Anime\\Jujutsu Kaisen (2020) [tvdb-377543]')                                         |
[2023-01-31 10:57:44,399] [sonarr.py:74]              [DEBUG]    | (79525, 'F:\\Anime\\Code Geass - Lelouch of the Rebellion (2006) [tvdb-79525]')                    |
[2023-01-31 10:57:44,399] [sonarr.py:74]              [DEBUG]    | (83277, 'F:\\Anime\\Toradora! (2008) [tvdb-83277]')                                                |
[2023-01-31 10:57:44,400] [sonarr.py:74]              [DEBUG]    | (279830, 'F:\\Anime\\Your Lie in April (2014) [tvdb-279830]')                                      |
[2023-01-31 10:57:44,400] [sonarr.py:74]              [DEBUG]    | (305089, 'F:\\Anime\\Re - ZERO, Starting Life in Another World (2016) [tvdb-305089]')              |
[2023-01-31 10:57:44,400] [sonarr.py:74]              [DEBUG]    | (150471, 'F:\\Anime\\Angel Beats! (2010) [tvdb-150471]')                                           |
[2023-01-31 10:57:44,401] [sonarr.py:74]              [DEBUG]    | (280329, 'F:\\Anime\\Akame ga Kill! (2014) [tvdb-280329]')                                         |
[2023-01-31 10:57:44,401] [sonarr.py:74]              [DEBUG]    | (303071, 'F:\\Anime\\Erased (2016) [tvdb-303071]')                                                 |
[2023-01-31 10:57:44,401] [sonarr.py:74]              [DEBUG]    | (307375, 'F:\\Anime\\Mob Psycho 100 (2016) [tvdb-307375]')                                         |
[2023-01-31 10:57:44,402] [sonarr.py:74]              [DEBUG]    | (278157, 'F:\\Anime\\Haikyu!! (2014) [tvdb-278157]')                                               |
[2023-01-31 10:57:44,402] [sonarr.py:74]              [DEBUG]    | (348002, 'F:\\Anime\\Promised Neverland, The (2019) [tvdb-348002]')                                |
[2023-01-31 10:57:44,402] [sonarr.py:74]              [DEBUG]    | (303867, "F:\\Anime\\KonoSuba – God's blessing on this wonderful world!! (2016) [tvdb-303867]")    |
[2023-01-31 10:57:44,403] [sonarr.py:74]              [DEBUG]    | (279831, 'F:\\Anime\\Parasyte -the maxim- (2014) [tvdb-279831]')                                   |
[2023-01-31 10:57:44,403] [sonarr.py:74]              [DEBUG]    | (76885, 'F:\\Anime\\Cowboy Bebop (1998) [tvdb-76885]')                                             |
[2023-01-31 10:57:44,403] [sonarr.py:74]              [DEBUG]    | (70350, 'F:\\Anime\\Neon Genesis Evangelion (1995) [tvdb-70350]')                                  |
[2023-01-31 10:57:44,404] [sonarr.py:74]              [DEBUG]    | (272074, 'F:\\Anime\\Kill la Kill (2013) [tvdb-272074]')                                           |
[2023-01-31 10:57:44,710] [sonarr.py:165]             [INFO]     |                                                                                                    |
[2023-01-31 10:57:44,710] [sonarr.py:173]             [INFO]     | Skipped: In Cache | (267440, 'F:\\Anime\\Attack on Titan (2013) [tvdb-267440]')                    |
[2023-01-31 10:57:44,711] [sonarr.py:173]             [INFO]     | Skipped: In Cache | (79481, 'F:\\Anime\\Death Note (2006) [tvdb-79481]')                           |
[2023-01-31 10:57:44,711] [sonarr.py:173]             [INFO]     | Skipped: In Cache | (85249, 'F:\\Anime\\Fullmetal Alchemist - Brotherhood (2009) [tvdb-85249]')    |
[2023-01-31 10:57:44,711] [sonarr.py:173]             [INFO]     | Skipped: In Cache | (293088, 'F:\\Anime\\One-Punch Man (2015) [tvdb-293088]')                      |
[2023-01-31 10:57:44,712] [sonarr.py:173]             [INFO]     | Skipped: In Cache | (305074, 'F:\\Anime\\My Hero Academia (2016) [tvdb-305074]')                   |
[2023-01-31 10:57:44,712] [sonarr.py:173]             [INFO]     | Skipped: In Cache | (348545, 'F:\\Anime\\Demon Slayer - Kimetsu no Yaiba (2019) [tvdb-348545]')    |
[2023-01-31 10:57:44,713] [sonarr.py:173]             [INFO]     | Skipped: In Cache | (78857, 'F:\\Anime\\Naruto (2002) [tvdb-78857]')                               |
[2023-01-31 10:57:44,714] [sonarr.py:173]             [INFO]     | Skipped: In Cache | (281249, 'F:\\Anime\\Tokyo Ghoul (2014) [tvdb-281249]')                        |
[2023-01-31 10:57:44,714] [sonarr.py:173]             [INFO]     | Skipped: In Cache | (252322, 'F:\\Anime\\Hunter x Hunter (2011) [tvdb-252322]')                    |
[2023-01-31 10:57:44,714] [sonarr.py:173]             [INFO]     | Skipped: In Cache | (244061, 'F:\\Anime\\Steins;Gate (2011) [tvdb-244061]')                        |
[2023-01-31 10:57:44,715] [sonarr.py:173]             [INFO]     | Skipped: In Cache | (278155, 'F:\\Anime\\No Game, No Life (2014) [tvdb-278155]')                   |
[2023-01-31 10:57:44,715] [sonarr.py:173]             [INFO]     | Skipped: In Cache | (377543, 'F:\\Anime\\Jujutsu Kaisen (2020) [tvdb-377543]')                     |
[2023-01-31 10:57:44,715] [sonarr.py:173]             [INFO]     | Skipped: In Cache | (79525, 'F:\\Anime\\Code Geass - Lelouch of the Rebellion (2006) [tvdb-79525]') |
[2023-01-31 10:57:44,716] [sonarr.py:173]             [INFO]     | Skipped: In Cache | (83277, 'F:\\Anime\\Toradora! (2008) [tvdb-83277]')                            |
[2023-01-31 10:57:44,716] [sonarr.py:173]             [INFO]     | Skipped: In Cache | (279830, 'F:\\Anime\\Your Lie in April (2014) [tvdb-279830]')                  |
[2023-01-31 10:57:44,716] [sonarr.py:173]             [INFO]     | Skipped: In Cache | (305089, 'F:\\Anime\\Re - ZERO, Starting Life in Another World (2016) [tvdb-305089]') |
[2023-01-31 10:57:44,717] [sonarr.py:173]             [INFO]     | Skipped: In Cache | (150471, 'F:\\Anime\\Angel Beats! (2010) [tvdb-150471]')                       |
[2023-01-31 10:57:44,717] [sonarr.py:173]             [INFO]     | Skipped: In Cache | (280329, 'F:\\Anime\\Akame ga Kill! (2014) [tvdb-280329]')                     |
[2023-01-31 10:57:44,717] [sonarr.py:173]             [INFO]     | Skipped: In Cache | (303071, 'F:\\Anime\\Erased (2016) [tvdb-303071]')                             |
[2023-01-31 10:57:44,718] [sonarr.py:173]             [INFO]     | Skipped: In Cache | (307375, 'F:\\Anime\\Mob Psycho 100 (2016) [tvdb-307375]')                     |
[2023-01-31 10:57:44,718] [sonarr.py:173]             [INFO]     | Skipped: In Cache | (278157, 'F:\\Anime\\Haikyu!! (2014) [tvdb-278157]')                           |
[2023-01-31 10:57:44,718] [sonarr.py:173]             [INFO]     | Skipped: In Cache | (348002, 'F:\\Anime\\Promised Neverland, The (2019) [tvdb-348002]')            |
[2023-01-31 10:57:44,719] [sonarr.py:173]             [INFO]     | Skipped: In Cache | (303867, "F:\\Anime\\KonoSuba – God's blessing on this wonderful world!! (2016) [tvdb-303867]") |
[2023-01-31 10:57:44,719] [sonarr.py:173]             [INFO]     | Skipped: In Cache | (279831, 'F:\\Anime\\Parasyte -the maxim- (2014) [tvdb-279831]')               |
[2023-01-31 10:57:44,719] [sonarr.py:173]             [INFO]     | Skipped: In Cache | (76885, 'F:\\Anime\\Cowboy Bebop (1998) [tvdb-76885]')                         |
[2023-01-31 10:57:44,720] [sonarr.py:173]             [INFO]     | Skipped: In Cache | (70350, 'F:\\Anime\\Neon Genesis Evangelion (1995) [tvdb-70350]')              |
[2023-01-31 10:57:44,720] [sonarr.py:173]             [INFO]     | Skipped: In Cache | (272074, 'F:\\Anime\\Kill la Kill (2013) [tvdb-272074]')                       |
[2023-01-31 10:57:44,720] [sonarr.py:174]             [INFO]     | 27 Series already exist in Sonarr                                                                  |
[2023-01-31 10:57:44,722] [plex_meta_manager.py:880]  [INFO]     |                                                                                                    |
[2023-01-31 10:57:44,723] [util.py:209]               [INFO]     |====================================================================================================|
[2023-01-31 10:57:44,723] [util.py:216]               [INFO]     |                               Finished Most Popular Anime Collection                               |
[2023-01-31 10:57:44,724] [util.py:216]               [INFO]     |                                    Collection Run Time: 0:00:06                                    |
[2023-01-31 10:57:44,724] [util.py:220]               [INFO]     |====================================================================================================|
[2023-01-31 10:57:44,727] [util.py:209]               [INFO]     |====================================================================================================|
[2023-01-31 10:57:44,728] [util.py:216]               [INFO]     |                              Most Favorited Anime Collection in Anime                              |
[2023-01-31 10:57:44,728] [util.py:220]               [INFO]     |====================================================================================================|
[2023-01-31 10:57:44,730] [plex_meta_manager.py:750]  [INFO]     |                                                                                                    |
[2023-01-31 10:57:44,731] [util.py:216]               [INFO]     |============================ Validating Most Favorited Anime Attributes ============================|
[2023-01-31 10:57:44,731] [builder.py:330]            [DEBUG]    |                                                                                                    |
[2023-01-31 10:57:44,731] [builder.py:331]            [DEBUG]    | Validating Method: sync_mode                                                                       |
[2023-01-31 10:57:44,732] [builder.py:335]            [DEBUG]    | Value: sync                                                                                        |
[2023-01-31 10:57:44,732] [builder.py:453]            [DEBUG]    |                                                                                                    |
[2023-01-31 10:57:44,732] [builder.py:454]            [DEBUG]    | Validating Method: collection_order                                                                |
[2023-01-31 10:57:44,733] [builder.py:455]            [DEBUG]    | Value: custom                                                                                      |
[2023-01-31 10:57:44,733] [builder.py:472]            [DEBUG]    |                                                                                                    |
[2023-01-31 10:57:44,733] [builder.py:473]            [DEBUG]    | Validating Method: mal_favorite                                                                    |
[2023-01-31 10:57:44,733] [builder.py:474]            [DEBUG]    | Value: 50                                                                                          |
[2023-01-31 10:57:44,734] [builder.py:472]            [DEBUG]    |                                                                                                    |
[2023-01-31 10:57:44,734] [builder.py:473]            [DEBUG]    | Validating Method: visible_home                                                                    |
[2023-01-31 10:57:44,734] [builder.py:474]            [DEBUG]    | Value: True                                                                                        |
[2023-01-31 10:57:44,735] [builder.py:472]            [DEBUG]    |                                                                                                    |
[2023-01-31 10:57:44,735] [builder.py:473]            [DEBUG]    | Validating Method: visible_library                                                                 |
[2023-01-31 10:57:44,735] [builder.py:474]            [DEBUG]    | Value: True                                                                                        |
[2023-01-31 10:57:44,736] [builder.py:472]            [DEBUG]    |                                                                                                    |
[2023-01-31 10:57:44,736] [builder.py:473]            [DEBUG]    | Validating Method: sort_title                                                                      |
[2023-01-31 10:57:44,736] [builder.py:474]            [DEBUG]    | Value: ++++++++_Most_Favorited                                                                     |
[2023-01-31 10:57:44,736] [builder.py:472]            [DEBUG]    |                                                                                                    |
[2023-01-31 10:57:44,737] [builder.py:473]            [DEBUG]    | Validating Method: sonarr_add_existing                                                             |
[2023-01-31 10:57:44,737] [builder.py:474]            [DEBUG]    | Value: True                                                                                        |
[2023-01-31 10:57:44,738] [builder.py:472]            [DEBUG]    |                                                                                                    |
[2023-01-31 10:57:44,738] [builder.py:473]            [DEBUG]    | Validating Method: sonarr_add_missing                                                              |
[2023-01-31 10:57:44,738] [builder.py:474]            [DEBUG]    | Value: True                                                                                        |
[2023-01-31 10:57:44,779] [builder.py:619]            [INFO]     |                                                                                                    |
[2023-01-31 10:57:44,780] [builder.py:620]            [INFO]     | Validation Successful                                                                              |
[2023-01-31 10:57:44,780] [plex_meta_manager.py:758]  [INFO]     |                                                                                                    |
[2023-01-31 10:57:44,781] [util.py:216]               [INFO]     |============================= Running Most Favorited Anime Collection ==============================|
[2023-01-31 10:57:44,781] [plex_meta_manager.py:773]  [INFO]     |                                                                                                    |
[2023-01-31 10:57:44,781] [plex_meta_manager.py:774]  [INFO]     | Sync Mode: sync                                                                                    |
[2023-01-31 10:57:44,782] [builder.py:1275]           [DEBUG]    |                                                                                                    |
[2023-01-31 10:57:44,782] [builder.py:1276]           [DEBUG]    | Builder: mal_favorite: 50                                                                          |
[2023-01-31 10:57:44,783] [builder.py:1277]           [INFO]     |                                                                                                    |
[2023-01-31 10:57:44,783] [mal.py:222]                [INFO]     | Processing MyAnimeList Favorite: 50 Anime                                                          |
[2023-01-31 10:57:44,924] [mal.py:241]                [DEBUG]    |                                                                                                    |
[2023-01-31 10:57:44,925] [mal.py:242]                [DEBUG]    | 50 MyAnimeList IDs Found: [5114, 11061, 21, 9253, 1535, 16498, 1735, 1575, 30, 38000, 32281, 23273, 28851, 40748, 1, 2001, 20, 2904, 20583, 4181, 269, 11757, 31240, 30276, 918, 33352, 4224, 38524, 31964, 9756, 40028, 22319, 5081, 6547, 19815, 31043, 6702, 37450, 19, 32182, 30831, 34572, 34599, 37521, 13601, 31933, 50265, 37999, 18679, 44511] |
[2023-01-31 10:57:44,926] [builder.py:1282]           [DEBUG]    |                                                                                                    |
[2023-01-31 10:57:44,927] [builder.py:1283]           [DEBUG]    | 50 IDs Found: [(103082, 'ratingKey'), (105612, 'ratingKey'), (81797, 'tvdb'), (104627, 'ratingKey'), (102918, 'ratingKey'), (267440, 'tvdb'), (79824, 'tvdb'), (79525, 'tvdb'), (104645, 'ratingKey'), (348545, 'tvdb'), (372058, 'tmdb'), (105047, 'ratingKey'), (378064, 'tmdb'), (103162, 'ratingKey'), (102957, 'ratingKey'), (104665, 'ratingKey'), (122493, 'ratingKey'), (79525, 'tvdb'), (278157, 'tvdb'), (80644, 'tvdb'), (74796, 'tvdb'), (259640, 'tvdb'), (305089, 'tvdb'), (293088, 'tvdb'), (79895, 'tvdb'), (102459, 'ratingKey'), (105010, 'ratingKey'), (267440, 'tvdb'), (105253, 'ratingKey'), (219181, 'tvdb'), (267440, 'tvdb'), (281249, 'tvdb'), (102261, 'tvdb'), (102444, 'ratingKey'), (102693, 'ratingKey'), (105083, 'ratingKey'), (114801, 'tvdb'), (104915, 'ratingKey'), (74599, 'tvdb'), (111197, 'ratingKey'), (303867, 'tvdb'), (331753, 'tvdb'), (326109, 'tvdb'), (105563, 'ratingKey'), (262090, 'tvdb'), (262954, 'tvdb'), (405920, 'tvdb'), (354198, 'tvdb'), (104758, 'ratingKey'), (118738, 'ratingKey')] |
[2023-01-31 10:57:44,927] [builder.py:1284]           [DEBUG]    |                                                                                                    |
[2023-01-31 10:57:45,218] [builder.py:1697]           [INFO]     |                                                                                                    |
[2023-01-31 10:57:45,219] [util.py:216]               [INFO]     |============================ Adding to Most Favorited Anime Collection =============================|
[2023-01-31 10:57:45,219] [builder.py:1699]           [INFO]     |                                                                                                    |
[2023-01-31 10:57:45,220] [builder.py:1709]           [INFO]     |  1/33 | Most Favorited Anime Collection | = | Hagane no Renkinjutsushi (2009)                      |
[2023-01-31 10:57:45,220] [builder.py:1709]           [INFO]     |  2/33 | Most Favorited Anime Collection | = | Hunter x Hunter (2011)                               |
[2023-01-31 10:57:45,220] [builder.py:1709]           [INFO]     |  3/33 | Most Favorited Anime Collection | = | Steins;Gate                                          |
[2023-01-31 10:57:45,221] [builder.py:1709]           [INFO]     |  4/33 | Most Favorited Anime Collection | = | Death Note                                           |
[2023-01-31 10:57:45,221] [builder.py:1709]           [INFO]     |  5/33 | Most Favorited Anime Collection | = | Shingeki no Kyojin                                   |
[2023-01-31 10:57:45,222] [builder.py:1709]           [INFO]     |  6/33 | Most Favorited Anime Collection | = | Code Geass: Hangyaku no Lelouch                      |
[2023-01-31 10:57:45,222] [builder.py:1709]           [INFO]     |  7/33 | Most Favorited Anime Collection | = | Shinseiki Evangelion                                 |
[2023-01-31 10:57:45,223] [builder.py:1709]           [INFO]     |  8/33 | Most Favorited Anime Collection | = | Kimetsu no Yaiba                                     |
[2023-01-31 10:57:45,223] [builder.py:1709]           [INFO]     |  9/33 | Most Favorited Anime Collection | = | Shigatsu wa Kimi no Uso                              |
[2023-01-31 10:57:45,224] [builder.py:1709]           [INFO]     | 10/33 | Most Favorited Anime Collection | = | Jujutsu Kaisen                                       |
[2023-01-31 10:57:45,224] [builder.py:1709]           [INFO]     | 11/33 | Most Favorited Anime Collection | = | Cowboy Bebop                                         |
[2023-01-31 10:57:45,225] [builder.py:1709]           [INFO]     | 12/33 | Most Favorited Anime Collection | = | Tengen Toppa Gurren Lagann                           |
[2023-01-31 10:57:45,226] [builder.py:1709]           [INFO]     | 13/33 | Most Favorited Anime Collection | = | Naruto                                               |
[2023-01-31 10:57:45,227] [builder.py:1709]           [INFO]     | 14/33 | Most Favorited Anime Collection | = | Haikyuu!!                                            |
[2023-01-31 10:57:45,227] [builder.py:1709]           [INFO]     | 15/33 | Most Favorited Anime Collection | = | Re:Zero kara Hajimeru Isekai Seikatsu (2021)         |
[2023-01-31 10:57:45,227] [builder.py:1709]           [INFO]     | 16/33 | Most Favorited Anime Collection | = | One Punch Man                                        |
[2023-01-31 10:57:45,228] [builder.py:1709]           [INFO]     | 17/33 | Most Favorited Anime Collection | = | Violet Evergarden                                    |
[2023-01-31 10:57:45,228] [builder.py:1709]           [INFO]     | 18/33 | Most Favorited Anime Collection | = | Toradora!                                            |
[2023-01-31 10:57:45,229] [builder.py:1709]           [INFO]     | 19/33 | Most Favorited Anime Collection | = | Boku no Hero Academia                                |
[2023-01-31 10:57:45,229] [builder.py:1709]           [INFO]     | 20/33 | Most Favorited Anime Collection | = | Tokyo Ghoul                                          |
[2023-01-31 10:57:45,230] [builder.py:1709]           [INFO]     | 21/33 | Most Favorited Anime Collection | = | Bakemonogatari                                       |
[2023-01-31 10:57:45,230] [builder.py:1709]           [INFO]     | 22/33 | Most Favorited Anime Collection | = | Angel Beats!                                         |
[2023-01-31 10:57:45,230] [builder.py:1709]           [INFO]     | 23/33 | Most Favorited Anime Collection | = | No Game No Life                                      |
[2023-01-31 10:57:45,231] [builder.py:1709]           [INFO]     | 24/33 | Most Favorited Anime Collection | = | Boku dake ga Inai Machi                              |
[2023-01-31 10:57:45,231] [builder.py:1709]           [INFO]     | 25/33 | Most Favorited Anime Collection | = | Seishun Buta Yarou wa Bunny Girl Senpai no Yume o Minai |
[2023-01-31 10:57:45,232] [builder.py:1709]           [INFO]     | 26/33 | Most Favorited Anime Collection | = | Mob Psycho 100                                       |
[2023-01-31 10:57:45,232] [builder.py:1709]           [INFO]     | 27/33 | Most Favorited Anime Collection | = | Kono Subarashii Sekai ni Shukufuku o!                |
[2023-01-31 10:57:45,232] [builder.py:1709]           [INFO]     | 28/33 | Most Favorited Anime Collection | = | Made in Abyss                                        |
[2023-01-31 10:57:45,233] [builder.py:1709]           [INFO]     | 29/33 | Most Favorited Anime Collection | = | Vinland Saga                                         |
[2023-01-31 10:57:45,233] [builder.py:1709]           [INFO]     | 30/33 | Most Favorited Anime Collection | = | Spy x Family (2022)                                  |
[2023-01-31 10:57:45,234] [builder.py:1709]           [INFO]     | 31/33 | Most Favorited Anime Collection | = | Kaguya-sama wa Kokurasetai: Tensai-tachi no Ren'ai Zunousen |
[2023-01-31 10:57:45,234] [builder.py:1709]           [INFO]     | 32/33 | Most Favorited Anime Collection | = | Kill la Kill                                         |
[2023-01-31 10:57:45,234] [builder.py:1709]           [INFO]     | 33/33 | Most Favorited Anime Collection | = | Chainsaw Man                                         |
[2023-01-31 10:57:45,235] [builder.py:1734]           [INFO]     |                                                                                                    |
[2023-01-31 10:57:45,235] [builder.py:1735]           [INFO]     | 33 Shows Processed                                                                                 |
[2023-01-31 10:57:45,236] [builder.py:1929]           [INFO]     |                                                                                                    |
[2023-01-31 10:57:45,236] [util.py:216]               [INFO]     |======================== Missing Movies from Library: Most Favorited Anime =========================|
[2023-01-31 10:57:45,236] [builder.py:1931]           [INFO]     |                                                                                                    |
[2023-01-31 10:57:45,240] [builder.py:1943]           [INFO]     | Most Favorited Anime Collection | ? | Your Name. (2016) (TMDb: 372058)                             |
[2023-01-31 10:57:45,242] [builder.py:1943]           [INFO]     | Most Favorited Anime Collection | ? | A Silent Voice: The Movie (2016) (TMDb: 378064)              |
[2023-01-31 10:57:45,242] [builder.py:1947]           [INFO]     |                                                                                                    |
[2023-01-31 10:57:45,243] [builder.py:1948]           [INFO]     | 2 Movies Missing                                                                                   |
[2023-01-31 10:57:45,255] [builder.py:1969]           [INFO]     |                                                                                                    |
[2023-01-31 10:57:45,256] [util.py:216]               [INFO]     |========================= Missing Shows from Library: Most Favorited Anime =========================|
[2023-01-31 10:57:45,257] [builder.py:1971]           [INFO]     |                                                                                                    |
[2023-01-31 10:57:45,286] [builder.py:1982]           [INFO]     | Most Favorited Anime Collection | ? | One Piece (TVDB: 81797)                                      |
[2023-01-31 10:57:45,307] [builder.py:1982]           [INFO]     | Most Favorited Anime Collection | ? | Naruto Shippuden (TVDB: 79824)                               |
[2023-01-31 10:57:45,324] [builder.py:1982]           [INFO]     | Most Favorited Anime Collection | ? | Clannad (TVDB: 80644)                                        |
[2023-01-31 10:57:45,346] [builder.py:1982]           [INFO]     | Most Favorited Anime Collection | ? | Bleach (TVDB: 74796)                                         |
[2023-01-31 10:57:45,368] [builder.py:1982]           [INFO]     | Most Favorited Anime Collection | ? | Sword Art Online (TVDB: 259640)                              |
[2023-01-31 10:57:45,389] [builder.py:1982]           [INFO]     | Most Favorited Anime Collection | ? | Gintama (TVDB: 79895)                                        |
[2023-01-31 10:57:45,405] [builder.py:1982]           [INFO]     | Most Favorited Anime Collection | ? | Puella Magi Madoka Magica (TVDB: 219181)                     |
[2023-01-31 10:57:45,430] [builder.py:1982]           [INFO]     | Most Favorited Anime Collection | ? | Fairy Tail (TVDB: 114801)                                    |
[2023-01-31 10:57:45,447] [builder.py:1982]           [INFO]     | Most Favorited Anime Collection | ? | Monster (TVDB: 74599)                                        |
[2023-01-31 10:57:45,468] [builder.py:1982]           [INFO]     | Most Favorited Anime Collection | ? | Black Clover (TVDB: 331753)                                  |
[2023-01-31 10:57:45,485] [builder.py:1982]           [INFO]     | Most Favorited Anime Collection | ? | Psycho-Pass (TVDB: 262090)                                   |
[2023-01-31 10:57:45,507] [builder.py:1982]           [INFO]     | Most Favorited Anime Collection | ? | JoJo's Bizarre Adventure (2012) (TVDB: 262954)               |
[2023-01-31 10:57:45,508] [builder.py:1986]           [INFO]     |                                                                                                    |
[2023-01-31 10:57:45,509] [builder.py:1987]           [INFO]     | 12 Shows Missing                                                                                   |
[2023-01-31 10:57:45,522] [sonarr.py:69]              [INFO]     |                                                                                                    |
[2023-01-31 10:57:45,522] [util.py:216]               [INFO]     |===================================== Adding Missing to Sonarr =====================================|
[2023-01-31 10:57:45,523] [sonarr.py:71]              [DEBUG]    |                                                                                                    |
[2023-01-31 10:57:45,523] [sonarr.py:72]              [DEBUG]    | Sonarr Adds: [81797, 79824, 80644, 74796, 259640, 79895, 219181, 114801, 74599, 331753, 262090, 262954] |
[2023-01-31 10:57:45,831] [sonarr.py:165]             [INFO]     |                                                                                                    |
[2023-01-31 10:57:45,831] [sonarr.py:173]             [INFO]     | Skipped: In Cache | 81797                                                                          |
[2023-01-31 10:57:45,832] [sonarr.py:173]             [INFO]     | Skipped: In Cache | 79824                                                                          |
[2023-01-31 10:57:45,832] [sonarr.py:173]             [INFO]     | Skipped: In Cache | 80644                                                                          |
[2023-01-31 10:57:45,832] [sonarr.py:173]             [INFO]     | Skipped: In Cache | 74796                                                                          |
[2023-01-31 10:57:45,833] [sonarr.py:173]             [INFO]     | Skipped: In Cache | 259640                                                                         |
[2023-01-31 10:57:45,833] [sonarr.py:173]             [INFO]     | Skipped: In Cache | 79895                                                                          |
[2023-01-31 10:57:45,834] [sonarr.py:173]             [INFO]     | Skipped: In Cache | 219181                                                                         |
[2023-01-31 10:57:45,834] [sonarr.py:173]             [INFO]     | Skipped: In Cache | 114801                                                                         |
[2023-01-31 10:57:45,835] [sonarr.py:173]             [INFO]     | Skipped: In Cache | 74599                                                                          |
[2023-01-31 10:57:45,835] [sonarr.py:173]             [INFO]     | Skipped: In Cache | 331753                                                                         |
[2023-01-31 10:57:45,835] [sonarr.py:173]             [INFO]     | Skipped: In Cache | 262090                                                                         |
[2023-01-31 10:57:45,836] [sonarr.py:173]             [INFO]     | Skipped: In Cache | 262954                                                                         |
[2023-01-31 10:57:45,836] [sonarr.py:174]             [INFO]     | 12 Series already exist in Sonarr                                                                  |
[2023-01-31 10:57:45,842] [builder.py:2147]           [INFO]     |                                                                                                    |
[2023-01-31 10:57:45,843] [util.py:216]               [INFO]     |======================= Updating Details of Most Favorited Anime Collection ========================|
[2023-01-31 10:57:45,843] [builder.py:2149]           [INFO]     |                                                                                                    |
[2023-01-31 10:57:45,846] [builder.py:2294]           [INFO]     | No poster collection detail or asset folder found                                                  |
[2023-01-31 10:57:45,846] [builder.py:2327]           [INFO]     | No background collection detail or asset folder found                                              |
[2023-01-31 10:57:45,887] [builder.py:2023]           [INFO]     |                                                                                                    |
[2023-01-31 10:57:45,887] [util.py:216]               [INFO]     |================= Updating Details of the Items in Most Favorited Anime Collection =================|
[2023-01-31 10:57:45,888] [builder.py:2025]           [INFO]     |                                                                                                    |
[2023-01-31 10:57:52,512] [sonarr.py:69]              [INFO]     |                                                                                                    |
[2023-01-31 10:57:52,512] [util.py:216]               [INFO]     |==================================== Adding Existing to Sonarr =====================================|
[2023-01-31 10:57:52,513] [sonarr.py:71]              [DEBUG]    |                                                                                                    |
[2023-01-31 10:57:52,513] [sonarr.py:72]              [DEBUG]    | Sonarr Adds:                                                                                       |
[2023-01-31 10:57:52,514] [sonarr.py:74]              [DEBUG]    | (85249, 'F:\\Anime\\Fullmetal Alchemist - Brotherhood (2009) [tvdb-85249]')                        |
[2023-01-31 10:57:52,514] [sonarr.py:74]              [DEBUG]    | (252322, 'F:\\Anime\\Hunter x Hunter (2011) [tvdb-252322]')                                        |
[2023-01-31 10:57:52,514] [sonarr.py:74]              [DEBUG]    | (244061, 'F:\\Anime\\Steins;Gate (2011) [tvdb-244061]')                                            |
[2023-01-31 10:57:52,515] [sonarr.py:74]              [DEBUG]    | (79481, 'F:\\Anime\\Death Note (2006) [tvdb-79481]')                                               |
[2023-01-31 10:57:52,515] [sonarr.py:74]              [DEBUG]    | (267440, 'F:\\Anime\\Attack on Titan (2013) [tvdb-267440]')                                        |
[2023-01-31 10:57:52,515] [sonarr.py:74]              [DEBUG]    | (79525, 'F:\\Anime\\Code Geass - Lelouch of the Rebellion (2006) [tvdb-79525]')                    |
[2023-01-31 10:57:52,516] [sonarr.py:74]              [DEBUG]    | (70350, 'F:\\Anime\\Neon Genesis Evangelion (1995) [tvdb-70350]')                                  |
[2023-01-31 10:57:52,516] [sonarr.py:74]              [DEBUG]    | (348545, 'F:\\Anime\\Demon Slayer - Kimetsu no Yaiba (2019) [tvdb-348545]')                        |
[2023-01-31 10:57:52,517] [sonarr.py:74]              [DEBUG]    | (279830, 'F:\\Anime\\Your Lie in April (2014) [tvdb-279830]')                                      |
[2023-01-31 10:57:52,517] [sonarr.py:74]              [DEBUG]    | (377543, 'F:\\Anime\\Jujutsu Kaisen (2020) [tvdb-377543]')                                         |
[2023-01-31 10:57:52,517] [sonarr.py:74]              [DEBUG]    | (76885, 'F:\\Anime\\Cowboy Bebop (1998) [tvdb-76885]')                                             |
[2023-01-31 10:57:52,517] [sonarr.py:74]              [DEBUG]    | (80096, 'F:\\Anime\\Gurren Lagann (2007) [tvdb-80096]')                                            |
[2023-01-31 10:57:52,518] [sonarr.py:74]              [DEBUG]    | (78857, 'F:\\Anime\\Naruto (2002) [tvdb-78857]')                                                   |
[2023-01-31 10:57:52,518] [sonarr.py:74]              [DEBUG]    | (278157, 'F:\\Anime\\Haikyu!! (2014) [tvdb-278157]')                                               |
[2023-01-31 10:57:52,518] [sonarr.py:74]              [DEBUG]    | (305089, 'F:\\Anime\\Re - ZERO, Starting Life in Another World (2016) [tvdb-305089]')              |
[2023-01-31 10:57:52,519] [sonarr.py:74]              [DEBUG]    | (293088, 'F:\\Anime\\One-Punch Man (2015) [tvdb-293088]')                                          |
[2023-01-31 10:57:52,519] [sonarr.py:74]              [DEBUG]    | (330139, 'F:\\Anime\\Violet Evergarden (2018) [tvdb-330139]')                                      |
[2023-01-31 10:57:52,519] [sonarr.py:74]              [DEBUG]    | (83277, 'F:\\Anime\\Toradora! (2008) [tvdb-83277]')                                                |
[2023-01-31 10:57:52,519] [sonarr.py:74]              [DEBUG]    | (305074, 'F:\\Anime\\My Hero Academia (2016) [tvdb-305074]')                                       |
[2023-01-31 10:57:52,520] [sonarr.py:74]              [DEBUG]    | (281249, 'F:\\Anime\\Tokyo Ghoul (2014) [tvdb-281249]')                                            |
[2023-01-31 10:57:52,520] [sonarr.py:74]              [DEBUG]    | (102261, 'F:\\Anime\\Monogatari (2009) [tvdb-102261]')                                             |
[2023-01-31 10:57:52,520] [sonarr.py:74]              [DEBUG]    | (150471, 'F:\\Anime\\Angel Beats! (2010) [tvdb-150471]')                                           |
[2023-01-31 10:57:52,521] [sonarr.py:74]              [DEBUG]    | (278155, 'F:\\Anime\\No Game, No Life (2014) [tvdb-278155]')                                       |
[2023-01-31 10:57:52,521] [sonarr.py:74]              [DEBUG]    | (303071, 'F:\\Anime\\Erased (2016) [tvdb-303071]')                                                 |
[2023-01-31 10:57:52,521] [sonarr.py:74]              [DEBUG]    | (345596, 'F:\\Anime\\Rascal Does Not Dream of Bunny Girl Senpai (2018) [tvdb-345596]')             |
[2023-01-31 10:57:52,522] [sonarr.py:74]              [DEBUG]    | (307375, 'F:\\Anime\\Mob Psycho 100 (2016) [tvdb-307375]')                                         |
[2023-01-31 10:57:52,522] [sonarr.py:74]              [DEBUG]    | (303867, "F:\\Anime\\KonoSuba – God's blessing on this wonderful world!! (2016) [tvdb-303867]")    |
[2023-01-31 10:57:52,522] [sonarr.py:74]              [DEBUG]    | (326109, 'F:\\Anime\\Made in Abyss (2017) [tvdb-326109]')                                          |
[2023-01-31 10:57:52,523] [sonarr.py:74]              [DEBUG]    | (359274, 'F:\\Anime\\Vinland Saga (2019) [tvdb-359274]')                                           |
[2023-01-31 10:57:52,523] [sonarr.py:74]              [DEBUG]    | (405920, 'F:\\Anime\\SPY x FAMILY (2022) [tvdb-405920]')                                           |
[2023-01-31 10:57:52,523] [sonarr.py:74]              [DEBUG]    | (354198, 'F:\\Anime\\Kaguya-sama - Love Is War (2019) [tvdb-354198]')                              |
[2023-01-31 10:57:52,524] [sonarr.py:74]              [DEBUG]    | (272074, 'F:\\Anime\\Kill la Kill (2013) [tvdb-272074]')                                           |
[2023-01-31 10:57:52,524] [sonarr.py:74]              [DEBUG]    | (397934, 'F:\\Anime\\Chainsaw Man (2022) [tvdb-397934]')                                           |
[2023-01-31 10:57:52,835] [sonarr.py:165]             [INFO]     |                                                                                                    |
[2023-01-31 10:57:52,835] [sonarr.py:173]             [INFO]     | Skipped: In Cache | (85249, 'F:\\Anime\\Fullmetal Alchemist - Brotherhood (2009) [tvdb-85249]')    |
[2023-01-31 10:57:52,836] [sonarr.py:173]             [INFO]     | Skipped: In Cache | (252322, 'F:\\Anime\\Hunter x Hunter (2011) [tvdb-252322]')                    |
[2023-01-31 10:57:52,836] [sonarr.py:173]             [INFO]     | Skipped: In Cache | (244061, 'F:\\Anime\\Steins;Gate (2011) [tvdb-244061]')                        |
[2023-01-31 10:57:52,837] [sonarr.py:173]             [INFO]     | Skipped: In Cache | (79481, 'F:\\Anime\\Death Note (2006) [tvdb-79481]')                           |
[2023-01-31 10:57:52,837] [sonarr.py:173]             [INFO]     | Skipped: In Cache | (267440, 'F:\\Anime\\Attack on Titan (2013) [tvdb-267440]')                    |
[2023-01-31 10:57:52,837] [sonarr.py:173]             [INFO]     | Skipped: In Cache | (79525, 'F:\\Anime\\Code Geass - Lelouch of the Rebellion (2006) [tvdb-79525]') |
[2023-01-31 10:57:52,838] [sonarr.py:173]             [INFO]     | Skipped: In Cache | (70350, 'F:\\Anime\\Neon Genesis Evangelion (1995) [tvdb-70350]')              |
[2023-01-31 10:57:52,838] [sonarr.py:173]             [INFO]     | Skipped: In Cache | (348545, 'F:\\Anime\\Demon Slayer - Kimetsu no Yaiba (2019) [tvdb-348545]')    |
[2023-01-31 10:57:52,838] [sonarr.py:173]             [INFO]     | Skipped: In Cache | (279830, 'F:\\Anime\\Your Lie in April (2014) [tvdb-279830]')                  |
[2023-01-31 10:57:52,839] [sonarr.py:173]             [INFO]     | Skipped: In Cache | (377543, 'F:\\Anime\\Jujutsu Kaisen (2020) [tvdb-377543]')                     |
[2023-01-31 10:57:52,839] [sonarr.py:173]             [INFO]     | Skipped: In Cache | (76885, 'F:\\Anime\\Cowboy Bebop (1998) [tvdb-76885]')                         |
[2023-01-31 10:57:52,839] [sonarr.py:173]             [INFO]     | Skipped: In Cache | (80096, 'F:\\Anime\\Gurren Lagann (2007) [tvdb-80096]')                        |
[2023-01-31 10:57:52,840] [sonarr.py:173]             [INFO]     | Skipped: In Cache | (78857, 'F:\\Anime\\Naruto (2002) [tvdb-78857]')                               |
[2023-01-31 10:57:52,840] [sonarr.py:173]             [INFO]     | Skipped: In Cache | (278157, 'F:\\Anime\\Haikyu!! (2014) [tvdb-278157]')                           |
[2023-01-31 10:57:52,841] [sonarr.py:173]             [INFO]     | Skipped: In Cache | (305089, 'F:\\Anime\\Re - ZERO, Starting Life in Another World (2016) [tvdb-305089]') |
[2023-01-31 10:57:52,841] [sonarr.py:173]             [INFO]     | Skipped: In Cache | (293088, 'F:\\Anime\\One-Punch Man (2015) [tvdb-293088]')                      |
[2023-01-31 10:57:52,841] [sonarr.py:173]             [INFO]     | Skipped: In Cache | (330139, 'F:\\Anime\\Violet Evergarden (2018) [tvdb-330139]')                  |
[2023-01-31 10:57:52,842] [sonarr.py:173]             [INFO]     | Skipped: In Cache | (83277, 'F:\\Anime\\Toradora! (2008) [tvdb-83277]')                            |
[2023-01-31 10:57:52,843] [sonarr.py:173]             [INFO]     | Skipped: In Cache | (305074, 'F:\\Anime\\My Hero Academia (2016) [tvdb-305074]')                   |
[2023-01-31 10:57:52,844] [sonarr.py:173]             [INFO]     | Skipped: In Cache | (281249, 'F:\\Anime\\Tokyo Ghoul (2014) [tvdb-281249]')                        |
[2023-01-31 10:57:52,844] [sonarr.py:173]             [INFO]     | Skipped: In Cache | (102261, 'F:\\Anime\\Monogatari (2009) [tvdb-102261]')                         |
[2023-01-31 10:57:52,845] [sonarr.py:173]             [INFO]     | Skipped: In Cache | (150471, 'F:\\Anime\\Angel Beats! (2010) [tvdb-150471]')                       |
[2023-01-31 10:57:52,845] [sonarr.py:173]             [INFO]     | Skipped: In Cache | (278155, 'F:\\Anime\\No Game, No Life (2014) [tvdb-278155]')                   |
[2023-01-31 10:57:52,845] [sonarr.py:173]             [INFO]     | Skipped: In Cache | (303071, 'F:\\Anime\\Erased (2016) [tvdb-303071]')                             |
[2023-01-31 10:57:52,846] [sonarr.py:173]             [INFO]     | Skipped: In Cache | (345596, 'F:\\Anime\\Rascal Does Not Dream of Bunny Girl Senpai (2018) [tvdb-345596]') |
[2023-01-31 10:57:52,846] [sonarr.py:173]             [INFO]     | Skipped: In Cache | (307375, 'F:\\Anime\\Mob Psycho 100 (2016) [tvdb-307375]')                     |
[2023-01-31 10:57:52,846] [sonarr.py:173]             [INFO]     | Skipped: In Cache | (303867, "F:\\Anime\\KonoSuba – God's blessing on this wonderful world!! (2016) [tvdb-303867]") |
[2023-01-31 10:57:52,847] [sonarr.py:173]             [INFO]     | Skipped: In Cache | (326109, 'F:\\Anime\\Made in Abyss (2017) [tvdb-326109]')                      |
[2023-01-31 10:57:52,847] [sonarr.py:173]             [INFO]     | Skipped: In Cache | (359274, 'F:\\Anime\\Vinland Saga (2019) [tvdb-359274]')                       |
[2023-01-31 10:57:52,848] [sonarr.py:173]             [INFO]     | Skipped: In Cache | (405920, 'F:\\Anime\\SPY x FAMILY (2022) [tvdb-405920]')                       |
[2023-01-31 10:57:52,848] [sonarr.py:173]             [INFO]     | Skipped: In Cache | (354198, 'F:\\Anime\\Kaguya-sama - Love Is War (2019) [tvdb-354198]')          |
[2023-01-31 10:57:52,848] [sonarr.py:173]             [INFO]     | Skipped: In Cache | (272074, 'F:\\Anime\\Kill la Kill (2013) [tvdb-272074]')                       |
[2023-01-31 10:57:52,849] [sonarr.py:173]             [INFO]     | Skipped: In Cache | (397934, 'F:\\Anime\\Chainsaw Man (2022) [tvdb-397934]')                       |
[2023-01-31 10:57:52,849] [sonarr.py:174]             [INFO]     | 33 Series already exist in Sonarr                                                                  |
[2023-01-31 10:57:52,850] [plex_meta_manager.py:880]  [INFO]     |                                                                                                    |
[2023-01-31 10:57:52,851] [util.py:209]               [INFO]     |====================================================================================================|
[2023-01-31 10:57:52,851] [util.py:216]               [INFO]     |                              Finished Most Favorited Anime Collection                              |
[2023-01-31 10:57:52,852] [util.py:216]               [INFO]     |                                    Collection Run Time: 0:00:08                                    |
[2023-01-31 10:57:52,852] [util.py:220]               [INFO]     |====================================================================================================|
[2023-01-31 10:57:52,854] [util.py:209]               [INFO]     |====================================================================================================|
[2023-01-31 10:57:52,855] [util.py:216]               [INFO]     |                                Seasonal Winter Collection in Anime                                 |
[2023-01-31 10:57:52,855] [util.py:220]               [INFO]     |====================================================================================================|
[2023-01-31 10:57:52,856] [plex_meta_manager.py:750]  [INFO]     |                                                                                                    |
[2023-01-31 10:57:52,856] [util.py:216]               [INFO]     |============================== Validating Seasonal Winter Attributes ===============================|
[2023-01-31 10:57:52,857] [builder.py:273]            [DEBUG]    |                                                                                                    |
[2023-01-31 10:57:52,857] [builder.py:274]            [DEBUG]    | Validating Method: delete_not_scheduled                                                            |
[2023-01-31 10:57:52,857] [builder.py:275]            [DEBUG]    | Value: True                                                                                        |
[2023-01-31 10:57:52,858] [builder.py:279]            [DEBUG]    |                                                                                                    |
[2023-01-31 10:57:52,858] [builder.py:280]            [DEBUG]    | Validating Method: schedule                                                                        |
[2023-01-31 10:57:52,859] [builder.py:284]            [DEBUG]    | Value: range(01/01-04/01)                                                                          |
[2023-01-31 10:57:52,860] [builder.py:330]            [DEBUG]    |                                                                                                    |
[2023-01-31 10:57:52,860] [builder.py:331]            [DEBUG]    | Validating Method: sync_mode                                                                       |
[2023-01-31 10:57:52,860] [builder.py:335]            [DEBUG]    | Value: sync                                                                                        |
[2023-01-31 10:57:52,860] [builder.py:453]            [DEBUG]    |                                                                                                    |
[2023-01-31 10:57:52,861] [builder.py:454]            [DEBUG]    | Validating Method: collection_order                                                                |
[2023-01-31 10:57:52,861] [builder.py:455]            [DEBUG]    | Value: custom                                                                                      |
[2023-01-31 10:57:52,861] [builder.py:472]            [DEBUG]    |                                                                                                    |
[2023-01-31 10:57:52,862] [builder.py:473]            [DEBUG]    | Validating Method: mal_season                                                                      |
[2023-01-31 10:57:52,862] [builder.py:474]            [DEBUG]    | Value: ordereddict([('season', 'winter'), ('limit', 20), ('sort_by', 'members')])                  |
[2023-01-31 10:57:52,862] [builder.py:689]            [WARNING]  | Collection Warning: mal_season year attribute not found using 2023 as default                      |
[2023-01-31 10:57:52,862] [builder.py:472]            [DEBUG]    |                                                                                                    |
[2023-01-31 10:57:52,863] [builder.py:473]            [DEBUG]    | Validating Method: sort_title                                                                      |
[2023-01-31 10:57:52,863] [builder.py:474]            [DEBUG]    | Value: +++++++_Winter                                                                              |
[2023-01-31 10:57:52,863] [builder.py:472]            [DEBUG]    |                                                                                                    |
[2023-01-31 10:57:52,864] [builder.py:473]            [DEBUG]    | Validating Method: sonarr_add_existing                                                             |
[2023-01-31 10:57:52,864] [builder.py:474]            [DEBUG]    | Value: True                                                                                        |
[2023-01-31 10:57:52,864] [builder.py:472]            [DEBUG]    |                                                                                                    |
[2023-01-31 10:57:52,864] [builder.py:473]            [DEBUG]    | Validating Method: sonarr_add_missing                                                              |
[2023-01-31 10:57:52,865] [builder.py:474]            [DEBUG]    | Value: True                                                                                        |
[2023-01-31 10:57:52,886] [builder.py:619]            [INFO]     |                                                                                                    |
[2023-01-31 10:57:52,887] [builder.py:620]            [INFO]     | Validation Successful                                                                              |
[2023-01-31 10:57:52,887] [plex_meta_manager.py:758]  [INFO]     |                                                                                                    |
[2023-01-31 10:57:52,888] [util.py:216]               [INFO]     |================================ Running Seasonal Winter Collection ================================|
[2023-01-31 10:57:52,888] [plex_meta_manager.py:773]  [INFO]     |                                                                                                    |
[2023-01-31 10:57:52,888] [plex_meta_manager.py:774]  [INFO]     | Sync Mode: sync                                                                                    |
[2023-01-31 10:57:52,890] [builder.py:1275]           [DEBUG]    |                                                                                                    |
[2023-01-31 10:57:52,890] [builder.py:1276]           [DEBUG]    | Builder: mal_season: {'season': 'winter', 'sort_by': 'anime_num_list_users', 'year': 2023, 'limit': 20} |
[2023-01-31 10:57:52,890] [builder.py:1277]           [INFO]     |                                                                                                    |
[2023-01-31 10:57:52,891] [mal.py:231]                [INFO]     | Processing MyAnimeList Season: 20 Anime from Winter 2023 sorted by Members                         |
[2023-01-31 10:57:53,090] [mal.py:241]                [DEBUG]    |                                                                                                    |
[2023-01-31 10:57:53,091] [mal.py:242]                [DEBUG]    | 20 MyAnimeList IDs Found: [21, 34566, 49918, 49596, 235, 48316, 49387, 49220, 48417, 49709, 50608, 50197, 51105, 50330, 52305, 41514, 50710, 49784, 50739, 48585] |
[2023-01-31 10:57:53,091] [convert.py:78]             [ERROR]    | Convert Error: No TVDb ID or IMDb ID found for AniDB ID: 16176                                     |
[2023-01-31 10:57:53,092] [builder.py:1282]           [DEBUG]    |                                                                                                    |
[2023-01-31 10:57:53,092] [builder.py:1283]           [DEBUG]    | 19 IDs Found: [(81797, 'tvdb'), (321285, 'tvdb'), (305074, 'tvdb'), (408629, 'tvdb'), (72454, 'tvdb'), (407520, 'tvdb'), (359274, 'tvdb'), (102426, 'ratingKey'), (375927, 'tvdb'), (375271, 'tvdb'), (393478, 'tvdb'), (385278, 'tvdb'), (127668, 'ratingKey'), (305075, 'tvdb'), (126833, 'ratingKey'), (373679, 'tvdb'), (414096, 'tvdb'), (369144, 'tvdb'), (414221, 'tvdb')] |
[2023-01-31 10:57:53,092] [builder.py:1284]           [DEBUG]    |                                                                                                    |
[2023-01-31 10:57:53,214] [builder.py:1697]           [INFO]     |                                                                                                    |
[2023-01-31 10:57:53,214] [util.py:216]               [INFO]     |=============================== Adding to Seasonal Winter Collection ===============================|
[2023-01-31 10:57:53,215] [builder.py:1699]           [INFO]     |                                                                                                    |
[2023-01-31 10:57:53,215] [builder.py:1709]           [INFO]     |  1/14 | Seasonal Winter Collection | = | Boku no Hero Academia                                     |
[2023-01-31 10:57:53,216] [builder.py:1709]           [INFO]     |  2/14 | Seasonal Winter Collection | = | Blue Lock                                                 |
[2023-01-31 10:57:53,216] [builder.py:1709]           [INFO]     |  3/14 | Seasonal Winter Collection | = | Kage no Jitsuryokusha ni Naritakute!                      |
[2023-01-31 10:57:53,216] [builder.py:1709]           [INFO]     |  4/14 | Seasonal Winter Collection | = | Vinland Saga                                              |
[2023-01-31 10:57:53,217] [builder.py:1709]           [INFO]     |  5/14 | Seasonal Winter Collection | = | Isekai Ojisan                                             |
[2023-01-31 10:57:53,217] [builder.py:1709]           [INFO]     |  6/14 | Seasonal Winter Collection | = | Maou Gakuin no Futekigousha: Shijou Saikyou no Maou no Shiso, Tensei Shite Shison-tachi no Gakkou e Kayou |
[2023-01-31 10:57:53,218] [builder.py:1709]           [INFO]     |  7/14 | Seasonal Winter Collection | = | Fumetsu no Anata e                                        |
[2023-01-31 10:57:53,218] [builder.py:1709]           [INFO]     |  8/14 | Seasonal Winter Collection | = | Tokyo Revengers                                           |
[2023-01-31 10:57:53,219] [builder.py:1709]           [INFO]     |  9/14 | Seasonal Winter Collection | = | Ijiranaide, Nagatoro-san                                  |
[2023-01-31 10:57:53,219] [builder.py:1709]           [INFO]     | 10/14 | Seasonal Winter Collection | = | NieR:Automata Ver1.1a                                     |
[2023-01-31 10:57:53,220] [builder.py:1709]           [INFO]     | 11/14 | Seasonal Winter Collection | = | Bungou Stray Dogs                                         |
[2023-01-31 10:57:53,220] [builder.py:1709]           [INFO]     | 12/14 | Seasonal Winter Collection | = | Tomo-chan wa Onnanoko!                                    |
[2023-01-31 10:57:53,221] [builder.py:1709]           [INFO]     | 13/14 | Seasonal Winter Collection | = | Itai no wa Iya nano de Bougyoryoku ni Kyokufuri Shitai to Omoimasu. |
[2023-01-31 10:57:53,221] [builder.py:1709]           [INFO]     | 14/14 | Seasonal Winter Collection | = | Otonari no Tenshi-sama ni Itsunomanika Dame Ningen ni Sareteita Ken |
[2023-01-31 10:57:53,222] [builder.py:1734]           [INFO]     |                                                                                                    |
[2023-01-31 10:57:53,222] [builder.py:1735]           [INFO]     | 14 Shows Processed                                                                                 |
[2023-01-31 10:57:53,223] [builder.py:1969]           [INFO]     |                                                                                                    |
[2023-01-31 10:57:53,223] [util.py:216]               [INFO]     |=========================== Missing Shows from Library: Seasonal Winter ============================|
[2023-01-31 10:57:53,223] [builder.py:1971]           [INFO]     |                                                                                                    |
[2023-01-31 10:57:53,252] [builder.py:1982]           [INFO]     | Seasonal Winter Collection | ? | One Piece (TVDB: 81797)                                           |
[2023-01-31 10:57:53,270] [builder.py:1982]           [INFO]     | Seasonal Winter Collection | ? | Boruto: Naruto Next Generations (TVDB: 321285)                    |
[2023-01-31 10:57:53,293] [builder.py:1982]           [INFO]     | Seasonal Winter Collection | ? | Detective Conan (TVDB: 72454)                                     |
[2023-01-31 10:57:53,308] [builder.py:1982]           [INFO]     | Seasonal Winter Collection | ? | Urusei Yatsura (2022) (TVDB: 414096)                              |
[2023-01-31 10:57:53,330] [builder.py:1982]           [INFO]     | Seasonal Winter Collection | ? | Welcome to Demon School! Iruma-kun (TVDB: 369144)                 |
[2023-01-31 10:57:53,331] [builder.py:1986]           [INFO]     |                                                                                                    |
[2023-01-31 10:57:53,331] [builder.py:1987]           [INFO]     | 5 Shows Missing                                                                                    |
[2023-01-31 10:57:53,345] [sonarr.py:69]              [INFO]     |                                                                                                    |
[2023-01-31 10:57:53,345] [util.py:216]               [INFO]     |===================================== Adding Missing to Sonarr =====================================|
[2023-01-31 10:57:53,346] [sonarr.py:71]              [DEBUG]    |                                                                                                    |
[2023-01-31 10:57:53,346] [sonarr.py:72]              [DEBUG]    | Sonarr Adds: [81797, 321285, 72454, 414096, 369144]                                                |
[2023-01-31 10:57:53,645] [sonarr.py:165]             [INFO]     |                                                                                                    |
[2023-01-31 10:57:53,645] [sonarr.py:173]             [INFO]     | Skipped: In Cache | 81797                                                                          |
[2023-01-31 10:57:53,646] [sonarr.py:173]             [INFO]     | Skipped: In Cache | 321285                                                                         |
[2023-01-31 10:57:53,646] [sonarr.py:173]             [INFO]     | Skipped: In Cache | 72454                                                                          |
[2023-01-31 10:57:53,647] [sonarr.py:173]             [INFO]     | Skipped: In Cache | 414096                                                                         |
[2023-01-31 10:57:53,647] [sonarr.py:173]             [INFO]     | Skipped: In Cache | 369144                                                                         |
[2023-01-31 10:57:53,648] [sonarr.py:174]             [INFO]     | 5 Series already exist in Sonarr                                                                   |
[2023-01-31 10:57:53,654] [builder.py:2147]           [INFO]     |                                                                                                    |
[2023-01-31 10:57:53,654] [util.py:216]               [INFO]     |========================== Updating Details of Seasonal Winter Collection ==========================|
[2023-01-31 10:57:53,654] [builder.py:2149]           [INFO]     |                                                                                                    |
[2023-01-31 10:57:53,655] [builder.py:2294]           [INFO]     | No poster collection detail or asset folder found                                                  |
[2023-01-31 10:57:53,656] [builder.py:2327]           [INFO]     | No background collection detail or asset folder found                                              |
[2023-01-31 10:57:53,672] [builder.py:2023]           [INFO]     |                                                                                                    |
[2023-01-31 10:57:53,673] [util.py:216]               [INFO]     |=================== Updating Details of the Items in Seasonal Winter Collection ====================|
[2023-01-31 10:57:53,673] [builder.py:2025]           [INFO]     |                                                                                                    |
[2023-01-31 10:57:56,407] [sonarr.py:69]              [INFO]     |                                                                                                    |
[2023-01-31 10:57:56,408] [util.py:216]               [INFO]     |==================================== Adding Existing to Sonarr =====================================|
[2023-01-31 10:57:56,409] [sonarr.py:71]              [DEBUG]    |                                                                                                    |
[2023-01-31 10:57:56,409] [sonarr.py:72]              [DEBUG]    | Sonarr Adds:                                                                                       |
[2023-01-31 10:57:56,409] [sonarr.py:74]              [DEBUG]    | (305074, 'F:\\Anime\\My Hero Academia (2016) [tvdb-305074]')                                       |
[2023-01-31 10:57:56,409] [sonarr.py:74]              [DEBUG]    | (408629, 'F:\\Anime\\BLUELOCK (2022) [tvdb-408629]')                                               |
[2023-01-31 10:57:56,410] [sonarr.py:74]              [DEBUG]    | (407520, 'F:\\Anime\\Eminence in Shadow, The (2022) [tvdb-407520]')                                |
[2023-01-31 10:57:56,410] [sonarr.py:74]              [DEBUG]    | (359274, 'F:\\Anime\\Vinland Saga (2019) [tvdb-359274]')                                           |
[2023-01-31 10:57:56,410] [sonarr.py:74]              [DEBUG]    | (405214, 'F:\\Anime\\Uncle From Another World (2022) [tvdb-405214]')                               |
[2023-01-31 10:57:56,411] [sonarr.py:74]              [DEBUG]    | (375927, 'F:\\Anime\\Misfit of Demon King Academy, The (2020) [tvdb-375927]')                      |
[2023-01-31 10:57:56,411] [sonarr.py:74]              [DEBUG]    | (375271, 'F:\\Anime\\To Your Eternity (2021) [tvdb-375271]')                                       |
[2023-01-31 10:57:56,411] [sonarr.py:74]              [DEBUG]    | (393478, 'F:\\Anime\\Tokyo Revengers (2021) [tvdb-393478]')                                        |
[2023-01-31 10:57:56,412] [sonarr.py:74]              [DEBUG]    | (385278, "F:\\Anime\\Don't Toy With Me, Miss Nagatoro (2021) [tvdb-385278]")                       |
[2023-01-31 10:57:56,412] [sonarr.py:74]              [DEBUG]    | (416998, 'F:\\Anime\\NieR-Automata Ver1.1a (2023) [tvdb-416998]')                                  |
[2023-01-31 10:57:56,412] [sonarr.py:74]              [DEBUG]    | (305075, 'F:\\Anime\\Bungo Stray Dogs (2016) [tvdb-305075]')                                       |
[2023-01-31 10:57:56,413] [sonarr.py:74]              [DEBUG]    | (421994, 'F:\\Anime\\Tomo-chan Is a Girl! (2023) [tvdb-421994]')                                   |
[2023-01-31 10:57:56,413] [sonarr.py:74]              [DEBUG]    | (373679, 'F:\\Anime\\BOFURI - I Don’t Want to Get Hurt, so I’ll Max Out My Defense. (2020) [tvdb-373679]') |
[2023-01-31 10:57:56,413] [sonarr.py:74]              [DEBUG]    | (414221, 'F:\\Anime\\Angel Next Door Spoils Me Rotten, The (2023) [tvdb-414221]')                  |
[2023-01-31 10:57:56,711] [sonarr.py:165]             [INFO]     |                                                                                                    |
[2023-01-31 10:57:56,711] [sonarr.py:173]             [INFO]     | Skipped: In Cache | (305074, 'F:\\Anime\\My Hero Academia (2016) [tvdb-305074]')                   |
[2023-01-31 10:57:56,711] [sonarr.py:173]             [INFO]     | Skipped: In Cache | (408629, 'F:\\Anime\\BLUELOCK (2022) [tvdb-408629]')                           |
[2023-01-31 10:57:56,712] [sonarr.py:173]             [INFO]     | Skipped: In Cache | (407520, 'F:\\Anime\\Eminence in Shadow, The (2022) [tvdb-407520]')            |
[2023-01-31 10:57:56,712] [sonarr.py:173]             [INFO]     | Skipped: In Cache | (359274, 'F:\\Anime\\Vinland Saga (2019) [tvdb-359274]')                       |
[2023-01-31 10:57:56,713] [sonarr.py:173]             [INFO]     | Skipped: In Cache | (405214, 'F:\\Anime\\Uncle From Another World (2022) [tvdb-405214]')           |
[2023-01-31 10:57:56,713] [sonarr.py:173]             [INFO]     | Skipped: In Cache | (375927, 'F:\\Anime\\Misfit of Demon King Academy, The (2020) [tvdb-375927]')  |
[2023-01-31 10:57:56,713] [sonarr.py:173]             [INFO]     | Skipped: In Cache | (375271, 'F:\\Anime\\To Your Eternity (2021) [tvdb-375271]')                   |
[2023-01-31 10:57:56,714] [sonarr.py:173]             [INFO]     | Skipped: In Cache | (393478, 'F:\\Anime\\Tokyo Revengers (2021) [tvdb-393478]')                    |
[2023-01-31 10:57:56,714] [sonarr.py:173]             [INFO]     | Skipped: In Cache | (385278, "F:\\Anime\\Don't Toy With Me, Miss Nagatoro (2021) [tvdb-385278]")   |
[2023-01-31 10:57:56,714] [sonarr.py:173]             [INFO]     | Skipped: In Cache | (416998, 'F:\\Anime\\NieR-Automata Ver1.1a (2023) [tvdb-416998]')              |
[2023-01-31 10:57:56,715] [sonarr.py:173]             [INFO]     | Skipped: In Cache | (305075, 'F:\\Anime\\Bungo Stray Dogs (2016) [tvdb-305075]')                   |
[2023-01-31 10:57:56,715] [sonarr.py:173]             [INFO]     | Skipped: In Cache | (421994, 'F:\\Anime\\Tomo-chan Is a Girl! (2023) [tvdb-421994]')               |
[2023-01-31 10:57:56,715] [sonarr.py:173]             [INFO]     | Skipped: In Cache | (373679, 'F:\\Anime\\BOFURI - I Don’t Want to Get Hurt, so I’ll Max Out My Defense. (2020) [tvdb-373679]') |
[2023-01-31 10:57:56,716] [sonarr.py:173]             [INFO]     | Skipped: In Cache | (414221, 'F:\\Anime\\Angel Next Door Spoils Me Rotten, The (2023) [tvdb-414221]') |
[2023-01-31 10:57:56,716] [sonarr.py:174]             [INFO]     | 14 Series already exist in Sonarr                                                                  |
[2023-01-31 10:57:56,718] [plex_meta_manager.py:880]  [INFO]     |                                                                                                    |
[2023-01-31 10:57:56,719] [util.py:209]               [INFO]     |====================================================================================================|
[2023-01-31 10:57:56,719] [util.py:216]               [INFO]     |                                Finished Seasonal Winter Collection                                 |
[2023-01-31 10:57:56,720] [util.py:216]               [INFO]     |                                    Collection Run Time: 0:00:03                                    |
[2023-01-31 10:57:56,721] [util.py:220]               [INFO]     |====================================================================================================|
[2023-01-31 10:57:56,724] [util.py:209]               [INFO]     |====================================================================================================|
[2023-01-31 10:57:56,724] [util.py:216]               [INFO]     |                                Seasonal Spring Collection in Anime                                 |
[2023-01-31 10:57:56,724] [util.py:220]               [INFO]     |====================================================================================================|
[2023-01-31 10:57:56,725] [plex_meta_manager.py:750]  [INFO]     |                                                                                                    |
[2023-01-31 10:57:56,725] [util.py:216]               [INFO]     |============================== Validating Seasonal Spring Attributes ===============================|
[2023-01-31 10:57:56,726] [builder.py:273]            [DEBUG]    |                                                                                                    |
[2023-01-31 10:57:56,726] [builder.py:274]            [DEBUG]    | Validating Method: delete_not_scheduled                                                            |
[2023-01-31 10:57:56,726] [builder.py:275]            [DEBUG]    | Value: True                                                                                        |
[2023-01-31 10:57:56,727] [builder.py:279]            [DEBUG]    |                                                                                                    |
[2023-01-31 10:57:56,727] [builder.py:280]            [DEBUG]    | Validating Method: schedule                                                                        |
[2023-01-31 10:57:56,727] [builder.py:284]            [DEBUG]    | Value: range(04/01-07/01)                                                                          |
[2023-01-31 10:57:56,731] [plex.py:687]               [DEBUG]    | Looking for: Seasonal Spring                                                                       |
[2023-01-31 10:57:56,731] [util.py:161]               [INFO]     |                                                                                                    |
                                                                 | Scheduled between April 1st and July 1st
                                                                 | 
                                                                 | Collection Seasonal Spring not scheduled to run and could not be found to delete
[2023-01-31 10:57:56,733] [plex_meta_manager.py:880]  [INFO]     | 
[2023-01-31 10:57:56,733] [util.py:209]               [INFO]     |====================================================================================================|
[2023-01-31 10:57:56,734] [util.py:216]               [INFO]     |                                Finished Seasonal Spring Collection                                 |
[2023-01-31 10:57:56,734] [util.py:216]               [INFO]     |                                    Collection Run Time: 0:00:00                                    |
[2023-01-31 10:57:56,735] [util.py:220]               [INFO]     |====================================================================================================|
[2023-01-31 10:57:56,737] [util.py:209]               [INFO]     |====================================================================================================|
[2023-01-31 10:57:56,738] [util.py:216]               [INFO]     |                                Seasonal Summer Collection in Anime                                 |
[2023-01-31 10:57:56,738] [util.py:220]               [INFO]     |====================================================================================================|
[2023-01-31 10:57:56,738] [plex_meta_manager.py:750]  [INFO]     |                                                                                                    |
[2023-01-31 10:57:56,739] [util.py:216]               [INFO]     |============================== Validating Seasonal Summer Attributes ===============================|
[2023-01-31 10:57:56,739] [builder.py:273]            [DEBUG]    |                                                                                                    |
[2023-01-31 10:57:56,739] [builder.py:274]            [DEBUG]    | Validating Method: delete_not_scheduled                                                            |
[2023-01-31 10:57:56,740] [builder.py:275]            [DEBUG]    | Value: True                                                                                        |
[2023-01-31 10:57:56,740] [builder.py:279]            [DEBUG]    |                                                                                                    |
[2023-01-31 10:57:56,740] [builder.py:280]            [DEBUG]    | Validating Method: schedule                                                                        |
[2023-01-31 10:57:56,741] [builder.py:284]            [DEBUG]    | Value: range(07/01-10/01)                                                                          |
[2023-01-31 10:57:56,744] [plex.py:687]               [DEBUG]    | Looking for: Seasonal Summer                                                                       |
[2023-01-31 10:57:56,744] [util.py:161]               [INFO]     |                                                                                                    |
                                                                 | Scheduled between July 1st and October 1st
                                                                 | 
                                                                 | Collection Seasonal Summer not scheduled to run and could not be found to delete
[2023-01-31 10:57:56,746] [plex_meta_manager.py:880]  [INFO]     | 
[2023-01-31 10:57:56,746] [util.py:209]               [INFO]     |====================================================================================================|
[2023-01-31 10:57:56,747] [util.py:216]               [INFO]     |                                Finished Seasonal Summer Collection                                 |
[2023-01-31 10:57:56,747] [util.py:216]               [INFO]     |                                    Collection Run Time: 0:00:00                                    |
[2023-01-31 10:57:56,748] [util.py:220]               [INFO]     |====================================================================================================|
[2023-01-31 10:57:56,750] [util.py:209]               [INFO]     |====================================================================================================|
[2023-01-31 10:57:56,750] [util.py:216]               [INFO]     |                                 Seasonal Fall Collection in Anime                                  |
[2023-01-31 10:57:56,751] [util.py:220]               [INFO]     |====================================================================================================|
[2023-01-31 10:57:56,752] [plex_meta_manager.py:750]  [INFO]     |                                                                                                    |
[2023-01-31 10:57:56,753] [util.py:216]               [INFO]     |=============================== Validating Seasonal Fall Attributes ================================|
[2023-01-31 10:57:56,753] [builder.py:273]            [DEBUG]    |                                                                                                    |
[2023-01-31 10:57:56,753] [builder.py:274]            [DEBUG]    | Validating Method: delete_not_scheduled                                                            |
[2023-01-31 10:57:56,754] [builder.py:275]            [DEBUG]    | Value: True                                                                                        |
[2023-01-31 10:57:56,754] [builder.py:279]            [DEBUG]    |                                                                                                    |
[2023-01-31 10:57:56,754] [builder.py:280]            [DEBUG]    | Validating Method: schedule                                                                        |
[2023-01-31 10:57:56,754] [builder.py:284]            [DEBUG]    | Value: range(10/01-01/01)                                                                          |
[2023-01-31 10:57:56,758] [plex.py:687]               [DEBUG]    | Looking for: Seasonal Fall                                                                         |
[2023-01-31 10:57:56,759] [util.py:161]               [INFO]     |                                                                                                    |
                                                                 | Scheduled between October 1st and January 1st
                                                                 | 
                                                                 | Collection Seasonal Fall not scheduled to run and could not be found to delete
[2023-01-31 10:57:56,760] [plex_meta_manager.py:880]  [INFO]     | 
[2023-01-31 10:57:56,761] [util.py:209]               [INFO]     |====================================================================================================|
[2023-01-31 10:57:56,761] [util.py:216]               [INFO]     |                                 Finished Seasonal Fall Collection                                  |
[2023-01-31 10:57:56,762] [util.py:216]               [INFO]     |                                    Collection Run Time: 0:00:00                                    |
[2023-01-31 10:57:56,762] [util.py:220]               [INFO]     |====================================================================================================|
[2023-01-31 10:57:56,764] [util.py:209]               [INFO]     |====================================================================================================|
[2023-01-31 10:57:56,765] [util.py:216]               [INFO]     |                                     Action Collection in Anime                                     |
[2023-01-31 10:57:56,765] [util.py:220]               [INFO]     |====================================================================================================|
[2023-01-31 10:57:56,766] [plex_meta_manager.py:750]  [INFO]     |                                                                                                    |
[2023-01-31 10:57:56,766] [util.py:216]               [INFO]     |=================================== Validating Action Attributes ===================================|
[2023-01-31 10:57:56,767] [builder.py:265]            [DEBUG]    |                                                                                                    |
[2023-01-31 10:57:56,767] [builder.py:266]            [DEBUG]    | Validating Method: template                                                                        |
[2023-01-31 10:57:56,767] [meta.py:83]                [DEBUG]    | Value: ordereddict([('name', 'Anime'), ('mal_id', 'Action'), ('poster', 'https://theposterdb.com/api/assets/213642')]) |
[2023-01-31 10:57:56,768] [builder.py:330]            [DEBUG]    |                                                                                                    |
[2023-01-31 10:57:56,768] [builder.py:331]            [DEBUG]    | Validating Method: sync_mode                                                                       |
[2023-01-31 10:57:56,768] [builder.py:335]            [DEBUG]    | Value: sync                                                                                        |
[2023-01-31 10:57:56,769] [builder.py:453]            [DEBUG]    |                                                                                                    |
[2023-01-31 10:57:56,769] [builder.py:454]            [DEBUG]    | Validating Method: collection_order                                                                |
[2023-01-31 10:57:56,769] [builder.py:455]            [DEBUG]    | Value: alpha                                                                                       |
[2023-01-31 10:57:56,770] [builder.py:472]            [DEBUG]    |                                                                                                    |
[2023-01-31 10:57:56,770] [builder.py:473]            [DEBUG]    | Validating Method: mal_search                                                                      |
[2023-01-31 10:57:56,770] [builder.py:474]            [DEBUG]    | Value: {'genre': 'Action'}                                                                         |
[2023-01-31 10:57:56,772] [util.py:162]               [DEBUG]    | Traceback (most recent call last):                                                                 |
                                                                 |   File "C:\Plex-Stack\Plex-Meta-Manager\plex_meta_manager.py", line 757, in run_collection
                                                                 |     builder = CollectionBuilder(config, library, metadata, mapping_name, no_missing, collection_attrs)
                                                                 |   File "C:\Plex-Stack\Plex-Meta-Manager\modules\builder.py", line 557, in __init__
                                                                 |     raise Failed(f"{self.Type} Error: {method_final} attribute not supported")
                                                                 | modules.util.Failed: Collection Error: mal_search attribute not supported
                                                                 | 
[2023-01-31 10:57:56,775] [util.py:159]               [ERROR]    | Collection Error: mal_search attribute not supported
[2023-01-31 10:57:56,775] [plex_meta_manager.py:880]  [INFO]     | 
[2023-01-31 10:57:56,776] [util.py:209]               [INFO]     |====================================================================================================|
[2023-01-31 10:57:56,776] [util.py:216]               [INFO]     |                                     Finished Action Collection                                     |
[2023-01-31 10:57:56,776] [util.py:216]               [INFO]     |                                    Collection Run Time: 0:00:00                                    |
[2023-01-31 10:57:56,777] [util.py:220]               [INFO]     |====================================================================================================|
[2023-01-31 10:57:56,779] [util.py:209]               [INFO]     |====================================================================================================|
[2023-01-31 10:57:56,779] [util.py:216]               [INFO]     |                                   Adventure Collection in Anime                                    |
[2023-01-31 10:57:56,780] [util.py:220]               [INFO]     |====================================================================================================|
[2023-01-31 10:57:56,780] [plex_meta_manager.py:750]  [INFO]     |                                                                                                    |
[2023-01-31 10:57:56,780] [util.py:216]               [INFO]     |================================= Validating Adventure Attributes ==================================|
[2023-01-31 10:57:56,781] [builder.py:265]            [DEBUG]    |                                                                                                    |
[2023-01-31 10:57:56,781] [builder.py:266]            [DEBUG]    | Validating Method: template                                                                        |
[2023-01-31 10:57:56,781] [meta.py:83]                [DEBUG]    | Value: ordereddict([('name', 'Anime'), ('mal_id', 'Adventure'), ('poster', 'https://theposterdb.com/api/assets/213632')]) |
[2023-01-31 10:57:56,782] [builder.py:330]            [DEBUG]    |                                                                                                    |
[2023-01-31 10:57:56,782] [builder.py:331]            [DEBUG]    | Validating Method: sync_mode                                                                       |
[2023-01-31 10:57:56,782] [builder.py:335]            [DEBUG]    | Value: sync                                                                                        |
[2023-01-31 10:57:56,783] [builder.py:453]            [DEBUG]    |                                                                                                    |
[2023-01-31 10:57:56,783] [builder.py:454]            [DEBUG]    | Validating Method: collection_order                                                                |
[2023-01-31 10:57:56,783] [builder.py:455]            [DEBUG]    | Value: alpha                                                                                       |
[2023-01-31 10:57:56,784] [builder.py:472]            [DEBUG]    |                                                                                                    |
[2023-01-31 10:57:56,784] [builder.py:473]            [DEBUG]    | Validating Method: mal_search                                                                      |
[2023-01-31 10:57:56,784] [builder.py:474]            [DEBUG]    | Value: {'genre': 'Adventure'}                                                                      |
[2023-01-31 10:57:56,785] [util.py:162]               [DEBUG]    | Traceback (most recent call last):                                                                 |
                                                                 |   File "C:\Plex-Stack\Plex-Meta-Manager\plex_meta_manager.py", line 757, in run_collection
                                                                 |     builder = CollectionBuilder(config, library, metadata, mapping_name, no_missing, collection_attrs)
                                                                 |   File "C:\Plex-Stack\Plex-Meta-Manager\modules\builder.py", line 557, in __init__
                                                                 |     raise Failed(f"{self.Type} Error: {method_final} attribute not supported")
                                                                 | modules.util.Failed: Collection Error: mal_search attribute not supported
                                                                 | 
[2023-01-31 10:57:56,786] [util.py:159]               [ERROR]    | Collection Error: mal_search attribute not supported
[2023-01-31 10:57:56,787] [plex_meta_manager.py:880]  [INFO]     | 
[2023-01-31 10:57:56,787] [util.py:209]               [INFO]     |====================================================================================================|
[2023-01-31 10:57:56,788] [util.py:216]               [INFO]     |                                   Finished Adventure Collection                                    |
[2023-01-31 10:57:56,788] [util.py:216]               [INFO]     |                                    Collection Run Time: 0:00:00                                    |
[2023-01-31 10:57:56,788] [util.py:220]               [INFO]     |====================================================================================================|
[2023-01-31 10:57:56,791] [util.py:209]               [INFO]     |====================================================================================================|
[2023-01-31 10:57:56,791] [util.py:216]               [INFO]     |                                  Avant Garde Collection in Anime                                   |
[2023-01-31 10:57:56,792] [util.py:220]               [INFO]     |====================================================================================================|
[2023-01-31 10:57:56,792] [plex_meta_manager.py:750]  [INFO]     |                                                                                                    |
[2023-01-31 10:57:56,793] [util.py:216]               [INFO]     |================================ Validating Avant Garde Attributes =================================|
[2023-01-31 10:57:56,793] [builder.py:265]            [DEBUG]    |                                                                                                    |
[2023-01-31 10:57:56,793] [builder.py:266]            [DEBUG]    | Validating Method: template                                                                        |
[2023-01-31 10:57:56,793] [meta.py:83]                [DEBUG]    | Value: ordereddict([('name', 'Anime'), ('mal_id', 5), ('poster', 'https://theposterdb.com/api/assets/240144')]) |
[2023-01-31 10:57:56,794] [builder.py:330]            [DEBUG]    |                                                                                                    |
[2023-01-31 10:57:56,794] [builder.py:331]            [DEBUG]    | Validating Method: sync_mode                                                                       |
[2023-01-31 10:57:56,794] [builder.py:335]            [DEBUG]    | Value: sync                                                                                        |
[2023-01-31 10:57:56,795] [builder.py:453]            [DEBUG]    |                                                                                                    |
[2023-01-31 10:57:56,795] [builder.py:454]            [DEBUG]    | Validating Method: collection_order                                                                |
[2023-01-31 10:57:56,795] [builder.py:455]            [DEBUG]    | Value: alpha                                                                                       |
[2023-01-31 10:57:56,795] [builder.py:472]            [DEBUG]    |                                                                                                    |
[2023-01-31 10:57:56,796] [builder.py:473]            [DEBUG]    | Validating Method: mal_search                                                                      |
[2023-01-31 10:57:56,796] [builder.py:474]            [DEBUG]    | Value: {'genre': 5}                                                                                |
[2023-01-31 10:57:56,796] [util.py:162]               [DEBUG]    | Traceback (most recent call last):                                                                 |
                                                                 |   File "C:\Plex-Stack\Plex-Meta-Manager\plex_meta_manager.py", line 757, in run_collection
                                                                 |     builder = CollectionBuilder(config, library, metadata, mapping_name, no_missing, collection_attrs)
                                                                 |   File "C:\Plex-Stack\Plex-Meta-Manager\modules\builder.py", line 557, in __init__
                                                                 |     raise Failed(f"{self.Type} Error: {method_final} attribute not supported")
                                                                 | modules.util.Failed: Collection Error: mal_search attribute not supported
                                                                 | 
[2023-01-31 10:57:56,799] [util.py:159]               [ERROR]    | Collection Error: mal_search attribute not supported
[2023-01-31 10:57:56,799] [plex_meta_manager.py:880]  [INFO]     | 
[2023-01-31 10:57:56,799] [util.py:209]               [INFO]     |====================================================================================================|
[2023-01-31 10:57:56,800] [util.py:216]               [INFO]     |                                  Finished Avant Garde Collection                                   |
[2023-01-31 10:57:56,800] [util.py:216]               [INFO]     |                                    Collection Run Time: 0:00:00                                    |
[2023-01-31 10:57:56,800] [util.py:220]               [INFO]     |====================================================================================================|
[2023-01-31 10:57:56,803] [util.py:209]               [INFO]     |====================================================================================================|
[2023-01-31 10:57:56,803] [util.py:216]               [INFO]     |                                   Boys Love Collection in Anime                                    |
[2023-01-31 10:57:56,804] [util.py:220]               [INFO]     |====================================================================================================|
[2023-01-31 10:57:56,804] [plex_meta_manager.py:750]  [INFO]     |                                                                                                    |
[2023-01-31 10:57:56,804] [util.py:216]               [INFO]     |================================= Validating Boys Love Attributes ==================================|
[2023-01-31 10:57:56,805] [builder.py:265]            [DEBUG]    |                                                                                                    |
[2023-01-31 10:57:56,805] [builder.py:266]            [DEBUG]    | Validating Method: template                                                                        |
[2023-01-31 10:57:56,805] [meta.py:83]                [DEBUG]    | Value: ordereddict([('name', 'Anime'), ('mal_id', 28), ('poster', 'https://theposterdb.com/api/assets/240145')]) |
[2023-01-31 10:57:56,806] [builder.py:330]            [DEBUG]    |                                                                                                    |
[2023-01-31 10:57:56,806] [builder.py:331]            [DEBUG]    | Validating Method: sync_mode                                                                       |
[2023-01-31 10:57:56,806] [builder.py:335]            [DEBUG]    | Value: sync                                                                                        |
[2023-01-31 10:57:56,807] [builder.py:453]            [DEBUG]    |                                                                                                    |
[2023-01-31 10:57:56,807] [builder.py:454]            [DEBUG]    | Validating Method: collection_order                                                                |
[2023-01-31 10:57:56,807] [builder.py:455]            [DEBUG]    | Value: alpha                                                                                       |
[2023-01-31 10:57:56,808] [builder.py:472]            [DEBUG]    |                                                                                                    |
[2023-01-31 10:57:56,808] [builder.py:473]            [DEBUG]    | Validating Method: mal_search                                                                      |
[2023-01-31 10:57:56,808] [builder.py:474]            [DEBUG]    | Value: {'genre': 28}                                                                               |
[2023-01-31 10:57:56,809] [util.py:162]               [DEBUG]    | Traceback (most recent call last):                                                                 |
                                                                 |   File "C:\Plex-Stack\Plex-Meta-Manager\plex_meta_manager.py", line 757, in run_collection
                                                                 |     builder = CollectionBuilder(config, library, metadata, mapping_name, no_missing, collection_attrs)
                                                                 |   File "C:\Plex-Stack\Plex-Meta-Manager\modules\builder.py", line 557, in __init__
                                                                 |     raise Failed(f"{self.Type} Error: {method_final} attribute not supported")
                                                                 | modules.util.Failed: Collection Error: mal_search attribute not supported
                                                                 | 
[2023-01-31 10:57:56,810] [util.py:159]               [ERROR]    | Collection Error: mal_search attribute not supported
[2023-01-31 10:57:56,811] [plex_meta_manager.py:880]  [INFO]     | 
[2023-01-31 10:57:56,811] [util.py:209]               [INFO]     |====================================================================================================|
[2023-01-31 10:57:56,812] [util.py:216]               [INFO]     |                                   Finished Boys Love Collection                                    |
[2023-01-31 10:57:56,812] [util.py:216]               [INFO]     |                                    Collection Run Time: 0:00:00                                    |
[2023-01-31 10:57:56,812] [util.py:220]               [INFO]     |====================================================================================================|
[2023-01-31 10:57:56,815] [util.py:209]               [INFO]     |====================================================================================================|
[2023-01-31 10:57:56,815] [util.py:216]               [INFO]     |                                     Comedy Collection in Anime                                     |
[2023-01-31 10:57:56,816] [util.py:220]               [INFO]     |====================================================================================================|
[2023-01-31 10:57:56,816] [plex_meta_manager.py:750]  [INFO]     |                                                                                                    |
[2023-01-31 10:57:56,817] [util.py:216]               [INFO]     |=================================== Validating Comedy Attributes ===================================|
[2023-01-31 10:57:56,817] [builder.py:265]            [DEBUG]    |                                                                                                    |
[2023-01-31 10:57:56,817] [builder.py:266]            [DEBUG]    | Validating Method: template                                                                        |
[2023-01-31 10:57:56,818] [meta.py:83]                [DEBUG]    | Value: ordereddict([('name', 'Anime'), ('mal_id', 4), ('poster', 'https://theposterdb.com/api/assets/213629')]) |
[2023-01-31 10:57:56,818] [builder.py:330]            [DEBUG]    |                                                                                                    |
[2023-01-31 10:57:56,818] [builder.py:331]            [DEBUG]    | Validating Method: sync_mode                                                                       |
[2023-01-31 10:57:56,819] [builder.py:335]            [DEBUG]    | Value: sync                                                                                        |
[2023-01-31 10:57:56,819] [builder.py:453]            [DEBUG]    |                                                                                                    |
[2023-01-31 10:57:56,819] [builder.py:454]            [DEBUG]    | Validating Method: collection_order                                                                |
[2023-01-31 10:57:56,819] [builder.py:455]            [DEBUG]    | Value: alpha                                                                                       |
[2023-01-31 10:57:56,820] [builder.py:472]            [DEBUG]    |                                                                                                    |
[2023-01-31 10:57:56,820] [builder.py:473]            [DEBUG]    | Validating Method: mal_search                                                                      |
[2023-01-31 10:57:56,820] [builder.py:474]            [DEBUG]    | Value: {'genre': 4}                                                                                |
[2023-01-31 10:57:56,821] [util.py:162]               [DEBUG]    | Traceback (most recent call last):                                                                 |
                                                                 |   File "C:\Plex-Stack\Plex-Meta-Manager\plex_meta_manager.py", line 757, in run_collection
                                                                 |     builder = CollectionBuilder(config, library, metadata, mapping_name, no_missing, collection_attrs)
                                                                 |   File "C:\Plex-Stack\Plex-Meta-Manager\modules\builder.py", line 557, in __init__
                                                                 |     raise Failed(f"{self.Type} Error: {method_final} attribute not supported")
                                                                 | modules.util.Failed: Collection Error: mal_search attribute not supported
                                                                 | 
[2023-01-31 10:57:56,823] [util.py:159]               [ERROR]    | Collection Error: mal_search attribute not supported
[2023-01-31 10:57:56,823] [plex_meta_manager.py:880]  [INFO]     | 
[2023-01-31 10:57:56,823] [util.py:209]               [INFO]     |====================================================================================================|
[2023-01-31 10:57:56,824] [util.py:216]               [INFO]     |                                     Finished Comedy Collection                                     |
[2023-01-31 10:57:56,824] [util.py:216]               [INFO]     |                                    Collection Run Time: 0:00:00                                    |
[2023-01-31 10:57:56,824] [util.py:220]               [INFO]     |====================================================================================================|
[2023-01-31 10:57:56,827] [util.py:209]               [INFO]     |====================================================================================================|
[2023-01-31 10:57:56,827] [util.py:216]               [INFO]     |                                     Drama Collection in Anime                                      |
[2023-01-31 10:57:56,827] [util.py:220]               [INFO]     |====================================================================================================|
[2023-01-31 10:57:56,828] [plex_meta_manager.py:750]  [INFO]     |                                                                                                    |
[2023-01-31 10:57:56,828] [util.py:216]               [INFO]     |=================================== Validating Drama Attributes ====================================|
[2023-01-31 10:57:56,829] [builder.py:265]            [DEBUG]    |                                                                                                    |
[2023-01-31 10:57:56,829] [builder.py:266]            [DEBUG]    | Validating Method: template                                                                        |
[2023-01-31 10:57:56,829] [meta.py:83]                [DEBUG]    | Value: ordereddict([('name', 'Anime'), ('mal_id', 8), ('poster', 'https://theposterdb.com/api/assets/213630')]) |
[2023-01-31 10:57:56,830] [builder.py:330]            [DEBUG]    |                                                                                                    |
[2023-01-31 10:57:56,830] [builder.py:331]            [DEBUG]    | Validating Method: sync_mode                                                                       |
[2023-01-31 10:57:56,830] [builder.py:335]            [DEBUG]    | Value: sync                                                                                        |
[2023-01-31 10:57:56,831] [builder.py:453]            [DEBUG]    |                                                                                                    |
[2023-01-31 10:57:56,831] [builder.py:454]            [DEBUG]    | Validating Method: collection_order                                                                |
[2023-01-31 10:57:56,831] [builder.py:455]            [DEBUG]    | Value: alpha                                                                                       |
[2023-01-31 10:57:56,832] [builder.py:472]            [DEBUG]    |                                                                                                    |
[2023-01-31 10:57:56,832] [builder.py:473]            [DEBUG]    | Validating Method: mal_search                                                                      |
[2023-01-31 10:57:56,832] [builder.py:474]            [DEBUG]    | Value: {'genre': 8}                                                                                |
[2023-01-31 10:57:56,833] [util.py:162]               [DEBUG]    | Traceback (most recent call last):                                                                 |
                                                                 |   File "C:\Plex-Stack\Plex-Meta-Manager\plex_meta_manager.py", line 757, in run_collection
                                                                 |     builder = CollectionBuilder(config, library, metadata, mapping_name, no_missing, collection_attrs)
                                                                 |   File "C:\Plex-Stack\Plex-Meta-Manager\modules\builder.py", line 557, in __init__
                                                                 |     raise Failed(f"{self.Type} Error: {method_final} attribute not supported")
                                                                 | modules.util.Failed: Collection Error: mal_search attribute not supported
                                                                 | 
[2023-01-31 10:57:56,835] [util.py:159]               [ERROR]    | Collection Error: mal_search attribute not supported
[2023-01-31 10:57:56,835] [plex_meta_manager.py:880]  [INFO]     | 
[2023-01-31 10:57:56,835] [util.py:209]               [INFO]     |====================================================================================================|
[2023-01-31 10:57:56,836] [util.py:216]               [INFO]     |                                     Finished Drama Collection                                      |
[2023-01-31 10:57:56,836] [util.py:216]               [INFO]     |                                    Collection Run Time: 0:00:00                                    |
[2023-01-31 10:57:56,836] [util.py:220]               [INFO]     |====================================================================================================|
[2023-01-31 10:57:56,838] [util.py:209]               [INFO]     |====================================================================================================|
[2023-01-31 10:57:56,839] [util.py:216]               [INFO]     |                                    Fantasy Collection in Anime                                     |
[2023-01-31 10:57:56,839] [util.py:220]               [INFO]     |====================================================================================================|
[2023-01-31 10:57:56,840] [plex_meta_manager.py:750]  [INFO]     |                                                                                                    |
[2023-01-31 10:57:56,840] [util.py:216]               [INFO]     |================================== Validating Fantasy Attributes ===================================|
[2023-01-31 10:57:56,840] [builder.py:265]            [DEBUG]    |                                                                                                    |
[2023-01-31 10:57:56,841] [builder.py:266]            [DEBUG]    | Validating Method: template                                                                        |
[2023-01-31 10:57:56,841] [meta.py:83]                [DEBUG]    | Value: ordereddict([('name', 'Anime'), ('mal_id', 10), ('poster', 'https://theposterdb.com/api/assets/213631')]) |
[2023-01-31 10:57:56,841] [builder.py:330]            [DEBUG]    |                                                                                                    |
[2023-01-31 10:57:56,842] [builder.py:331]            [DEBUG]    | Validating Method: sync_mode                                                                       |
[2023-01-31 10:57:56,842] [builder.py:335]            [DEBUG]    | Value: sync                                                                                        |
[2023-01-31 10:57:56,842] [builder.py:453]            [DEBUG]    |                                                                                                    |
[2023-01-31 10:57:56,842] [builder.py:454]            [DEBUG]    | Validating Method: collection_order                                                                |
[2023-01-31 10:57:56,843] [builder.py:455]            [DEBUG]    | Value: alpha                                                                                       |
[2023-01-31 10:57:56,843] [builder.py:472]            [DEBUG]    |                                                                                                    |
[2023-01-31 10:57:56,843] [builder.py:473]            [DEBUG]    | Validating Method: mal_search                                                                      |
[2023-01-31 10:57:56,844] [builder.py:474]            [DEBUG]    | Value: {'genre': 10}                                                                               |
[2023-01-31 10:57:56,844] [util.py:162]               [DEBUG]    | Traceback (most recent call last):                                                                 |
                                                                 |   File "C:\Plex-Stack\Plex-Meta-Manager\plex_meta_manager.py", line 757, in run_collection
                                                                 |     builder = CollectionBuilder(config, library, metadata, mapping_name, no_missing, collection_attrs)
                                                                 |   File "C:\Plex-Stack\Plex-Meta-Manager\modules\builder.py", line 557, in __init__
                                                                 |     raise Failed(f"{self.Type} Error: {method_final} attribute not supported")
                                                                 | modules.util.Failed: Collection Error: mal_search attribute not supported
                                                                 | 
[2023-01-31 10:57:56,846] [util.py:159]               [ERROR]    | Collection Error: mal_search attribute not supported
[2023-01-31 10:57:56,847] [plex_meta_manager.py:880]  [INFO]     | 
[2023-01-31 10:57:56,847] [util.py:209]               [INFO]     |====================================================================================================|
[2023-01-31 10:57:56,847] [util.py:216]               [INFO]     |                                    Finished Fantasy Collection                                     |
[2023-01-31 10:57:56,848] [util.py:216]               [INFO]     |                                    Collection Run Time: 0:00:00                                    |
[2023-01-31 10:57:56,848] [util.py:220]               [INFO]     |====================================================================================================|
[2023-01-31 10:57:56,850] [util.py:209]               [INFO]     |====================================================================================================|
[2023-01-31 10:57:56,851] [util.py:216]               [INFO]     |                                   Girls Love Collection in Anime                                   |
[2023-01-31 10:57:56,851] [util.py:220]               [INFO]     |====================================================================================================|
[2023-01-31 10:57:56,851] [plex_meta_manager.py:750]  [INFO]     |                                                                                                    |
[2023-01-31 10:57:56,852] [util.py:216]               [INFO]     |================================= Validating Girls Love Attributes =================================|
[2023-01-31 10:57:56,852] [builder.py:265]            [DEBUG]    |                                                                                                    |
[2023-01-31 10:57:56,852] [builder.py:266]            [DEBUG]    | Validating Method: template                                                                        |
[2023-01-31 10:57:56,853] [meta.py:83]                [DEBUG]    | Value: ordereddict([('name', 'Anime'), ('mal_id', 26), ('poster', 'https://theposterdb.com/api/assets/240152')]) |
[2023-01-31 10:57:56,853] [builder.py:330]            [DEBUG]    |                                                                                                    |
[2023-01-31 10:57:56,853] [builder.py:331]            [DEBUG]    | Validating Method: sync_mode                                                                       |
[2023-01-31 10:57:56,854] [builder.py:335]            [DEBUG]    | Value: sync                                                                                        |
[2023-01-31 10:57:56,854] [builder.py:453]            [DEBUG]    |                                                                                                    |
[2023-01-31 10:57:56,854] [builder.py:454]            [DEBUG]    | Validating Method: collection_order                                                                |
[2023-01-31 10:57:56,854] [builder.py:455]            [DEBUG]    | Value: alpha                                                                                       |
[2023-01-31 10:57:56,855] [builder.py:472]            [DEBUG]    |                                                                                                    |
[2023-01-31 10:57:56,855] [builder.py:473]            [DEBUG]    | Validating Method: mal_search                                                                      |
[2023-01-31 10:57:56,855] [builder.py:474]            [DEBUG]    | Value: {'genre': 26}                                                                               |
[2023-01-31 10:57:56,856] [util.py:162]               [DEBUG]    | Traceback (most recent call last):                                                                 |
                                                                 |   File "C:\Plex-Stack\Plex-Meta-Manager\plex_meta_manager.py", line 757, in run_collection
                                                                 |     builder = CollectionBuilder(config, library, metadata, mapping_name, no_missing, collection_attrs)
                                                                 |   File "C:\Plex-Stack\Plex-Meta-Manager\modules\builder.py", line 557, in __init__
                                                                 |     raise Failed(f"{self.Type} Error: {method_final} attribute not supported")
                                                                 | modules.util.Failed: Collection Error: mal_search attribute not supported
                                                                 | 
[2023-01-31 10:57:56,858] [util.py:159]               [ERROR]    | Collection Error: mal_search attribute not supported
[2023-01-31 10:57:56,858] [plex_meta_manager.py:880]  [INFO]     | 
[2023-01-31 10:57:56,859] [util.py:209]               [INFO]     |====================================================================================================|
[2023-01-31 10:57:56,859] [util.py:216]               [INFO]     |                                   Finished Girls Love Collection                                   |
[2023-01-31 10:57:56,859] [util.py:216]               [INFO]     |                                    Collection Run Time: 0:00:00                                    |
[2023-01-31 10:57:56,860] [util.py:220]               [INFO]     |====================================================================================================|
[2023-01-31 10:57:56,863] [util.py:209]               [INFO]     |====================================================================================================|
[2023-01-31 10:57:56,864] [util.py:216]               [INFO]     |                                    Gourmet Collection in Anime                                     |
[2023-01-31 10:57:56,864] [util.py:220]               [INFO]     |====================================================================================================|
[2023-01-31 10:57:56,865] [plex_meta_manager.py:750]  [INFO]     |                                                                                                    |
[2023-01-31 10:57:56,865] [util.py:216]               [INFO]     |================================== Validating Gourmet Attributes ===================================|
[2023-01-31 10:57:56,865] [builder.py:265]            [DEBUG]    |                                                                                                    |
[2023-01-31 10:57:56,866] [builder.py:266]            [DEBUG]    | Validating Method: template                                                                        |
[2023-01-31 10:57:56,866] [meta.py:83]                [DEBUG]    | Value: ordereddict([('name', 'Anime'), ('mal_id', 47), ('poster', 'https://theposterdb.com/api/assets/240874')]) |
[2023-01-31 10:57:56,866] [builder.py:330]            [DEBUG]    |                                                                                                    |
[2023-01-31 10:57:56,866] [builder.py:331]            [DEBUG]    | Validating Method: sync_mode                                                                       |
[2023-01-31 10:57:56,867] [builder.py:335]            [DEBUG]    | Value: sync                                                                                        |
[2023-01-31 10:57:56,867] [builder.py:453]            [DEBUG]    |                                                                                                    |
[2023-01-31 10:57:56,867] [builder.py:454]            [DEBUG]    | Validating Method: collection_order                                                                |
[2023-01-31 10:57:56,868] [builder.py:455]            [DEBUG]    | Value: alpha                                                                                       |
[2023-01-31 10:57:56,868] [builder.py:472]            [DEBUG]    |                                                                                                    |
[2023-01-31 10:57:56,868] [builder.py:473]            [DEBUG]    | Validating Method: mal_search                                                                      |
[2023-01-31 10:57:56,868] [builder.py:474]            [DEBUG]    | Value: {'genre': 47}                                                                               |
[2023-01-31 10:57:56,869] [util.py:162]               [DEBUG]    | Traceback (most recent call last):                                                                 |
                                                                 |   File "C:\Plex-Stack\Plex-Meta-Manager\plex_meta_manager.py", line 757, in run_collection
                                                                 |     builder = CollectionBuilder(config, library, metadata, mapping_name, no_missing, collection_attrs)
                                                                 |   File "C:\Plex-Stack\Plex-Meta-Manager\modules\builder.py", line 557, in __init__
                                                                 |     raise Failed(f"{self.Type} Error: {method_final} attribute not supported")
                                                                 | modules.util.Failed: Collection Error: mal_search attribute not supported
                                                                 | 
[2023-01-31 10:57:56,871] [util.py:159]               [ERROR]    | Collection Error: mal_search attribute not supported
[2023-01-31 10:57:56,871] [plex_meta_manager.py:880]  [INFO]     | 
[2023-01-31 10:57:56,872] [util.py:209]               [INFO]     |====================================================================================================|
[2023-01-31 10:57:56,872] [util.py:216]               [INFO]     |                                    Finished Gourmet Collection                                     |
[2023-01-31 10:57:56,873] [util.py:216]               [INFO]     |                                    Collection Run Time: 0:00:00                                    |
[2023-01-31 10:57:56,873] [util.py:220]               [INFO]     |====================================================================================================|
[2023-01-31 10:57:56,875] [util.py:209]               [INFO]     |====================================================================================================|
[2023-01-31 10:57:56,876] [util.py:216]               [INFO]     |                                     Horror Collection in Anime                                     |
[2023-01-31 10:57:56,877] [util.py:220]               [INFO]     |====================================================================================================|
[2023-01-31 10:57:56,877] [plex_meta_manager.py:750]  [INFO]     |                                                                                                    |
[2023-01-31 10:57:56,878] [util.py:216]               [INFO]     |=================================== Validating Horror Attributes ===================================|
[2023-01-31 10:57:56,878] [builder.py:265]            [DEBUG]    |                                                                                                    |
[2023-01-31 10:57:56,878] [builder.py:266]            [DEBUG]    | Validating Method: template                                                                        |
[2023-01-31 10:57:56,879] [meta.py:83]                [DEBUG]    | Value: ordereddict([('name', 'Anime'), ('mal_id', 14), ('poster', 'https://theposterdb.com/api/assets/240855')]) |
[2023-01-31 10:57:56,879] [builder.py:330]            [DEBUG]    |                                                                                                    |
[2023-01-31 10:57:56,879] [builder.py:331]            [DEBUG]    | Validating Method: sync_mode                                                                       |
[2023-01-31 10:57:56,879] [builder.py:335]            [DEBUG]    | Value: sync                                                                                        |
[2023-01-31 10:57:56,880] [builder.py:453]            [DEBUG]    |                                                                                                    |
[2023-01-31 10:57:56,880] [builder.py:454]            [DEBUG]    | Validating Method: collection_order                                                                |
[2023-01-31 10:57:56,880] [builder.py:455]            [DEBUG]    | Value: alpha                                                                                       |
[2023-01-31 10:57:56,881] [builder.py:472]            [DEBUG]    |                                                                                                    |
[2023-01-31 10:57:56,881] [builder.py:473]            [DEBUG]    | Validating Method: mal_search                                                                      |
[2023-01-31 10:57:56,881] [builder.py:474]            [DEBUG]    | Value: {'genre': 14}                                                                               |
[2023-01-31 10:57:56,882] [util.py:162]               [DEBUG]    | Traceback (most recent call last):                                                                 |
                                                                 |   File "C:\Plex-Stack\Plex-Meta-Manager\plex_meta_manager.py", line 757, in run_collection
                                                                 |     builder = CollectionBuilder(config, library, metadata, mapping_name, no_missing, collection_attrs)
                                                                 |   File "C:\Plex-Stack\Plex-Meta-Manager\modules\builder.py", line 557, in __init__
                                                                 |     raise Failed(f"{self.Type} Error: {method_final} attribute not supported")
                                                                 | modules.util.Failed: Collection Error: mal_search attribute not supported
                                                                 | 
[2023-01-31 10:57:56,883] [util.py:159]               [ERROR]    | Collection Error: mal_search attribute not supported
[2023-01-31 10:57:56,884] [plex_meta_manager.py:880]  [INFO]     | 
[2023-01-31 10:57:56,884] [util.py:209]               [INFO]     |====================================================================================================|
[2023-01-31 10:57:56,885] [util.py:216]               [INFO]     |                                     Finished Horror Collection                                     |
[2023-01-31 10:57:56,885] [util.py:216]               [INFO]     |                                    Collection Run Time: 0:00:00                                    |
[2023-01-31 10:57:56,886] [util.py:220]               [INFO]     |====================================================================================================|
[2023-01-31 10:57:56,888] [util.py:209]               [INFO]     |====================================================================================================|
[2023-01-31 10:57:56,888] [util.py:216]               [INFO]     |                                    Mystery Collection in Anime                                     |
[2023-01-31 10:57:56,889] [util.py:220]               [INFO]     |====================================================================================================|
[2023-01-31 10:57:56,889] [plex_meta_manager.py:750]  [INFO]     |                                                                                                    |
[2023-01-31 10:57:56,890] [util.py:216]               [INFO]     |================================== Validating Mystery Attributes ===================================|
[2023-01-31 10:57:56,890] [builder.py:265]            [DEBUG]    |                                                                                                    |
[2023-01-31 10:57:56,890] [builder.py:266]            [DEBUG]    | Validating Method: template                                                                        |
[2023-01-31 10:57:56,890] [meta.py:83]                [DEBUG]    | Value: ordereddict([('name', 'Anime'), ('mal_id', 7), ('poster', 'https://theposterdb.com/api/assets/240863')]) |
[2023-01-31 10:57:56,891] [builder.py:330]            [DEBUG]    |                                                                                                    |
[2023-01-31 10:57:56,891] [builder.py:331]            [DEBUG]    | Validating Method: sync_mode                                                                       |
[2023-01-31 10:57:56,891] [builder.py:335]            [DEBUG]    | Value: sync                                                                                        |
[2023-01-31 10:57:56,892] [builder.py:453]            [DEBUG]    |                                                                                                    |
[2023-01-31 10:57:56,892] [builder.py:454]            [DEBUG]    | Validating Method: collection_order                                                                |
[2023-01-31 10:57:56,892] [builder.py:455]            [DEBUG]    | Value: alpha                                                                                       |
[2023-01-31 10:57:56,892] [builder.py:472]            [DEBUG]    |                                                                                                    |
[2023-01-31 10:57:56,893] [builder.py:473]            [DEBUG]    | Validating Method: mal_search                                                                      |
[2023-01-31 10:57:56,893] [builder.py:474]            [DEBUG]    | Value: {'genre': 7}                                                                                |
[2023-01-31 10:57:56,893] [util.py:162]               [DEBUG]    | Traceback (most recent call last):                                                                 |
                                                                 |   File "C:\Plex-Stack\Plex-Meta-Manager\plex_meta_manager.py", line 757, in run_collection
                                                                 |     builder = CollectionBuilder(config, library, metadata, mapping_name, no_missing, collection_attrs)
                                                                 |   File "C:\Plex-Stack\Plex-Meta-Manager\modules\builder.py", line 557, in __init__
                                                                 |     raise Failed(f"{self.Type} Error: {method_final} attribute not supported")
                                                                 | modules.util.Failed: Collection Error: mal_search attribute not supported
                                                                 | 
[2023-01-31 10:57:56,895] [util.py:159]               [ERROR]    | Collection Error: mal_search attribute not supported
[2023-01-31 10:57:56,896] [plex_meta_manager.py:880]  [INFO]     | 
[2023-01-31 10:57:56,896] [util.py:209]               [INFO]     |====================================================================================================|
[2023-01-31 10:57:56,896] [util.py:216]               [INFO]     |                                    Finished Mystery Collection                                     |
[2023-01-31 10:57:56,897] [util.py:216]               [INFO]     |                                    Collection Run Time: 0:00:00                                    |
[2023-01-31 10:57:56,897] [util.py:220]               [INFO]     |====================================================================================================|
[2023-01-31 10:57:56,899] [util.py:209]               [INFO]     |====================================================================================================|
[2023-01-31 10:57:56,900] [util.py:216]               [INFO]     |                                    Romance Collection in Anime                                     |
[2023-01-31 10:57:56,900] [util.py:220]               [INFO]     |====================================================================================================|
[2023-01-31 10:57:56,901] [plex_meta_manager.py:750]  [INFO]     |                                                                                                    |
[2023-01-31 10:57:56,901] [util.py:216]               [INFO]     |================================== Validating Romance Attributes ===================================|
[2023-01-31 10:57:56,901] [builder.py:265]            [DEBUG]    |                                                                                                    |
[2023-01-31 10:57:56,902] [builder.py:266]            [DEBUG]    | Validating Method: template                                                                        |
[2023-01-31 10:57:56,902] [meta.py:83]                [DEBUG]    | Value: ordereddict([('name', 'Anime'), ('mal_id', 22), ('poster', 'https://theposterdb.com/api/assets/213637')]) |
[2023-01-31 10:57:56,902] [builder.py:330]            [DEBUG]    |                                                                                                    |
[2023-01-31 10:57:56,903] [builder.py:331]            [DEBUG]    | Validating Method: sync_mode                                                                       |
[2023-01-31 10:57:56,903] [builder.py:335]            [DEBUG]    | Value: sync                                                                                        |
[2023-01-31 10:57:56,903] [builder.py:453]            [DEBUG]    |                                                                                                    |
[2023-01-31 10:57:56,904] [builder.py:454]            [DEBUG]    | Validating Method: collection_order                                                                |
[2023-01-31 10:57:56,904] [builder.py:455]            [DEBUG]    | Value: alpha                                                                                       |
[2023-01-31 10:57:56,904] [builder.py:472]            [DEBUG]    |                                                                                                    |
[2023-01-31 10:57:56,904] [builder.py:473]            [DEBUG]    | Validating Method: mal_search                                                                      |
[2023-01-31 10:57:56,905] [builder.py:474]            [DEBUG]    | Value: {'genre': 22}                                                                               |
[2023-01-31 10:57:56,905] [util.py:162]               [DEBUG]    | Traceback (most recent call last):                                                                 |
                                                                 |   File "C:\Plex-Stack\Plex-Meta-Manager\plex_meta_manager.py", line 757, in run_collection
                                                                 |     builder = CollectionBuilder(config, library, metadata, mapping_name, no_missing, collection_attrs)
                                                                 |   File "C:\Plex-Stack\Plex-Meta-Manager\modules\builder.py", line 557, in __init__
                                                                 |     raise Failed(f"{self.Type} Error: {method_final} attribute not supported")
                                                                 | modules.util.Failed: Collection Error: mal_search attribute not supported
                                                                 | 
[2023-01-31 10:57:56,907] [util.py:159]               [ERROR]    | Collection Error: mal_search attribute not supported
[2023-01-31 10:57:56,908] [plex_meta_manager.py:880]  [INFO]     | 
[2023-01-31 10:57:56,908] [util.py:209]               [INFO]     |====================================================================================================|
[2023-01-31 10:57:56,908] [util.py:216]               [INFO]     |                                    Finished Romance Collection                                     |
[2023-01-31 10:57:56,909] [util.py:216]               [INFO]     |                                    Collection Run Time: 0:00:00                                    |
[2023-01-31 10:57:56,909] [util.py:220]               [INFO]     |====================================================================================================|
[2023-01-31 10:57:56,911] [util.py:209]               [INFO]     |====================================================================================================|
[2023-01-31 10:57:56,912] [util.py:216]               [INFO]     |                                     Sci-Fi Collection in Anime                                     |
[2023-01-31 10:57:56,912] [util.py:220]               [INFO]     |====================================================================================================|
[2023-01-31 10:57:56,912] [plex_meta_manager.py:750]  [INFO]     |                                                                                                    |
[2023-01-31 10:57:56,913] [util.py:216]               [INFO]     |=================================== Validating Sci-Fi Attributes ===================================|
[2023-01-31 10:57:56,913] [builder.py:265]            [DEBUG]    |                                                                                                    |
[2023-01-31 10:57:56,914] [builder.py:266]            [DEBUG]    | Validating Method: template                                                                        |
[2023-01-31 10:57:56,914] [meta.py:83]                [DEBUG]    | Value: ordereddict([('name', 'Anime'), ('mal_id', 24), ('poster', 'https://theposterdb.com/api/assets/213635')]) |
[2023-01-31 10:57:56,914] [builder.py:330]            [DEBUG]    |                                                                                                    |
[2023-01-31 10:57:56,915] [builder.py:331]            [DEBUG]    | Validating Method: sync_mode                                                                       |
[2023-01-31 10:57:56,915] [builder.py:335]            [DEBUG]    | Value: sync                                                                                        |
[2023-01-31 10:57:56,915] [builder.py:453]            [DEBUG]    |                                                                                                    |
[2023-01-31 10:57:56,916] [builder.py:454]            [DEBUG]    | Validating Method: collection_order                                                                |
[2023-01-31 10:57:56,916] [builder.py:455]            [DEBUG]    | Value: alpha                                                                                       |
[2023-01-31 10:57:56,916] [builder.py:472]            [DEBUG]    |                                                                                                    |
[2023-01-31 10:57:56,916] [builder.py:473]            [DEBUG]    | Validating Method: mal_search                                                                      |
[2023-01-31 10:57:56,917] [builder.py:474]            [DEBUG]    | Value: {'genre': 24}                                                                               |
[2023-01-31 10:57:56,917] [util.py:162]               [DEBUG]    | Traceback (most recent call last):                                                                 |
                                                                 |   File "C:\Plex-Stack\Plex-Meta-Manager\plex_meta_manager.py", line 757, in run_collection
                                                                 |     builder = CollectionBuilder(config, library, metadata, mapping_name, no_missing, collection_attrs)
                                                                 |   File "C:\Plex-Stack\Plex-Meta-Manager\modules\builder.py", line 557, in __init__
                                                                 |     raise Failed(f"{self.Type} Error: {method_final} attribute not supported")
                                                                 | modules.util.Failed: Collection Error: mal_search attribute not supported
                                                                 | 
[2023-01-31 10:57:56,919] [util.py:159]               [ERROR]    | Collection Error: mal_search attribute not supported
[2023-01-31 10:57:56,919] [plex_meta_manager.py:880]  [INFO]     | 
[2023-01-31 10:57:56,919] [util.py:209]               [INFO]     |====================================================================================================|
[2023-01-31 10:57:56,920] [util.py:216]               [INFO]     |                                     Finished Sci-Fi Collection                                     |
[2023-01-31 10:57:56,920] [util.py:216]               [INFO]     |                                    Collection Run Time: 0:00:00                                    |
[2023-01-31 10:57:56,920] [util.py:220]               [INFO]     |====================================================================================================|
[2023-01-31 10:57:56,922] [util.py:209]               [INFO]     |====================================================================================================|
[2023-01-31 10:57:56,923] [util.py:216]               [INFO]     |                                 Slice of Life Collection in Anime                                  |
[2023-01-31 10:57:56,923] [util.py:220]               [INFO]     |====================================================================================================|
[2023-01-31 10:57:56,924] [plex_meta_manager.py:750]  [INFO]     |                                                                                                    |
[2023-01-31 10:57:56,924] [util.py:216]               [INFO]     |=============================== Validating Slice of Life Attributes ================================|
[2023-01-31 10:57:56,925] [builder.py:265]            [DEBUG]    |                                                                                                    |
[2023-01-31 10:57:56,925] [builder.py:266]            [DEBUG]    | Validating Method: template                                                                        |
[2023-01-31 10:57:56,925] [meta.py:83]                [DEBUG]    | Value: ordereddict([('name', 'Anime'), ('mal_id', 36), ('poster', 'https://theposterdb.com/api/assets/213663')]) |
[2023-01-31 10:57:56,926] [builder.py:330]            [DEBUG]    |                                                                                                    |
[2023-01-31 10:57:56,926] [builder.py:331]            [DEBUG]    | Validating Method: sync_mode                                                                       |
[2023-01-31 10:57:56,926] [builder.py:335]            [DEBUG]    | Value: sync                                                                                        |
[2023-01-31 10:57:56,926] [builder.py:453]            [DEBUG]    |                                                                                                    |
[2023-01-31 10:57:56,927] [builder.py:454]            [DEBUG]    | Validating Method: collection_order                                                                |
[2023-01-31 10:57:56,927] [builder.py:455]            [DEBUG]    | Value: alpha                                                                                       |
[2023-01-31 10:57:56,928] [builder.py:472]            [DEBUG]    |                                                                                                    |
[2023-01-31 10:57:56,928] [builder.py:473]            [DEBUG]    | Validating Method: mal_search                                                                      |
[2023-01-31 10:57:56,928] [builder.py:474]            [DEBUG]    | Value: {'genre': 36}                                                                               |
[2023-01-31 10:57:56,929] [util.py:162]               [DEBUG]    | Traceback (most recent call last):                                                                 |
                                                                 |   File "C:\Plex-Stack\Plex-Meta-Manager\plex_meta_manager.py", line 757, in run_collection
                                                                 |     builder = CollectionBuilder(config, library, metadata, mapping_name, no_missing, collection_attrs)
                                                                 |   File "C:\Plex-Stack\Plex-Meta-Manager\modules\builder.py", line 557, in __init__
                                                                 |     raise Failed(f"{self.Type} Error: {method_final} attribute not supported")
                                                                 | modules.util.Failed: Collection Error: mal_search attribute not supported
                                                                 | 
[2023-01-31 10:57:56,931] [util.py:159]               [ERROR]    | Collection Error: mal_search attribute not supported
[2023-01-31 10:57:56,931] [plex_meta_manager.py:880]  [INFO]     | 
[2023-01-31 10:57:56,931] [util.py:209]               [INFO]     |====================================================================================================|
[2023-01-31 10:57:56,932] [util.py:216]               [INFO]     |                                 Finished Slice of Life Collection                                  |
[2023-01-31 10:57:56,932] [util.py:216]               [INFO]     |                                    Collection Run Time: 0:00:00                                    |
[2023-01-31 10:57:56,932] [util.py:220]               [INFO]     |====================================================================================================|
[2023-01-31 10:57:56,935] [util.py:209]               [INFO]     |====================================================================================================|
[2023-01-31 10:57:56,935] [util.py:216]               [INFO]     |                                     Sports Collection in Anime                                     |
[2023-01-31 10:57:56,935] [util.py:220]               [INFO]     |====================================================================================================|
[2023-01-31 10:57:56,936] [plex_meta_manager.py:750]  [INFO]     |                                                                                                    |
[2023-01-31 10:57:56,936] [util.py:216]               [INFO]     |=================================== Validating Sports Attributes ===================================|
[2023-01-31 10:57:56,937] [builder.py:265]            [DEBUG]    |                                                                                                    |
[2023-01-31 10:57:56,937] [builder.py:266]            [DEBUG]    | Validating Method: template                                                                        |
[2023-01-31 10:57:56,937] [meta.py:83]                [DEBUG]    | Value: ordereddict([('name', 'Anime'), ('mal_id', 30), ('poster', 'https://theposterdb.com/api/assets/213634')]) |
[2023-01-31 10:57:56,938] [builder.py:330]            [DEBUG]    |                                                                                                    |
[2023-01-31 10:57:56,938] [builder.py:331]            [DEBUG]    | Validating Method: sync_mode                                                                       |
[2023-01-31 10:57:56,938] [builder.py:335]            [DEBUG]    | Value: sync                                                                                        |
[2023-01-31 10:57:56,939] [builder.py:453]            [DEBUG]    |                                                                                                    |
[2023-01-31 10:57:56,939] [builder.py:454]            [DEBUG]    | Validating Method: collection_order                                                                |
[2023-01-31 10:57:56,939] [builder.py:455]            [DEBUG]    | Value: alpha                                                                                       |
[2023-01-31 10:57:56,939] [builder.py:472]            [DEBUG]    |                                                                                                    |
[2023-01-31 10:57:56,940] [builder.py:473]            [DEBUG]    | Validating Method: mal_search                                                                      |
[2023-01-31 10:57:56,940] [builder.py:474]            [DEBUG]    | Value: {'genre': 30}                                                                               |
[2023-01-31 10:57:56,940] [util.py:162]               [DEBUG]    | Traceback (most recent call last):                                                                 |
                                                                 |   File "C:\Plex-Stack\Plex-Meta-Manager\plex_meta_manager.py", line 757, in run_collection
                                                                 |     builder = CollectionBuilder(config, library, metadata, mapping_name, no_missing, collection_attrs)
                                                                 |   File "C:\Plex-Stack\Plex-Meta-Manager\modules\builder.py", line 557, in __init__
                                                                 |     raise Failed(f"{self.Type} Error: {method_final} attribute not supported")
                                                                 | modules.util.Failed: Collection Error: mal_search attribute not supported
                                                                 | 
[2023-01-31 10:57:56,943] [util.py:159]               [ERROR]    | Collection Error: mal_search attribute not supported
[2023-01-31 10:57:56,943] [plex_meta_manager.py:880]  [INFO]     | 
[2023-01-31 10:57:56,943] [util.py:209]               [INFO]     |====================================================================================================|
[2023-01-31 10:57:56,944] [util.py:216]               [INFO]     |                                     Finished Sports Collection                                     |
[2023-01-31 10:57:56,944] [util.py:216]               [INFO]     |                                    Collection Run Time: 0:00:00                                    |
[2023-01-31 10:57:56,944] [util.py:220]               [INFO]     |====================================================================================================|
[2023-01-31 10:57:56,947] [util.py:209]               [INFO]     |====================================================================================================|
[2023-01-31 10:57:56,947] [util.py:216]               [INFO]     |                                  Supernatural Collection in Anime                                  |
[2023-01-31 10:57:56,947] [util.py:220]               [INFO]     |====================================================================================================|
[2023-01-31 10:57:56,948] [plex_meta_manager.py:750]  [INFO]     |                                                                                                    |
[2023-01-31 10:57:56,948] [util.py:216]               [INFO]     |================================ Validating Supernatural Attributes ================================|
[2023-01-31 10:57:56,949] [builder.py:265]            [DEBUG]    |                                                                                                    |
[2023-01-31 10:57:56,949] [builder.py:266]            [DEBUG]    | Validating Method: template                                                                        |
[2023-01-31 10:57:56,949] [meta.py:83]                [DEBUG]    | Value: ordereddict([('name', 'Anime'), ('mal_id', 37), ('poster', 'https://theposterdb.com/api/assets/213670')]) |
[2023-01-31 10:57:56,950] [builder.py:330]            [DEBUG]    |                                                                                                    |
[2023-01-31 10:57:56,950] [builder.py:331]            [DEBUG]    | Validating Method: sync_mode                                                                       |
[2023-01-31 10:57:56,950] [builder.py:335]            [DEBUG]    | Value: sync                                                                                        |
[2023-01-31 10:57:56,950] [builder.py:453]            [DEBUG]    |                                                                                                    |
[2023-01-31 10:57:56,951] [builder.py:454]            [DEBUG]    | Validating Method: collection_order                                                                |
[2023-01-31 10:57:56,951] [builder.py:455]            [DEBUG]    | Value: alpha                                                                                       |
[2023-01-31 10:57:56,951] [builder.py:472]            [DEBUG]    |                                                                                                    |
[2023-01-31 10:57:56,951] [builder.py:473]            [DEBUG]    | Validating Method: mal_search                                                                      |
[2023-01-31 10:57:56,952] [builder.py:474]            [DEBUG]    | Value: {'genre': 37}                                                                               |
[2023-01-31 10:57:56,952] [util.py:162]               [DEBUG]    | Traceback (most recent call last):                                                                 |
                                                                 |   File "C:\Plex-Stack\Plex-Meta-Manager\plex_meta_manager.py", line 757, in run_collection
                                                                 |     builder = CollectionBuilder(config, library, metadata, mapping_name, no_missing, collection_attrs)
                                                                 |   File "C:\Plex-Stack\Plex-Meta-Manager\modules\builder.py", line 557, in __init__
                                                                 |     raise Failed(f"{self.Type} Error: {method_final} attribute not supported")
                                                                 | modules.util.Failed: Collection Error: mal_search attribute not supported
                                                                 | 
[2023-01-31 10:57:56,954] [util.py:159]               [ERROR]    | Collection Error: mal_search attribute not supported
[2023-01-31 10:57:56,955] [plex_meta_manager.py:880]  [INFO]     | 
[2023-01-31 10:57:56,955] [util.py:209]               [INFO]     |====================================================================================================|
[2023-01-31 10:57:56,955] [util.py:216]               [INFO]     |                                  Finished Supernatural Collection                                  |
[2023-01-31 10:57:56,956] [util.py:216]               [INFO]     |                                    Collection Run Time: 0:00:00                                    |
[2023-01-31 10:57:56,956] [util.py:220]               [INFO]     |====================================================================================================|
[2023-01-31 10:57:56,959] [util.py:209]               [INFO]     |====================================================================================================|
[2023-01-31 10:57:56,959] [util.py:216]               [INFO]     |                                    Suspense Collection in Anime                                    |
[2023-01-31 10:57:56,959] [util.py:220]               [INFO]     |====================================================================================================|
[2023-01-31 10:57:56,960] [plex_meta_manager.py:750]  [INFO]     |                                                                                                    |
[2023-01-31 10:57:56,960] [util.py:216]               [INFO]     |================================== Validating Suspense Attributes ==================================|
[2023-01-31 10:57:56,961] [builder.py:265]            [DEBUG]    |                                                                                                    |
[2023-01-31 10:57:56,961] [builder.py:266]            [DEBUG]    | Validating Method: template                                                                        |
[2023-01-31 10:57:56,961] [meta.py:83]                [DEBUG]    | Value: ordereddict([('name', 'Anime'), ('mal_id', 41), ('poster', 'https://theposterdb.com/api/assets/240217')]) |
[2023-01-31 10:57:56,962] [builder.py:330]            [DEBUG]    |                                                                                                    |
[2023-01-31 10:57:56,962] [builder.py:331]            [DEBUG]    | Validating Method: sync_mode                                                                       |
[2023-01-31 10:57:56,962] [builder.py:335]            [DEBUG]    | Value: sync                                                                                        |
[2023-01-31 10:57:56,962] [builder.py:453]            [DEBUG]    |                                                                                                    |
[2023-01-31 10:57:56,963] [builder.py:454]            [DEBUG]    | Validating Method: collection_order                                                                |
[2023-01-31 10:57:56,963] [builder.py:455]            [DEBUG]    | Value: alpha                                                                                       |
[2023-01-31 10:57:56,963] [builder.py:472]            [DEBUG]    |                                                                                                    |
[2023-01-31 10:57:56,964] [builder.py:473]            [DEBUG]    | Validating Method: mal_search                                                                      |
[2023-01-31 10:57:56,964] [builder.py:474]            [DEBUG]    | Value: {'genre': 41}                                                                               |
[2023-01-31 10:57:56,964] [util.py:162]               [DEBUG]    | Traceback (most recent call last):                                                                 |
                                                                 |   File "C:\Plex-Stack\Plex-Meta-Manager\plex_meta_manager.py", line 757, in run_collection
                                                                 |     builder = CollectionBuilder(config, library, metadata, mapping_name, no_missing, collection_attrs)
                                                                 |   File "C:\Plex-Stack\Plex-Meta-Manager\modules\builder.py", line 557, in __init__
                                                                 |     raise Failed(f"{self.Type} Error: {method_final} attribute not supported")
                                                                 | modules.util.Failed: Collection Error: mal_search attribute not supported
                                                                 | 
[2023-01-31 10:57:56,966] [util.py:159]               [ERROR]    | Collection Error: mal_search attribute not supported
[2023-01-31 10:57:56,967] [plex_meta_manager.py:880]  [INFO]     | 
[2023-01-31 10:57:56,967] [util.py:209]               [INFO]     |====================================================================================================|
[2023-01-31 10:57:56,967] [util.py:216]               [INFO]     |                                    Finished Suspense Collection                                    |
[2023-01-31 10:57:56,968] [util.py:216]               [INFO]     |                                    Collection Run Time: 0:00:00                                    |
[2023-01-31 10:57:56,968] [util.py:220]               [INFO]     |====================================================================================================|
[2023-01-31 10:57:56,972] [util.py:209]               [INFO]     |====================================================================================================|
[2023-01-31 10:57:56,972] [util.py:216]               [INFO]     |                                     Ecchi Collection in Anime                                      |
[2023-01-31 10:57:56,973] [util.py:220]               [INFO]     |====================================================================================================|
[2023-01-31 10:57:56,973] [plex_meta_manager.py:750]  [INFO]     |                                                                                                    |
[2023-01-31 10:57:56,974] [util.py:216]               [INFO]     |=================================== Validating Ecchi Attributes ====================================|
[2023-01-31 10:57:56,974] [builder.py:265]            [DEBUG]    |                                                                                                    |
[2023-01-31 10:57:56,974] [builder.py:266]            [DEBUG]    | Validating Method: template                                                                        |
[2023-01-31 10:57:56,975] [meta.py:83]                [DEBUG]    | Value: ordereddict([('name', 'Anime'), ('mal_id', 9), ('poster', 'https://theposterdb.com/api/assets/240150')]) |
[2023-01-31 10:57:56,975] [builder.py:330]            [DEBUG]    |                                                                                                    |
[2023-01-31 10:57:56,975] [builder.py:331]            [DEBUG]    | Validating Method: sync_mode                                                                       |
[2023-01-31 10:57:56,976] [builder.py:335]            [DEBUG]    | Value: sync                                                                                        |
[2023-01-31 10:57:56,976] [builder.py:453]            [DEBUG]    |                                                                                                    |
[2023-01-31 10:57:56,976] [builder.py:454]            [DEBUG]    | Validating Method: collection_order                                                                |
[2023-01-31 10:57:56,977] [builder.py:455]            [DEBUG]    | Value: alpha                                                                                       |
[2023-01-31 10:57:56,977] [builder.py:472]            [DEBUG]    |                                                                                                    |
[2023-01-31 10:57:56,977] [builder.py:473]            [DEBUG]    | Validating Method: mal_search                                                                      |
[2023-01-31 10:57:56,977] [builder.py:474]            [DEBUG]    | Value: {'genre': 9}                                                                                |
[2023-01-31 10:57:56,978] [util.py:162]               [DEBUG]    | Traceback (most recent call last):                                                                 |
                                                                 |   File "C:\Plex-Stack\Plex-Meta-Manager\plex_meta_manager.py", line 757, in run_collection
                                                                 |     builder = CollectionBuilder(config, library, metadata, mapping_name, no_missing, collection_attrs)
                                                                 |   File "C:\Plex-Stack\Plex-Meta-Manager\modules\builder.py", line 557, in __init__
                                                                 |     raise Failed(f"{self.Type} Error: {method_final} attribute not supported")
                                                                 | modules.util.Failed: Collection Error: mal_search attribute not supported
                                                                 | 
[2023-01-31 10:57:56,980] [util.py:159]               [ERROR]    | Collection Error: mal_search attribute not supported
[2023-01-31 10:57:56,980] [plex_meta_manager.py:880]  [INFO]     | 
[2023-01-31 10:57:56,980] [util.py:209]               [INFO]     |====================================================================================================|
[2023-01-31 10:57:56,981] [util.py:216]               [INFO]     |                                     Finished Ecchi Collection                                      |
[2023-01-31 10:57:56,981] [util.py:216]               [INFO]     |                                    Collection Run Time: 0:00:00                                    |
[2023-01-31 10:57:56,981] [util.py:220]               [INFO]     |====================================================================================================|
[2023-01-31 10:57:56,984] [util.py:209]               [INFO]     |====================================================================================================|
[2023-01-31 10:57:56,985] [util.py:216]               [INFO]     |                                   Adult Cast Collection in Anime                                   |
[2023-01-31 10:57:56,986] [util.py:220]               [INFO]     |====================================================================================================|
[2023-01-31 10:57:56,986] [plex_meta_manager.py:750]  [INFO]     |                                                                                                    |
[2023-01-31 10:57:56,987] [util.py:216]               [INFO]     |================================= Validating Adult Cast Attributes =================================|
[2023-01-31 10:57:56,987] [builder.py:265]            [DEBUG]    |                                                                                                    |
[2023-01-31 10:57:56,987] [builder.py:266]            [DEBUG]    | Validating Method: template                                                                        |
[2023-01-31 10:57:56,987] [meta.py:83]                [DEBUG]    | Value: ordereddict([('name', 'Anime'), ('mal_id', 50), ('poster', 'https://theposterdb.com/api/assets/240849')]) |
[2023-01-31 10:57:56,988] [builder.py:330]            [DEBUG]    |                                                                                                    |
[2023-01-31 10:57:56,988] [builder.py:331]            [DEBUG]    | Validating Method: sync_mode                                                                       |
[2023-01-31 10:57:56,988] [builder.py:335]            [DEBUG]    | Value: sync                                                                                        |
[2023-01-31 10:57:56,989] [builder.py:453]            [DEBUG]    |                                                                                                    |
[2023-01-31 10:57:56,989] [builder.py:454]            [DEBUG]    | Validating Method: collection_order                                                                |
[2023-01-31 10:57:56,989] [builder.py:455]            [DEBUG]    | Value: alpha                                                                                       |
[2023-01-31 10:57:56,990] [builder.py:472]            [DEBUG]    |                                                                                                    |
[2023-01-31 10:57:56,990] [builder.py:473]            [DEBUG]    | Validating Method: mal_search                                                                      |
[2023-01-31 10:57:56,990] [builder.py:474]            [DEBUG]    | Value: {'genre': 50}                                                                               |
[2023-01-31 10:57:56,991] [util.py:162]               [DEBUG]    | Traceback (most recent call last):                                                                 |
                                                                 |   File "C:\Plex-Stack\Plex-Meta-Manager\plex_meta_manager.py", line 757, in run_collection
                                                                 |     builder = CollectionBuilder(config, library, metadata, mapping_name, no_missing, collection_attrs)
                                                                 |   File "C:\Plex-Stack\Plex-Meta-Manager\modules\builder.py", line 557, in __init__
                                                                 |     raise Failed(f"{self.Type} Error: {method_final} attribute not supported")
                                                                 | modules.util.Failed: Collection Error: mal_search attribute not supported
                                                                 | 
[2023-01-31 10:57:56,993] [util.py:159]               [ERROR]    | Collection Error: mal_search attribute not supported
[2023-01-31 10:57:56,993] [plex_meta_manager.py:880]  [INFO]     | 
[2023-01-31 10:57:56,993] [util.py:209]               [INFO]     |====================================================================================================|
[2023-01-31 10:57:56,994] [util.py:216]               [INFO]     |                                   Finished Adult Cast Collection                                   |
[2023-01-31 10:57:56,994] [util.py:216]               [INFO]     |                                    Collection Run Time: 0:00:00                                    |
[2023-01-31 10:57:56,994] [util.py:220]               [INFO]     |====================================================================================================|
[2023-01-31 10:57:56,996] [util.py:209]               [INFO]     |====================================================================================================|
[2023-01-31 10:57:56,997] [util.py:216]               [INFO]     |                                Anthropomorphic Collection in Anime                                 |
[2023-01-31 10:57:56,997] [util.py:220]               [INFO]     |====================================================================================================|
[2023-01-31 10:57:56,998] [plex_meta_manager.py:750]  [INFO]     |                                                                                                    |
[2023-01-31 10:57:56,998] [util.py:216]               [INFO]     |============================== Validating Anthropomorphic Attributes ===============================|
[2023-01-31 10:57:56,998] [builder.py:265]            [DEBUG]    |                                                                                                    |
[2023-01-31 10:57:56,999] [builder.py:266]            [DEBUG]    | Validating Method: template                                                                        |
[2023-01-31 10:57:56,999] [meta.py:83]                [DEBUG]    | Value: ordereddict([('name', 'Anime'), ('mal_id', 51), ('poster', 'https://theposterdb.com/api/assets/240850')]) |
[2023-01-31 10:57:57,000] [builder.py:330]            [DEBUG]    |                                                                                                    |
[2023-01-31 10:57:57,000] [builder.py:331]            [DEBUG]    | Validating Method: sync_mode                                                                       |
[2023-01-31 10:57:57,000] [builder.py:335]            [DEBUG]    | Value: sync                                                                                        |
[2023-01-31 10:57:57,001] [builder.py:453]            [DEBUG]    |                                                                                                    |
[2023-01-31 10:57:57,001] [builder.py:454]            [DEBUG]    | Validating Method: collection_order                                                                |
[2023-01-31 10:57:57,001] [builder.py:455]            [DEBUG]    | Value: alpha                                                                                       |
[2023-01-31 10:57:57,001] [builder.py:472]            [DEBUG]    |                                                                                                    |
[2023-01-31 10:57:57,001] [builder.py:473]            [DEBUG]    | Validating Method: mal_search                                                                      |
[2023-01-31 10:57:57,002] [builder.py:474]            [DEBUG]    | Value: {'genre': 51}                                                                               |
[2023-01-31 10:57:57,002] [util.py:162]               [DEBUG]    | Traceback (most recent call last):                                                                 |
                                                                 |   File "C:\Plex-Stack\Plex-Meta-Manager\plex_meta_manager.py", line 757, in run_collection
                                                                 |     builder = CollectionBuilder(config, library, metadata, mapping_name, no_missing, collection_attrs)
                                                                 |   File "C:\Plex-Stack\Plex-Meta-Manager\modules\builder.py", line 557, in __init__
                                                                 |     raise Failed(f"{self.Type} Error: {method_final} attribute not supported")
                                                                 | modules.util.Failed: Collection Error: mal_search attribute not supported
                                                                 | 
[2023-01-31 10:57:57,004] [util.py:159]               [ERROR]    | Collection Error: mal_search attribute not supported
[2023-01-31 10:57:57,004] [plex_meta_manager.py:880]  [INFO]     | 
[2023-01-31 10:57:57,005] [util.py:209]               [INFO]     |====================================================================================================|
[2023-01-31 10:57:57,005] [util.py:216]               [INFO]     |                                Finished Anthropomorphic Collection                                 |
[2023-01-31 10:57:57,005] [util.py:216]               [INFO]     |                                    Collection Run Time: 0:00:00                                    |
[2023-01-31 10:57:57,005] [util.py:220]               [INFO]     |====================================================================================================|
[2023-01-31 10:57:57,008] [util.py:209]               [INFO]     |====================================================================================================|
[2023-01-31 10:57:57,008] [util.py:216]               [INFO]     |                                     CGDCT Collection in Anime                                      |
[2023-01-31 10:57:57,009] [util.py:220]               [INFO]     |====================================================================================================|
[2023-01-31 10:57:57,009] [plex_meta_manager.py:750]  [INFO]     |                                                                                                    |
[2023-01-31 10:57:57,010] [util.py:216]               [INFO]     |=================================== Validating CGDCT Attributes ====================================|
[2023-01-31 10:57:57,010] [builder.py:265]            [DEBUG]    |                                                                                                    |
[2023-01-31 10:57:57,011] [builder.py:266]            [DEBUG]    | Validating Method: template                                                                        |
[2023-01-31 10:57:57,011] [meta.py:83]                [DEBUG]    | Value: ordereddict([('name', 'Anime'), ('mal_id', 52), ('poster', 'https://theposterdb.com/api/assets/240146')]) |
[2023-01-31 10:57:57,011] [builder.py:330]            [DEBUG]    |                                                                                                    |
[2023-01-31 10:57:57,012] [builder.py:331]            [DEBUG]    | Validating Method: sync_mode                                                                       |
[2023-01-31 10:57:57,012] [builder.py:335]            [DEBUG]    | Value: sync                                                                                        |
[2023-01-31 10:57:57,012] [builder.py:453]            [DEBUG]    |                                                                                                    |
[2023-01-31 10:57:57,013] [builder.py:454]            [DEBUG]    | Validating Method: collection_order                                                                |
[2023-01-31 10:57:57,013] [builder.py:455]            [DEBUG]    | Value: alpha                                                                                       |
[2023-01-31 10:57:57,013] [builder.py:472]            [DEBUG]    |                                                                                                    |
[2023-01-31 10:57:57,013] [builder.py:473]            [DEBUG]    | Validating Method: mal_search                                                                      |
[2023-01-31 10:57:57,014] [builder.py:474]            [DEBUG]    | Value: {'genre': 52}                                                                               |
[2023-01-31 10:57:57,014] [util.py:162]               [DEBUG]    | Traceback (most recent call last):                                                                 |
                                                                 |   File "C:\Plex-Stack\Plex-Meta-Manager\plex_meta_manager.py", line 757, in run_collection
                                                                 |     builder = CollectionBuilder(config, library, metadata, mapping_name, no_missing, collection_attrs)
                                                                 |   File "C:\Plex-Stack\Plex-Meta-Manager\modules\builder.py", line 557, in __init__
                                                                 |     raise Failed(f"{self.Type} Error: {method_final} attribute not supported")
                                                                 | modules.util.Failed: Collection Error: mal_search attribute not supported
                                                                 | 
[2023-01-31 10:57:57,016] [util.py:159]               [ERROR]    | Collection Error: mal_search attribute not supported
[2023-01-31 10:57:57,017] [plex_meta_manager.py:880]  [INFO]     | 
[2023-01-31 10:57:57,017] [util.py:209]               [INFO]     |====================================================================================================|
[2023-01-31 10:57:57,017] [util.py:216]               [INFO]     |                                     Finished CGDCT Collection                                      |
[2023-01-31 10:57:57,018] [util.py:216]               [INFO]     |                                    Collection Run Time: 0:00:00                                    |
[2023-01-31 10:57:57,018] [util.py:220]               [INFO]     |====================================================================================================|
[2023-01-31 10:57:57,020] [util.py:209]               [INFO]     |====================================================================================================|
[2023-01-31 10:57:57,021] [util.py:216]               [INFO]     |                                   Childcare Collection in Anime                                    |
[2023-01-31 10:57:57,021] [util.py:220]               [INFO]     |====================================================================================================|
[2023-01-31 10:57:57,021] [plex_meta_manager.py:750]  [INFO]     |                                                                                                    |
[2023-01-31 10:57:57,022] [util.py:216]               [INFO]     |================================= Validating Childcare Attributes ==================================|
[2023-01-31 10:57:57,022] [builder.py:265]            [DEBUG]    |                                                                                                    |
[2023-01-31 10:57:57,023] [builder.py:266]            [DEBUG]    | Validating Method: template                                                                        |
[2023-01-31 10:57:57,023] [meta.py:83]                [DEBUG]    | Value: ordereddict([('name', 'Anime'), ('mal_id', 53), ('poster', 'https://theposterdb.com/api/assets/240871')]) |
[2023-01-31 10:57:57,023] [builder.py:330]            [DEBUG]    |                                                                                                    |
[2023-01-31 10:57:57,024] [builder.py:331]            [DEBUG]    | Validating Method: sync_mode                                                                       |
[2023-01-31 10:57:57,024] [builder.py:335]            [DEBUG]    | Value: sync                                                                                        |
[2023-01-31 10:57:57,025] [builder.py:453]            [DEBUG]    |                                                                                                    |
[2023-01-31 10:57:57,025] [builder.py:454]            [DEBUG]    | Validating Method: collection_order                                                                |
[2023-01-31 10:57:57,025] [builder.py:455]            [DEBUG]    | Value: alpha                                                                                       |
[2023-01-31 10:57:57,025] [builder.py:472]            [DEBUG]    |                                                                                                    |
[2023-01-31 10:57:57,026] [builder.py:473]            [DEBUG]    | Validating Method: mal_search                                                                      |
[2023-01-31 10:57:57,026] [builder.py:474]            [DEBUG]    | Value: {'genre': 53}                                                                               |
[2023-01-31 10:57:57,026] [util.py:162]               [DEBUG]    | Traceback (most recent call last):                                                                 |
                                                                 |   File "C:\Plex-Stack\Plex-Meta-Manager\plex_meta_manager.py", line 757, in run_collection
                                                                 |     builder = CollectionBuilder(config, library, metadata, mapping_name, no_missing, collection_attrs)
                                                                 |   File "C:\Plex-Stack\Plex-Meta-Manager\modules\builder.py", line 557, in __init__
                                                                 |     raise Failed(f"{self.Type} Error: {method_final} attribute not supported")
                                                                 | modules.util.Failed: Collection Error: mal_search attribute not supported
                                                                 | 
[2023-01-31 10:57:57,028] [util.py:159]               [ERROR]    | Collection Error: mal_search attribute not supported
[2023-01-31 10:57:57,029] [plex_meta_manager.py:880]  [INFO]     | 
[2023-01-31 10:57:57,029] [util.py:209]               [INFO]     |====================================================================================================|
[2023-01-31 10:57:57,030] [util.py:216]               [INFO]     |                                   Finished Childcare Collection                                    |
[2023-01-31 10:57:57,030] [util.py:216]               [INFO]     |                                    Collection Run Time: 0:00:00                                    |
[2023-01-31 10:57:57,030] [util.py:220]               [INFO]     |====================================================================================================|
[2023-01-31 10:57:57,033] [util.py:209]               [INFO]     |====================================================================================================|
[2023-01-31 10:57:57,034] [util.py:216]               [INFO]     |                                 Combat Sports Collection in Anime                                  |
[2023-01-31 10:57:57,034] [util.py:220]               [INFO]     |====================================================================================================|
[2023-01-31 10:57:57,034] [plex_meta_manager.py:750]  [INFO]     |                                                                                                    |
[2023-01-31 10:57:57,035] [util.py:216]               [INFO]     |=============================== Validating Combat Sports Attributes ================================|
[2023-01-31 10:57:57,035] [builder.py:265]            [DEBUG]    |                                                                                                    |
[2023-01-31 10:57:57,035] [builder.py:266]            [DEBUG]    | Validating Method: template                                                                        |
[2023-01-31 10:57:57,036] [meta.py:83]                [DEBUG]    | Value: ordereddict([('name', 'Anime'), ('mal_id', 54), ('poster', 'https://theposterdb.com/api/assets/240851')]) |
[2023-01-31 10:57:57,036] [builder.py:330]            [DEBUG]    |                                                                                                    |
[2023-01-31 10:57:57,036] [builder.py:331]            [DEBUG]    | Validating Method: sync_mode                                                                       |
[2023-01-31 10:57:57,037] [builder.py:335]            [DEBUG]    | Value: sync                                                                                        |
[2023-01-31 10:57:57,037] [builder.py:453]            [DEBUG]    |                                                                                                    |
[2023-01-31 10:57:57,037] [builder.py:454]            [DEBUG]    | Validating Method: collection_order                                                                |
[2023-01-31 10:57:57,038] [builder.py:455]            [DEBUG]    | Value: alpha                                                                                       |
[2023-01-31 10:57:57,038] [builder.py:472]            [DEBUG]    |                                                                                                    |
[2023-01-31 10:57:57,038] [builder.py:473]            [DEBUG]    | Validating Method: mal_search                                                                      |
[2023-01-31 10:57:57,039] [builder.py:474]            [DEBUG]    | Value: {'genre': 54}                                                                               |
[2023-01-31 10:57:57,039] [util.py:162]               [DEBUG]    | Traceback (most recent call last):                                                                 |
                                                                 |   File "C:\Plex-Stack\Plex-Meta-Manager\plex_meta_manager.py", line 757, in run_collection
                                                                 |     builder = CollectionBuilder(config, library, metadata, mapping_name, no_missing, collection_attrs)
                                                                 |   File "C:\Plex-Stack\Plex-Meta-Manager\modules\builder.py", line 557, in __init__
                                                                 |     raise Failed(f"{self.Type} Error: {method_final} attribute not supported")
                                                                 | modules.util.Failed: Collection Error: mal_search attribute not supported
                                                                 | 
[2023-01-31 10:57:57,041] [util.py:159]               [ERROR]    | Collection Error: mal_search attribute not supported
[2023-01-31 10:57:57,042] [plex_meta_manager.py:880]  [INFO]     | 
[2023-01-31 10:57:57,042] [util.py:209]               [INFO]     |====================================================================================================|
[2023-01-31 10:57:57,042] [util.py:216]               [INFO]     |                                 Finished Combat Sports Collection                                  |
[2023-01-31 10:57:57,043] [util.py:216]               [INFO]     |                                    Collection Run Time: 0:00:00                                    |
[2023-01-31 10:57:57,043] [util.py:220]               [INFO]     |====================================================================================================|
[2023-01-31 10:57:57,045] [util.py:209]               [INFO]     |====================================================================================================|
[2023-01-31 10:57:57,046] [util.py:216]               [INFO]     |                                 Crossdressing Collection in Anime                                  |
[2023-01-31 10:57:57,047] [util.py:220]               [INFO]     |====================================================================================================|
[2023-01-31 10:57:57,047] [plex_meta_manager.py:750]  [INFO]     |                                                                                                    |
[2023-01-31 10:57:57,048] [util.py:216]               [INFO]     |=============================== Validating Crossdressing Attributes ================================|
[2023-01-31 10:57:57,048] [builder.py:265]            [DEBUG]    |                                                                                                    |
[2023-01-31 10:57:57,048] [builder.py:266]            [DEBUG]    | Validating Method: template                                                                        |
[2023-01-31 10:57:57,049] [meta.py:83]                [DEBUG]    | Value: ordereddict([('name', 'Anime'), ('mal_id', 81), ('poster', 'https://theposterdb.com/api/assets/240852')]) |
[2023-01-31 10:57:57,049] [builder.py:330]            [DEBUG]    |                                                                                                    |
[2023-01-31 10:57:57,049] [builder.py:331]            [DEBUG]    | Validating Method: sync_mode                                                                       |
[2023-01-31 10:57:57,050] [builder.py:335]            [DEBUG]    | Value: sync                                                                                        |
[2023-01-31 10:57:57,050] [builder.py:453]            [DEBUG]    |                                                                                                    |
[2023-01-31 10:57:57,050] [builder.py:454]            [DEBUG]    | Validating Method: collection_order                                                                |
[2023-01-31 10:57:57,050] [builder.py:455]            [DEBUG]    | Value: alpha                                                                                       |
[2023-01-31 10:57:57,051] [builder.py:472]            [DEBUG]    |                                                                                                    |
[2023-01-31 10:57:57,051] [builder.py:473]            [DEBUG]    | Validating Method: mal_search                                                                      |
[2023-01-31 10:57:57,051] [builder.py:474]            [DEBUG]    | Value: {'genre': 81}                                                                               |
[2023-01-31 10:57:57,052] [util.py:162]               [DEBUG]    | Traceback (most recent call last):                                                                 |
                                                                 |   File "C:\Plex-Stack\Plex-Meta-Manager\plex_meta_manager.py", line 757, in run_collection
                                                                 |     builder = CollectionBuilder(config, library, metadata, mapping_name, no_missing, collection_attrs)
                                                                 |   File "C:\Plex-Stack\Plex-Meta-Manager\modules\builder.py", line 557, in __init__
                                                                 |     raise Failed(f"{self.Type} Error: {method_final} attribute not supported")
                                                                 | modules.util.Failed: Collection Error: mal_search attribute not supported
                                                                 | 
[2023-01-31 10:57:57,054] [util.py:159]               [ERROR]    | Collection Error: mal_search attribute not supported
[2023-01-31 10:57:57,054] [plex_meta_manager.py:880]  [INFO]     | 
[2023-01-31 10:57:57,054] [util.py:209]               [INFO]     |====================================================================================================|
[2023-01-31 10:57:57,055] [util.py:216]               [INFO]     |                                 Finished Crossdressing Collection                                  |
[2023-01-31 10:57:57,055] [util.py:216]               [INFO]     |                                    Collection Run Time: 0:00:00                                    |
[2023-01-31 10:57:57,055] [util.py:220]               [INFO]     |====================================================================================================|
[2023-01-31 10:57:57,058] [util.py:209]               [INFO]     |====================================================================================================|
[2023-01-31 10:57:57,058] [util.py:216]               [INFO]     |                                  Delinquents Collection in Anime                                   |
[2023-01-31 10:57:57,058] [util.py:220]               [INFO]     |====================================================================================================|
[2023-01-31 10:57:57,059] [plex_meta_manager.py:750]  [INFO]     |                                                                                                    |
[2023-01-31 10:57:57,059] [util.py:216]               [INFO]     |================================ Validating Delinquents Attributes =================================|
[2023-01-31 10:57:57,060] [builder.py:265]            [DEBUG]    |                                                                                                    |
[2023-01-31 10:57:57,060] [builder.py:266]            [DEBUG]    | Validating Method: template                                                                        |
[2023-01-31 10:57:57,060] [meta.py:83]                [DEBUG]    | Value: ordereddict([('name', 'Anime'), ('mal_id', 55), ('poster', 'https://theposterdb.com/api/assets/240148')]) |
[2023-01-31 10:57:57,061] [builder.py:330]            [DEBUG]    |                                                                                                    |
[2023-01-31 10:57:57,061] [builder.py:331]            [DEBUG]    | Validating Method: sync_mode                                                                       |
[2023-01-31 10:57:57,061] [builder.py:335]            [DEBUG]    | Value: sync                                                                                        |
[2023-01-31 10:57:57,062] [builder.py:453]            [DEBUG]    |                                                                                                    |
[2023-01-31 10:57:57,062] [builder.py:454]            [DEBUG]    | Validating Method: collection_order                                                                |
[2023-01-31 10:57:57,062] [builder.py:455]            [DEBUG]    | Value: alpha                                                                                       |
[2023-01-31 10:57:57,062] [builder.py:472]            [DEBUG]    |                                                                                                    |
[2023-01-31 10:57:57,063] [builder.py:473]            [DEBUG]    | Validating Method: mal_search                                                                      |
[2023-01-31 10:57:57,063] [builder.py:474]            [DEBUG]    | Value: {'genre': 55}                                                                               |
[2023-01-31 10:57:57,063] [util.py:162]               [DEBUG]    | Traceback (most recent call last):                                                                 |
                                                                 |   File "C:\Plex-Stack\Plex-Meta-Manager\plex_meta_manager.py", line 757, in run_collection
                                                                 |     builder = CollectionBuilder(config, library, metadata, mapping_name, no_missing, collection_attrs)
                                                                 |   File "C:\Plex-Stack\Plex-Meta-Manager\modules\builder.py", line 557, in __init__
                                                                 |     raise Failed(f"{self.Type} Error: {method_final} attribute not supported")
                                                                 | modules.util.Failed: Collection Error: mal_search attribute not supported
                                                                 | 
[2023-01-31 10:57:57,065] [util.py:159]               [ERROR]    | Collection Error: mal_search attribute not supported
[2023-01-31 10:57:57,066] [plex_meta_manager.py:880]  [INFO]     | 
[2023-01-31 10:57:57,066] [util.py:209]               [INFO]     |====================================================================================================|
[2023-01-31 10:57:57,067] [util.py:216]               [INFO]     |                                  Finished Delinquents Collection                                   |
[2023-01-31 10:57:57,067] [util.py:216]               [INFO]     |                                    Collection Run Time: 0:00:00                                    |
[2023-01-31 10:57:57,067] [util.py:220]               [INFO]     |====================================================================================================|
[2023-01-31 10:57:57,070] [util.py:209]               [INFO]     |====================================================================================================|
[2023-01-31 10:57:57,070] [util.py:216]               [INFO]     |                                   Detective Collection in Anime                                    |
[2023-01-31 10:57:57,071] [util.py:220]               [INFO]     |====================================================================================================|
[2023-01-31 10:57:57,071] [plex_meta_manager.py:750]  [INFO]     |                                                                                                    |
[2023-01-31 10:57:57,071] [util.py:216]               [INFO]     |================================= Validating Detective Attributes ==================================|
[2023-01-31 10:57:57,072] [builder.py:265]            [DEBUG]    |                                                                                                    |
[2023-01-31 10:57:57,072] [builder.py:266]            [DEBUG]    | Validating Method: template                                                                        |
[2023-01-31 10:57:57,072] [meta.py:83]                [DEBUG]    | Value: ordereddict([('name', 'Anime'), ('mal_id', 39), ('poster', 'https://theposterdb.com/api/assets/240149')]) |
[2023-01-31 10:57:57,073] [builder.py:330]            [DEBUG]    |                                                                                                    |
[2023-01-31 10:57:57,073] [builder.py:331]            [DEBUG]    | Validating Method: sync_mode                                                                       |
[2023-01-31 10:57:57,073] [builder.py:335]            [DEBUG]    | Value: sync                                                                                        |
[2023-01-31 10:57:57,074] [builder.py:453]            [DEBUG]    |                                                                                                    |
[2023-01-31 10:57:57,074] [builder.py:454]            [DEBUG]    | Validating Method: collection_order                                                                |
[2023-01-31 10:57:57,074] [builder.py:455]            [DEBUG]    | Value: alpha                                                                                       |
[2023-01-31 10:57:57,075] [builder.py:472]            [DEBUG]    |                                                                                                    |
[2023-01-31 10:57:57,075] [builder.py:473]            [DEBUG]    | Validating Method: mal_search                                                                      |
[2023-01-31 10:57:57,075] [builder.py:474]            [DEBUG]    | Value: {'genre': 39}                                                                               |
[2023-01-31 10:57:57,075] [util.py:162]               [DEBUG]    | Traceback (most recent call last):                                                                 |
                                                                 |   File "C:\Plex-Stack\Plex-Meta-Manager\plex_meta_manager.py", line 757, in run_collection
                                                                 |     builder = CollectionBuilder(config, library, metadata, mapping_name, no_missing, collection_attrs)
                                                                 |   File "C:\Plex-Stack\Plex-Meta-Manager\modules\builder.py", line 557, in __init__
                                                                 |     raise Failed(f"{self.Type} Error: {method_final} attribute not supported")
                                                                 | modules.util.Failed: Collection Error: mal_search attribute not supported
                                                                 | 
[2023-01-31 10:57:57,078] [util.py:159]               [ERROR]    | Collection Error: mal_search attribute not supported
[2023-01-31 10:57:57,078] [plex_meta_manager.py:880]  [INFO]     | 
[2023-01-31 10:57:57,078] [util.py:209]               [INFO]     |====================================================================================================|
[2023-01-31 10:57:57,079] [util.py:216]               [INFO]     |                                   Finished Detective Collection                                    |
[2023-01-31 10:57:57,079] [util.py:216]               [INFO]     |                                    Collection Run Time: 0:00:00                                    |
[2023-01-31 10:57:57,079] [util.py:220]               [INFO]     |====================================================================================================|
[2023-01-31 10:57:57,082] [util.py:209]               [INFO]     |====================================================================================================|
[2023-01-31 10:57:57,082] [util.py:216]               [INFO]     |                                  Educational Collection in Anime                                   |
[2023-01-31 10:57:57,083] [util.py:220]               [INFO]     |====================================================================================================|
[2023-01-31 10:57:57,083] [plex_meta_manager.py:750]  [INFO]     |                                                                                                    |
[2023-01-31 10:57:57,084] [util.py:216]               [INFO]     |================================ Validating Educational Attributes =================================|
[2023-01-31 10:57:57,084] [builder.py:265]            [DEBUG]    |                                                                                                    |
[2023-01-31 10:57:57,084] [builder.py:266]            [DEBUG]    | Validating Method: template                                                                        |
[2023-01-31 10:57:57,085] [meta.py:83]                [DEBUG]    | Value: ordereddict([('name', 'Anime'), ('mal_id', 56), ('poster', 'https://theposterdb.com/api/assets/240854')]) |
[2023-01-31 10:57:57,085] [builder.py:330]            [DEBUG]    |                                                                                                    |
[2023-01-31 10:57:57,085] [builder.py:331]            [DEBUG]    | Validating Method: sync_mode                                                                       |
[2023-01-31 10:57:57,086] [builder.py:335]            [DEBUG]    | Value: sync                                                                                        |
[2023-01-31 10:57:57,086] [builder.py:453]            [DEBUG]    |                                                                                                    |
[2023-01-31 10:57:57,086] [builder.py:454]            [DEBUG]    | Validating Method: collection_order                                                                |
[2023-01-31 10:57:57,086] [builder.py:455]            [DEBUG]    | Value: alpha                                                                                       |
[2023-01-31 10:57:57,087] [builder.py:472]            [DEBUG]    |                                                                                                    |
[2023-01-31 10:57:57,087] [builder.py:473]            [DEBUG]    | Validating Method: mal_search                                                                      |
[2023-01-31 10:57:57,087] [builder.py:474]            [DEBUG]    | Value: {'genre': 56}                                                                               |
[2023-01-31 10:57:57,088] [util.py:162]               [DEBUG]    | Traceback (most recent call last):                                                                 |
                                                                 |   File "C:\Plex-Stack\Plex-Meta-Manager\plex_meta_manager.py", line 757, in run_collection
                                                                 |     builder = CollectionBuilder(config, library, metadata, mapping_name, no_missing, collection_attrs)
                                                                 |   File "C:\Plex-Stack\Plex-Meta-Manager\modules\builder.py", line 557, in __init__
                                                                 |     raise Failed(f"{self.Type} Error: {method_final} attribute not supported")
                                                                 | modules.util.Failed: Collection Error: mal_search attribute not supported
                                                                 | 
[2023-01-31 10:57:57,089] [util.py:159]               [ERROR]    | Collection Error: mal_search attribute not supported
[2023-01-31 10:57:57,090] [plex_meta_manager.py:880]  [INFO]     | 
[2023-01-31 10:57:57,090] [util.py:209]               [INFO]     |====================================================================================================|
[2023-01-31 10:57:57,090] [util.py:216]               [INFO]     |                                  Finished Educational Collection                                   |
[2023-01-31 10:57:57,091] [util.py:216]               [INFO]     |                                    Collection Run Time: 0:00:00                                    |
[2023-01-31 10:57:57,091] [util.py:220]               [INFO]     |====================================================================================================|
[2023-01-31 10:57:57,094] [util.py:209]               [INFO]     |====================================================================================================|
[2023-01-31 10:57:57,095] [util.py:216]               [INFO]     |                                   Gag Humor Collection in Anime                                    |
[2023-01-31 10:57:57,095] [util.py:220]               [INFO]     |====================================================================================================|
[2023-01-31 10:57:57,095] [plex_meta_manager.py:750]  [INFO]     |                                                                                                    |
[2023-01-31 10:57:57,096] [util.py:216]               [INFO]     |================================= Validating Gag Humor Attributes ==================================|
[2023-01-31 10:57:57,096] [builder.py:265]            [DEBUG]    |                                                                                                    |
[2023-01-31 10:57:57,097] [builder.py:266]            [DEBUG]    | Validating Method: template                                                                        |
[2023-01-31 10:57:57,097] [meta.py:83]                [DEBUG]    | Value: ordereddict([('name', 'Anime'), ('mal_id', 57), ('poster', 'https://theposterdb.com/api/assets/240151')]) |
[2023-01-31 10:57:57,097] [builder.py:330]            [DEBUG]    |                                                                                                    |
[2023-01-31 10:57:57,098] [builder.py:331]            [DEBUG]    | Validating Method: sync_mode                                                                       |
[2023-01-31 10:57:57,098] [builder.py:335]            [DEBUG]    | Value: sync                                                                                        |
[2023-01-31 10:57:57,098] [builder.py:453]            [DEBUG]    |                                                                                                    |
[2023-01-31 10:57:57,099] [builder.py:454]            [DEBUG]    | Validating Method: collection_order                                                                |
[2023-01-31 10:57:57,099] [builder.py:455]            [DEBUG]    | Value: alpha                                                                                       |
[2023-01-31 10:57:57,099] [builder.py:472]            [DEBUG]    |                                                                                                    |
[2023-01-31 10:57:57,100] [builder.py:473]            [DEBUG]    | Validating Method: mal_search                                                                      |
[2023-01-31 10:57:57,100] [builder.py:474]            [DEBUG]    | Value: {'genre': 57}                                                                               |
[2023-01-31 10:57:57,100] [util.py:162]               [DEBUG]    | Traceback (most recent call last):                                                                 |
                                                                 |   File "C:\Plex-Stack\Plex-Meta-Manager\plex_meta_manager.py", line 757, in run_collection
                                                                 |     builder = CollectionBuilder(config, library, metadata, mapping_name, no_missing, collection_attrs)
                                                                 |   File "C:\Plex-Stack\Plex-Meta-Manager\modules\builder.py", line 557, in __init__
                                                                 |     raise Failed(f"{self.Type} Error: {method_final} attribute not supported")
                                                                 | modules.util.Failed: Collection Error: mal_search attribute not supported
                                                                 | 
[2023-01-31 10:57:57,102] [util.py:159]               [ERROR]    | Collection Error: mal_search attribute not supported
[2023-01-31 10:57:57,102] [plex_meta_manager.py:880]  [INFO]     | 
[2023-01-31 10:57:57,103] [util.py:209]               [INFO]     |====================================================================================================|
[2023-01-31 10:57:57,103] [util.py:216]               [INFO]     |                                   Finished Gag Humor Collection                                    |
[2023-01-31 10:57:57,103] [util.py:216]               [INFO]     |                                    Collection Run Time: 0:00:00                                    |
[2023-01-31 10:57:57,104] [util.py:220]               [INFO]     |====================================================================================================|
[2023-01-31 10:57:57,106] [util.py:209]               [INFO]     |====================================================================================================|
[2023-01-31 10:57:57,106] [util.py:216]               [INFO]     |                                      Gore Collection in Anime                                      |
[2023-01-31 10:57:57,107] [util.py:220]               [INFO]     |====================================================================================================|
[2023-01-31 10:57:57,107] [plex_meta_manager.py:750]  [INFO]     |                                                                                                    |
[2023-01-31 10:57:57,108] [util.py:216]               [INFO]     |==================================== Validating Gore Attributes ====================================|
[2023-01-31 10:57:57,109] [builder.py:265]            [DEBUG]    |                                                                                                    |
[2023-01-31 10:57:57,110] [builder.py:266]            [DEBUG]    | Validating Method: template                                                                        |
[2023-01-31 10:57:57,110] [meta.py:83]                [DEBUG]    | Value: ordereddict([('name', 'Anime'), ('mal_id', 58), ('poster', 'https://theposterdb.com/api/assets/240153')]) |
[2023-01-31 10:57:57,110] [builder.py:330]            [DEBUG]    |                                                                                                    |
[2023-01-31 10:57:57,111] [builder.py:331]            [DEBUG]    | Validating Method: sync_mode                                                                       |
[2023-01-31 10:57:57,111] [builder.py:335]            [DEBUG]    | Value: sync                                                                                        |
[2023-01-31 10:57:57,111] [builder.py:453]            [DEBUG]    |                                                                                                    |
[2023-01-31 10:57:57,112] [builder.py:454]            [DEBUG]    | Validating Method: collection_order                                                                |
[2023-01-31 10:57:57,112] [builder.py:455]            [DEBUG]    | Value: alpha                                                                                       |
[2023-01-31 10:57:57,112] [builder.py:472]            [DEBUG]    |                                                                                                    |
[2023-01-31 10:57:57,112] [builder.py:473]            [DEBUG]    | Validating Method: mal_search                                                                      |
[2023-01-31 10:57:57,113] [builder.py:474]            [DEBUG]    | Value: {'genre': 58}                                                                               |
[2023-01-31 10:57:57,113] [util.py:162]               [DEBUG]    | Traceback (most recent call last):                                                                 |
                                                                 |   File "C:\Plex-Stack\Plex-Meta-Manager\plex_meta_manager.py", line 757, in run_collection
                                                                 |     builder = CollectionBuilder(config, library, metadata, mapping_name, no_missing, collection_attrs)
                                                                 |   File "C:\Plex-Stack\Plex-Meta-Manager\modules\builder.py", line 557, in __init__
                                                                 |     raise Failed(f"{self.Type} Error: {method_final} attribute not supported")
                                                                 | modules.util.Failed: Collection Error: mal_search attribute not supported
                                                                 | 
[2023-01-31 10:57:57,115] [util.py:159]               [ERROR]    | Collection Error: mal_search attribute not supported
[2023-01-31 10:57:57,115] [plex_meta_manager.py:880]  [INFO]     | 
[2023-01-31 10:57:57,116] [util.py:209]               [INFO]     |====================================================================================================|
[2023-01-31 10:57:57,116] [util.py:216]               [INFO]     |                                      Finished Gore Collection                                      |
[2023-01-31 10:57:57,116] [util.py:216]               [INFO]     |                                    Collection Run Time: 0:00:00                                    |
[2023-01-31 10:57:57,117] [util.py:220]               [INFO]     |====================================================================================================|
[2023-01-31 10:57:57,119] [util.py:209]               [INFO]     |====================================================================================================|
[2023-01-31 10:57:57,119] [util.py:216]               [INFO]     |                                     Harem Collection in Anime                                      |
[2023-01-31 10:57:57,120] [util.py:220]               [INFO]     |====================================================================================================|
[2023-01-31 10:57:57,120] [plex_meta_manager.py:750]  [INFO]     |                                                                                                    |
[2023-01-31 10:57:57,121] [util.py:216]               [INFO]     |=================================== Validating Harem Attributes ====================================|
[2023-01-31 10:57:57,121] [builder.py:265]            [DEBUG]    |                                                                                                    |
[2023-01-31 10:57:57,121] [builder.py:266]            [DEBUG]    | Validating Method: template                                                                        |
[2023-01-31 10:57:57,122] [meta.py:83]                [DEBUG]    | Value: ordereddict([('name', 'Anime'), ('mal_id', 35), ('poster', 'https://theposterdb.com/api/assets/240848')]) |
[2023-01-31 10:57:57,122] [builder.py:330]            [DEBUG]    |                                                                                                    |
[2023-01-31 10:57:57,122] [builder.py:331]            [DEBUG]    | Validating Method: sync_mode                                                                       |
[2023-01-31 10:57:57,123] [builder.py:335]            [DEBUG]    | Value: sync                                                                                        |
[2023-01-31 10:57:57,123] [builder.py:453]            [DEBUG]    |                                                                                                    |
[2023-01-31 10:57:57,123] [builder.py:454]            [DEBUG]    | Validating Method: collection_order                                                                |
[2023-01-31 10:57:57,124] [builder.py:455]            [DEBUG]    | Value: alpha                                                                                       |
[2023-01-31 10:57:57,124] [builder.py:472]            [DEBUG]    |                                                                                                    |
[2023-01-31 10:57:57,125] [builder.py:473]            [DEBUG]    | Validating Method: mal_search                                                                      |
[2023-01-31 10:57:57,125] [builder.py:474]            [DEBUG]    | Value: {'genre': 35}                                                                               |
[2023-01-31 10:57:57,125] [util.py:162]               [DEBUG]    | Traceback (most recent call last):                                                                 |
                                                                 |   File "C:\Plex-Stack\Plex-Meta-Manager\plex_meta_manager.py", line 757, in run_collection
                                                                 |     builder = CollectionBuilder(config, library, metadata, mapping_name, no_missing, collection_attrs)
                                                                 |   File "C:\Plex-Stack\Plex-Meta-Manager\modules\builder.py", line 557, in __init__
                                                                 |     raise Failed(f"{self.Type} Error: {method_final} attribute not supported")
                                                                 | modules.util.Failed: Collection Error: mal_search attribute not supported
                                                                 | 
[2023-01-31 10:57:57,127] [util.py:159]               [ERROR]    | Collection Error: mal_search attribute not supported
[2023-01-31 10:57:57,127] [plex_meta_manager.py:880]  [INFO]     | 
[2023-01-31 10:57:57,128] [util.py:209]               [INFO]     |====================================================================================================|
[2023-01-31 10:57:57,128] [util.py:216]               [INFO]     |                                     Finished Harem Collection                                      |
[2023-01-31 10:57:57,128] [util.py:216]               [INFO]     |                                    Collection Run Time: 0:00:00                                    |
[2023-01-31 10:57:57,129] [util.py:220]               [INFO]     |====================================================================================================|
[2023-01-31 10:57:57,131] [util.py:209]               [INFO]     |====================================================================================================|
[2023-01-31 10:57:57,131] [util.py:216]               [INFO]     |                                High Stakes Game Collection in Anime                                |
[2023-01-31 10:57:57,132] [util.py:220]               [INFO]     |====================================================================================================|
[2023-01-31 10:57:57,132] [plex_meta_manager.py:750]  [INFO]     |                                                                                                    |
[2023-01-31 10:57:57,133] [util.py:216]               [INFO]     |============================== Validating High Stakes Game Attributes ==============================|
[2023-01-31 10:57:57,133] [builder.py:265]            [DEBUG]    |                                                                                                    |
[2023-01-31 10:57:57,133] [builder.py:266]            [DEBUG]    | Validating Method: template                                                                        |
[2023-01-31 10:57:57,134] [meta.py:83]                [DEBUG]    | Value: ordereddict([('name', 'Anime'), ('mal_id', 59), ('poster', 'https://theposterdb.com/api/assets/240155')]) |
[2023-01-31 10:57:57,134] [builder.py:330]            [DEBUG]    |                                                                                                    |
[2023-01-31 10:57:57,134] [builder.py:331]            [DEBUG]    | Validating Method: sync_mode                                                                       |
[2023-01-31 10:57:57,135] [builder.py:335]            [DEBUG]    | Value: sync                                                                                        |
[2023-01-31 10:57:57,135] [builder.py:453]            [DEBUG]    |                                                                                                    |
[2023-01-31 10:57:57,135] [builder.py:454]            [DEBUG]    | Validating Method: collection_order                                                                |
[2023-01-31 10:57:57,136] [builder.py:455]            [DEBUG]    | Value: alpha                                                                                       |
[2023-01-31 10:57:57,136] [builder.py:472]            [DEBUG]    |                                                                                                    |
[2023-01-31 10:57:57,136] [builder.py:473]            [DEBUG]    | Validating Method: mal_search                                                                      |
[2023-01-31 10:57:57,136] [builder.py:474]            [DEBUG]    | Value: {'genre': 59}                                                                               |
[2023-01-31 10:57:57,137] [util.py:162]               [DEBUG]    | Traceback (most recent call last):                                                                 |
                                                                 |   File "C:\Plex-Stack\Plex-Meta-Manager\plex_meta_manager.py", line 757, in run_collection
                                                                 |     builder = CollectionBuilder(config, library, metadata, mapping_name, no_missing, collection_attrs)
                                                                 |   File "C:\Plex-Stack\Plex-Meta-Manager\modules\builder.py", line 557, in __init__
                                                                 |     raise Failed(f"{self.Type} Error: {method_final} attribute not supported")
                                                                 | modules.util.Failed: Collection Error: mal_search attribute not supported
                                                                 | 
[2023-01-31 10:57:57,139] [util.py:159]               [ERROR]    | Collection Error: mal_search attribute not supported
[2023-01-31 10:57:57,140] [plex_meta_manager.py:880]  [INFO]     | 
[2023-01-31 10:57:57,140] [util.py:209]               [INFO]     |====================================================================================================|
[2023-01-31 10:57:57,141] [util.py:216]               [INFO]     |                                Finished High Stakes Game Collection                                |
[2023-01-31 10:57:57,141] [util.py:216]               [INFO]     |                                    Collection Run Time: 0:00:00                                    |
[2023-01-31 10:57:57,141] [util.py:220]               [INFO]     |====================================================================================================|
[2023-01-31 10:57:57,143] [util.py:209]               [INFO]     |====================================================================================================|
[2023-01-31 10:57:57,144] [util.py:216]               [INFO]     |                                   Historical Collection in Anime                                   |
[2023-01-31 10:57:57,144] [util.py:220]               [INFO]     |====================================================================================================|
[2023-01-31 10:57:57,145] [plex_meta_manager.py:750]  [INFO]     |                                                                                                    |
[2023-01-31 10:57:57,145] [util.py:216]               [INFO]     |================================= Validating Historical Attributes =================================|
[2023-01-31 10:57:57,146] [builder.py:265]            [DEBUG]    |                                                                                                    |
[2023-01-31 10:57:57,146] [builder.py:266]            [DEBUG]    | Validating Method: template                                                                        |
[2023-01-31 10:57:57,146] [meta.py:83]                [DEBUG]    | Value: ordereddict([('name', 'Anime'), ('mal_id', 13), ('poster', 'https://theposterdb.com/api/assets/213640')]) |
[2023-01-31 10:57:57,146] [builder.py:330]            [DEBUG]    |                                                                                                    |
[2023-01-31 10:57:57,147] [builder.py:331]            [DEBUG]    | Validating Method: sync_mode                                                                       |
[2023-01-31 10:57:57,147] [builder.py:335]            [DEBUG]    | Value: sync                                                                                        |
[2023-01-31 10:57:57,147] [builder.py:453]            [DEBUG]    |                                                                                                    |
[2023-01-31 10:57:57,148] [builder.py:454]            [DEBUG]    | Validating Method: collection_order                                                                |
[2023-01-31 10:57:57,148] [builder.py:455]            [DEBUG]    | Value: alpha                                                                                       |
[2023-01-31 10:57:57,148] [builder.py:472]            [DEBUG]    |                                                                                                    |
[2023-01-31 10:57:57,149] [builder.py:473]            [DEBUG]    | Validating Method: mal_search                                                                      |
[2023-01-31 10:57:57,149] [builder.py:474]            [DEBUG]    | Value: {'genre': 13}                                                                               |
[2023-01-31 10:57:57,149] [util.py:162]               [DEBUG]    | Traceback (most recent call last):                                                                 |
                                                                 |   File "C:\Plex-Stack\Plex-Meta-Manager\plex_meta_manager.py", line 757, in run_collection
                                                                 |     builder = CollectionBuilder(config, library, metadata, mapping_name, no_missing, collection_attrs)
                                                                 |   File "C:\Plex-Stack\Plex-Meta-Manager\modules\builder.py", line 557, in __init__
                                                                 |     raise Failed(f"{self.Type} Error: {method_final} attribute not supported")
                                                                 | modules.util.Failed: Collection Error: mal_search attribute not supported
                                                                 | 
[2023-01-31 10:57:57,151] [util.py:159]               [ERROR]    | Collection Error: mal_search attribute not supported
[2023-01-31 10:57:57,152] [plex_meta_manager.py:880]  [INFO]     | 
[2023-01-31 10:57:57,152] [util.py:209]               [INFO]     |====================================================================================================|
[2023-01-31 10:57:57,153] [util.py:216]               [INFO]     |                                   Finished Historical Collection                                   |
[2023-01-31 10:57:57,153] [util.py:216]               [INFO]     |                                    Collection Run Time: 0:00:00                                    |
[2023-01-31 10:57:57,153] [util.py:220]               [INFO]     |====================================================================================================|
[2023-01-31 10:57:57,156] [util.py:209]               [INFO]     |====================================================================================================|
[2023-01-31 10:57:57,156] [util.py:216]               [INFO]     |                                  Idols Female Collection in Anime                                  |
[2023-01-31 10:57:57,156] [util.py:220]               [INFO]     |====================================================================================================|
[2023-01-31 10:57:57,157] [plex_meta_manager.py:750]  [INFO]     |                                                                                                    |
[2023-01-31 10:57:57,157] [util.py:216]               [INFO]     |================================ Validating Idols Female Attributes ================================|
[2023-01-31 10:57:57,158] [builder.py:265]            [DEBUG]    |                                                                                                    |
[2023-01-31 10:57:57,158] [builder.py:266]            [DEBUG]    | Validating Method: template                                                                        |
[2023-01-31 10:57:57,158] [meta.py:83]                [DEBUG]    | Value: ordereddict([('name', 'Anime'), ('mal_id', 60), ('poster', 'https://theposterdb.com/api/assets/240856')]) |
[2023-01-31 10:57:57,159] [builder.py:330]            [DEBUG]    |                                                                                                    |
[2023-01-31 10:57:57,159] [builder.py:331]            [DEBUG]    | Validating Method: sync_mode                                                                       |
[2023-01-31 10:57:57,159] [builder.py:335]            [DEBUG]    | Value: sync                                                                                        |
[2023-01-31 10:57:57,159] [builder.py:453]            [DEBUG]    |                                                                                                    |
[2023-01-31 10:57:57,160] [builder.py:454]            [DEBUG]    | Validating Method: collection_order                                                                |
[2023-01-31 10:57:57,160] [builder.py:455]            [DEBUG]    | Value: alpha                                                                                       |
[2023-01-31 10:57:57,160] [builder.py:472]            [DEBUG]    |                                                                                                    |
[2023-01-31 10:57:57,160] [builder.py:473]            [DEBUG]    | Validating Method: mal_search                                                                      |
[2023-01-31 10:57:57,161] [builder.py:474]            [DEBUG]    | Value: {'genre': 60}                                                                               |
[2023-01-31 10:57:57,161] [util.py:162]               [DEBUG]    | Traceback (most recent call last):                                                                 |
                                                                 |   File "C:\Plex-Stack\Plex-Meta-Manager\plex_meta_manager.py", line 757, in run_collection
                                                                 |     builder = CollectionBuilder(config, library, metadata, mapping_name, no_missing, collection_attrs)
                                                                 |   File "C:\Plex-Stack\Plex-Meta-Manager\modules\builder.py", line 557, in __init__
                                                                 |     raise Failed(f"{self.Type} Error: {method_final} attribute not supported")
                                                                 | modules.util.Failed: Collection Error: mal_search attribute not supported
                                                                 | 
[2023-01-31 10:57:57,163] [util.py:159]               [ERROR]    | Collection Error: mal_search attribute not supported
[2023-01-31 10:57:57,164] [plex_meta_manager.py:880]  [INFO]     | 
[2023-01-31 10:57:57,164] [util.py:209]               [INFO]     |====================================================================================================|
[2023-01-31 10:57:57,165] [util.py:216]               [INFO]     |                                  Finished Idols Female Collection                                  |
[2023-01-31 10:57:57,165] [util.py:216]               [INFO]     |                                    Collection Run Time: 0:00:00                                    |
[2023-01-31 10:57:57,165] [util.py:220]               [INFO]     |====================================================================================================|
[2023-01-31 10:57:57,167] [util.py:209]               [INFO]     |====================================================================================================|
[2023-01-31 10:57:57,168] [util.py:216]               [INFO]     |                                   Idols Male Collection in Anime                                   |
[2023-01-31 10:57:57,168] [util.py:220]               [INFO]     |====================================================================================================|
[2023-01-31 10:57:57,168] [plex_meta_manager.py:750]  [INFO]     |                                                                                                    |
[2023-01-31 10:57:57,169] [util.py:216]               [INFO]     |================================= Validating Idols Male Attributes =================================|
[2023-01-31 10:57:57,169] [builder.py:265]            [DEBUG]    |                                                                                                    |
[2023-01-31 10:57:57,170] [builder.py:266]            [DEBUG]    | Validating Method: template                                                                        |
[2023-01-31 10:57:57,170] [meta.py:83]                [DEBUG]    | Value: ordereddict([('name', 'Anime'), ('mal_id', 61), ('poster', 'https://theposterdb.com/api/assets/240857')]) |
[2023-01-31 10:57:57,170] [builder.py:330]            [DEBUG]    |                                                                                                    |
[2023-01-31 10:57:57,171] [builder.py:331]            [DEBUG]    | Validating Method: sync_mode                                                                       |
[2023-01-31 10:57:57,171] [builder.py:335]            [DEBUG]    | Value: sync                                                                                        |
[2023-01-31 10:57:57,171] [builder.py:453]            [DEBUG]    |                                                                                                    |
[2023-01-31 10:57:57,171] [builder.py:454]            [DEBUG]    | Validating Method: collection_order                                                                |
[2023-01-31 10:57:57,172] [builder.py:455]            [DEBUG]    | Value: alpha                                                                                       |
[2023-01-31 10:57:57,172] [builder.py:472]            [DEBUG]    |                                                                                                    |
[2023-01-31 10:57:57,172] [builder.py:473]            [DEBUG]    | Validating Method: mal_search                                                                      |
[2023-01-31 10:57:57,172] [builder.py:474]            [DEBUG]    | Value: {'genre': 61}                                                                               |
[2023-01-31 10:57:57,173] [util.py:162]               [DEBUG]    | Traceback (most recent call last):                                                                 |
                                                                 |   File "C:\Plex-Stack\Plex-Meta-Manager\plex_meta_manager.py", line 757, in run_collection
                                                                 |     builder = CollectionBuilder(config, library, metadata, mapping_name, no_missing, collection_attrs)
                                                                 |   File "C:\Plex-Stack\Plex-Meta-Manager\modules\builder.py", line 557, in __init__
                                                                 |     raise Failed(f"{self.Type} Error: {method_final} attribute not supported")
                                                                 | modules.util.Failed: Collection Error: mal_search attribute not supported
                                                                 | 
[2023-01-31 10:57:57,175] [util.py:159]               [ERROR]    | Collection Error: mal_search attribute not supported
[2023-01-31 10:57:57,175] [plex_meta_manager.py:880]  [INFO]     | 
[2023-01-31 10:57:57,176] [util.py:209]               [INFO]     |====================================================================================================|
[2023-01-31 10:57:57,176] [util.py:216]               [INFO]     |                                   Finished Idols Male Collection                                   |
[2023-01-31 10:57:57,177] [util.py:216]               [INFO]     |                                    Collection Run Time: 0:00:00                                    |
[2023-01-31 10:57:57,177] [util.py:220]               [INFO]     |====================================================================================================|
[2023-01-31 10:57:57,179] [util.py:209]               [INFO]     |====================================================================================================|
[2023-01-31 10:57:57,180] [util.py:216]               [INFO]     |                                     Isekai Collection in Anime                                     |
[2023-01-31 10:57:57,180] [util.py:220]               [INFO]     |====================================================================================================|
[2023-01-31 10:57:57,181] [plex_meta_manager.py:750]  [INFO]     |                                                                                                    |
[2023-01-31 10:57:57,181] [util.py:216]               [INFO]     |=================================== Validating Isekai Attributes ===================================|
[2023-01-31 10:57:57,182] [builder.py:265]            [DEBUG]    |                                                                                                    |
[2023-01-31 10:57:57,182] [builder.py:266]            [DEBUG]    | Validating Method: template                                                                        |
[2023-01-31 10:57:57,182] [meta.py:83]                [DEBUG]    | Value: ordereddict([('name', 'Anime'), ('mal_id', 62), ('poster', 'https://theposterdb.com/api/assets/240156')]) |
[2023-01-31 10:57:57,183] [builder.py:330]            [DEBUG]    |                                                                                                    |
[2023-01-31 10:57:57,183] [builder.py:331]            [DEBUG]    | Validating Method: sync_mode                                                                       |
[2023-01-31 10:57:57,183] [builder.py:335]            [DEBUG]    | Value: sync                                                                                        |
[2023-01-31 10:57:57,183] [builder.py:453]            [DEBUG]    |                                                                                                    |
[2023-01-31 10:57:57,184] [builder.py:454]            [DEBUG]    | Validating Method: collection_order                                                                |
[2023-01-31 10:57:57,184] [builder.py:455]            [DEBUG]    | Value: alpha                                                                                       |
[2023-01-31 10:57:57,184] [builder.py:472]            [DEBUG]    |                                                                                                    |
[2023-01-31 10:57:57,185] [builder.py:473]            [DEBUG]    | Validating Method: mal_search                                                                      |
[2023-01-31 10:57:57,185] [builder.py:474]            [DEBUG]    | Value: {'genre': 62}                                                                               |
[2023-01-31 10:57:57,185] [util.py:162]               [DEBUG]    | Traceback (most recent call last):                                                                 |
                                                                 |   File "C:\Plex-Stack\Plex-Meta-Manager\plex_meta_manager.py", line 757, in run_collection
                                                                 |     builder = CollectionBuilder(config, library, metadata, mapping_name, no_missing, collection_attrs)
                                                                 |   File "C:\Plex-Stack\Plex-Meta-Manager\modules\builder.py", line 557, in __init__
                                                                 |     raise Failed(f"{self.Type} Error: {method_final} attribute not supported")
                                                                 | modules.util.Failed: Collection Error: mal_search attribute not supported
                                                                 | 
[2023-01-31 10:57:57,187] [util.py:159]               [ERROR]    | Collection Error: mal_search attribute not supported
[2023-01-31 10:57:57,187] [plex_meta_manager.py:880]  [INFO]     | 
[2023-01-31 10:57:57,188] [util.py:209]               [INFO]     |====================================================================================================|
[2023-01-31 10:57:57,188] [util.py:216]               [INFO]     |                                     Finished Isekai Collection                                     |
[2023-01-31 10:57:57,189] [util.py:216]               [INFO]     |                                    Collection Run Time: 0:00:00                                    |
[2023-01-31 10:57:57,189] [util.py:220]               [INFO]     |====================================================================================================|
[2023-01-31 10:57:57,192] [util.py:209]               [INFO]     |====================================================================================================|
[2023-01-31 10:57:57,192] [util.py:216]               [INFO]     |                                   Iyashikei Collection in Anime                                    |
[2023-01-31 10:57:57,193] [util.py:220]               [INFO]     |====================================================================================================|
[2023-01-31 10:57:57,193] [plex_meta_manager.py:750]  [INFO]     |                                                                                                    |
[2023-01-31 10:57:57,194] [util.py:216]               [INFO]     |================================= Validating Iyashikei Attributes ==================================|
[2023-01-31 10:57:57,194] [builder.py:265]            [DEBUG]    |                                                                                                    |
[2023-01-31 10:57:57,194] [builder.py:266]            [DEBUG]    | Validating Method: template                                                                        |
[2023-01-31 10:57:57,195] [meta.py:83]                [DEBUG]    | Value: ordereddict([('name', 'Anime'), ('mal_id', 63), ('poster', 'https://theposterdb.com/api/assets/240157')]) |
[2023-01-31 10:57:57,195] [builder.py:330]            [DEBUG]    |                                                                                                    |
[2023-01-31 10:57:57,195] [builder.py:331]            [DEBUG]    | Validating Method: sync_mode                                                                       |
[2023-01-31 10:57:57,195] [builder.py:335]            [DEBUG]    | Value: sync                                                                                        |
[2023-01-31 10:57:57,196] [builder.py:453]            [DEBUG]    |                                                                                                    |
[2023-01-31 10:57:57,196] [builder.py:454]            [DEBUG]    | Validating Method: collection_order                                                                |
[2023-01-31 10:57:57,196] [builder.py:455]            [DEBUG]    | Value: alpha                                                                                       |
[2023-01-31 10:57:57,196] [builder.py:472]            [DEBUG]    |                                                                                                    |
[2023-01-31 10:57:57,197] [builder.py:473]            [DEBUG]    | Validating Method: mal_search                                                                      |
[2023-01-31 10:57:57,197] [builder.py:474]            [DEBUG]    | Value: {'genre': 63}                                                                               |
[2023-01-31 10:57:57,197] [util.py:162]               [DEBUG]    | Traceback (most recent call last):                                                                 |
                                                                 |   File "C:\Plex-Stack\Plex-Meta-Manager\plex_meta_manager.py", line 757, in run_collection
                                                                 |     builder = CollectionBuilder(config, library, metadata, mapping_name, no_missing, collection_attrs)
                                                                 |   File "C:\Plex-Stack\Plex-Meta-Manager\modules\builder.py", line 557, in __init__
                                                                 |     raise Failed(f"{self.Type} Error: {method_final} attribute not supported")
                                                                 | modules.util.Failed: Collection Error: mal_search attribute not supported
                                                                 | 
[2023-01-31 10:57:57,199] [util.py:159]               [ERROR]    | Collection Error: mal_search attribute not supported
[2023-01-31 10:57:57,200] [plex_meta_manager.py:880]  [INFO]     | 
[2023-01-31 10:57:57,200] [util.py:209]               [INFO]     |====================================================================================================|
[2023-01-31 10:57:57,200] [util.py:216]               [INFO]     |                                   Finished Iyashikei Collection                                    |
[2023-01-31 10:57:57,201] [util.py:216]               [INFO]     |                                    Collection Run Time: 0:00:00                                    |
[2023-01-31 10:57:57,202] [util.py:220]               [INFO]     |====================================================================================================|
[2023-01-31 10:57:57,204] [util.py:209]               [INFO]     |====================================================================================================|
[2023-01-31 10:57:57,205] [util.py:216]               [INFO]     |                                  Love Polygon Collection in Anime                                  |
[2023-01-31 10:57:57,205] [util.py:220]               [INFO]     |====================================================================================================|
[2023-01-31 10:57:57,206] [plex_meta_manager.py:750]  [INFO]     |                                                                                                    |
[2023-01-31 10:57:57,206] [util.py:216]               [INFO]     |================================ Validating Love Polygon Attributes ================================|
[2023-01-31 10:57:57,207] [builder.py:265]            [DEBUG]    |                                                                                                    |
[2023-01-31 10:57:57,207] [builder.py:266]            [DEBUG]    | Validating Method: template                                                                        |
[2023-01-31 10:57:57,207] [meta.py:83]                [DEBUG]    | Value: ordereddict([('name', 'Anime'), ('mal_id', 64), ('poster', 'https://theposterdb.com/api/assets/240860')]) |
[2023-01-31 10:57:57,208] [builder.py:330]            [DEBUG]    |                                                                                                    |
[2023-01-31 10:57:57,208] [builder.py:331]            [DEBUG]    | Validating Method: sync_mode                                                                       |
[2023-01-31 10:57:57,208] [builder.py:335]            [DEBUG]    | Value: sync                                                                                        |
[2023-01-31 10:57:57,209] [builder.py:453]            [DEBUG]    |                                                                                                    |
[2023-01-31 10:57:57,209] [builder.py:454]            [DEBUG]    | Validating Method: collection_order                                                                |
[2023-01-31 10:57:57,209] [builder.py:455]            [DEBUG]    | Value: alpha                                                                                       |
[2023-01-31 10:57:57,210] [builder.py:472]            [DEBUG]    |                                                                                                    |
[2023-01-31 10:57:57,210] [builder.py:473]            [DEBUG]    | Validating Method: mal_search                                                                      |
[2023-01-31 10:57:57,210] [builder.py:474]            [DEBUG]    | Value: {'genre': 64}                                                                               |
[2023-01-31 10:57:57,211] [util.py:162]               [DEBUG]    | Traceback (most recent call last):                                                                 |
                                                                 |   File "C:\Plex-Stack\Plex-Meta-Manager\plex_meta_manager.py", line 757, in run_collection
                                                                 |     builder = CollectionBuilder(config, library, metadata, mapping_name, no_missing, collection_attrs)
                                                                 |   File "C:\Plex-Stack\Plex-Meta-Manager\modules\builder.py", line 557, in __init__
                                                                 |     raise Failed(f"{self.Type} Error: {method_final} attribute not supported")
                                                                 | modules.util.Failed: Collection Error: mal_search attribute not supported
                                                                 | 
[2023-01-31 10:57:57,212] [util.py:159]               [ERROR]    | Collection Error: mal_search attribute not supported
[2023-01-31 10:57:57,213] [plex_meta_manager.py:880]  [INFO]     | 
[2023-01-31 10:57:57,213] [util.py:209]               [INFO]     |====================================================================================================|
[2023-01-31 10:57:57,213] [util.py:216]               [INFO]     |                                  Finished Love Polygon Collection                                  |
[2023-01-31 10:57:57,214] [util.py:216]               [INFO]     |                                    Collection Run Time: 0:00:00                                    |
[2023-01-31 10:57:57,214] [util.py:220]               [INFO]     |====================================================================================================|
[2023-01-31 10:57:57,216] [util.py:209]               [INFO]     |====================================================================================================|
[2023-01-31 10:57:57,217] [util.py:216]               [INFO]     |                               Magical Sex Shift Collection in Anime                                |
[2023-01-31 10:57:57,218] [util.py:220]               [INFO]     |====================================================================================================|
[2023-01-31 10:57:57,218] [plex_meta_manager.py:750]  [INFO]     |                                                                                                    |
[2023-01-31 10:57:57,219] [util.py:216]               [INFO]     |============================= Validating Magical Sex Shift Attributes ==============================|
[2023-01-31 10:57:57,219] [builder.py:265]            [DEBUG]    |                                                                                                    |
[2023-01-31 10:57:57,219] [builder.py:266]            [DEBUG]    | Validating Method: template                                                                        |
[2023-01-31 10:57:57,220] [meta.py:83]                [DEBUG]    | Value: ordereddict([('name', 'Anime'), ('mal_id', 65), ('poster', 'https://theposterdb.com/api/assets/240861')]) |
[2023-01-31 10:57:57,220] [builder.py:330]            [DEBUG]    |                                                                                                    |
[2023-01-31 10:57:57,221] [builder.py:331]            [DEBUG]    | Validating Method: sync_mode                                                                       |
[2023-01-31 10:57:57,221] [builder.py:335]            [DEBUG]    | Value: sync                                                                                        |
[2023-01-31 10:57:57,221] [builder.py:453]            [DEBUG]    |                                                                                                    |
[2023-01-31 10:57:57,221] [builder.py:454]            [DEBUG]    | Validating Method: collection_order                                                                |
[2023-01-31 10:57:57,222] [builder.py:455]            [DEBUG]    | Value: alpha                                                                                       |
[2023-01-31 10:57:57,222] [builder.py:472]            [DEBUG]    |                                                                                                    |
[2023-01-31 10:57:57,222] [builder.py:473]            [DEBUG]    | Validating Method: mal_search                                                                      |
[2023-01-31 10:57:57,223] [builder.py:474]            [DEBUG]    | Value: {'genre': 65}                                                                               |
[2023-01-31 10:57:57,223] [util.py:162]               [DEBUG]    | Traceback (most recent call last):                                                                 |
                                                                 |   File "C:\Plex-Stack\Plex-Meta-Manager\plex_meta_manager.py", line 757, in run_collection
                                                                 |     builder = CollectionBuilder(config, library, metadata, mapping_name, no_missing, collection_attrs)
                                                                 |   File "C:\Plex-Stack\Plex-Meta-Manager\modules\builder.py", line 557, in __init__
                                                                 |     raise Failed(f"{self.Type} Error: {method_final} attribute not supported")
                                                                 | modules.util.Failed: Collection Error: mal_search attribute not supported
                                                                 | 
[2023-01-31 10:57:57,225] [util.py:159]               [ERROR]    | Collection Error: mal_search attribute not supported
[2023-01-31 10:57:57,225] [plex_meta_manager.py:880]  [INFO]     | 
[2023-01-31 10:57:57,226] [util.py:209]               [INFO]     |====================================================================================================|
[2023-01-31 10:57:57,226] [util.py:216]               [INFO]     |                               Finished Magical Sex Shift Collection                                |
[2023-01-31 10:57:57,226] [util.py:216]               [INFO]     |                                    Collection Run Time: 0:00:00                                    |
[2023-01-31 10:57:57,226] [util.py:220]               [INFO]     |====================================================================================================|
[2023-01-31 10:57:57,228] [util.py:209]               [INFO]     |====================================================================================================|
[2023-01-31 10:57:57,229] [util.py:216]               [INFO]     |                                  Mahou Shoujo Collection in Anime                                  |
[2023-01-31 10:57:57,229] [util.py:220]               [INFO]     |====================================================================================================|
[2023-01-31 10:57:57,230] [plex_meta_manager.py:750]  [INFO]     |                                                                                                    |
[2023-01-31 10:57:57,230] [util.py:216]               [INFO]     |================================ Validating Mahou Shoujo Attributes ================================|
[2023-01-31 10:57:57,231] [builder.py:265]            [DEBUG]    |                                                                                                    |
[2023-01-31 10:57:57,231] [builder.py:266]            [DEBUG]    | Validating Method: template                                                                        |
[2023-01-31 10:57:57,231] [meta.py:83]                [DEBUG]    | Value: ordereddict([('name', 'Anime'), ('mal_id', 66), ('poster', 'https://theposterdb.com/api/assets/240158')]) |
[2023-01-31 10:57:57,231] [builder.py:330]            [DEBUG]    |                                                                                                    |
[2023-01-31 10:57:57,232] [builder.py:331]            [DEBUG]    | Validating Method: sync_mode                                                                       |
[2023-01-31 10:57:57,232] [builder.py:335]            [DEBUG]    | Value: sync                                                                                        |
[2023-01-31 10:57:57,233] [builder.py:453]            [DEBUG]    |                                                                                                    |
[2023-01-31 10:57:57,233] [builder.py:454]            [DEBUG]    | Validating Method: collection_order                                                                |
[2023-01-31 10:57:57,233] [builder.py:455]            [DEBUG]    | Value: alpha                                                                                       |
[2023-01-31 10:57:57,234] [builder.py:472]            [DEBUG]    |                                                                                                    |
[2023-01-31 10:57:57,234] [builder.py:473]            [DEBUG]    | Validating Method: mal_search                                                                      |
[2023-01-31 10:57:57,234] [builder.py:474]            [DEBUG]    | Value: {'genre': 66}                                                                               |
[2023-01-31 10:57:57,235] [util.py:162]               [DEBUG]    | Traceback (most recent call last):                                                                 |
                                                                 |   File "C:\Plex-Stack\Plex-Meta-Manager\plex_meta_manager.py", line 757, in run_collection
                                                                 |     builder = CollectionBuilder(config, library, metadata, mapping_name, no_missing, collection_attrs)
                                                                 |   File "C:\Plex-Stack\Plex-Meta-Manager\modules\builder.py", line 557, in __init__
                                                                 |     raise Failed(f"{self.Type} Error: {method_final} attribute not supported")
                                                                 | modules.util.Failed: Collection Error: mal_search attribute not supported
                                                                 | 
[2023-01-31 10:57:57,236] [util.py:159]               [ERROR]    | Collection Error: mal_search attribute not supported
[2023-01-31 10:57:57,237] [plex_meta_manager.py:880]  [INFO]     | 
[2023-01-31 10:57:57,237] [util.py:209]               [INFO]     |====================================================================================================|
[2023-01-31 10:57:57,238] [util.py:216]               [INFO]     |                                  Finished Mahou Shoujo Collection                                  |
[2023-01-31 10:57:57,238] [util.py:216]               [INFO]     |                                    Collection Run Time: 0:00:00                                    |
[2023-01-31 10:57:57,238] [util.py:220]               [INFO]     |====================================================================================================|
[2023-01-31 10:57:57,240] [util.py:209]               [INFO]     |====================================================================================================|
[2023-01-31 10:57:57,241] [util.py:216]               [INFO]     |                                  Martial Arts Collection in Anime                                  |
[2023-01-31 10:57:57,241] [util.py:220]               [INFO]     |====================================================================================================|
[2023-01-31 10:57:57,241] [plex_meta_manager.py:750]  [INFO]     |                                                                                                    |
[2023-01-31 10:57:57,242] [util.py:216]               [INFO]     |================================ Validating Martial Arts Attributes ================================|
[2023-01-31 10:57:57,242] [builder.py:265]            [DEBUG]    |                                                                                                    |
[2023-01-31 10:57:57,243] [builder.py:266]            [DEBUG]    | Validating Method: template                                                                        |
[2023-01-31 10:57:57,243] [meta.py:83]                [DEBUG]    | Value: ordereddict([('name', 'Anime'), ('mal_id', 17), ('poster', 'https://theposterdb.com/api/assets/213628')]) |
[2023-01-31 10:57:57,243] [builder.py:330]            [DEBUG]    |                                                                                                    |
[2023-01-31 10:57:57,244] [builder.py:331]            [DEBUG]    | Validating Method: sync_mode                                                                       |
[2023-01-31 10:57:57,244] [builder.py:335]            [DEBUG]    | Value: sync                                                                                        |
[2023-01-31 10:57:57,244] [builder.py:453]            [DEBUG]    |                                                                                                    |
[2023-01-31 10:57:57,244] [builder.py:454]            [DEBUG]    | Validating Method: collection_order                                                                |
[2023-01-31 10:57:57,245] [builder.py:455]            [DEBUG]    | Value: alpha                                                                                       |
[2023-01-31 10:57:57,245] [builder.py:472]            [DEBUG]    |                                                                                                    |
[2023-01-31 10:57:57,245] [builder.py:473]            [DEBUG]    | Validating Method: mal_search                                                                      |
[2023-01-31 10:57:57,246] [builder.py:474]            [DEBUG]    | Value: {'genre': 17}                                                                               |
[2023-01-31 10:57:57,246] [util.py:162]               [DEBUG]    | Traceback (most recent call last):                                                                 |
                                                                 |   File "C:\Plex-Stack\Plex-Meta-Manager\plex_meta_manager.py", line 757, in run_collection
                                                                 |     builder = CollectionBuilder(config, library, metadata, mapping_name, no_missing, collection_attrs)
                                                                 |   File "C:\Plex-Stack\Plex-Meta-Manager\modules\builder.py", line 557, in __init__
                                                                 |     raise Failed(f"{self.Type} Error: {method_final} attribute not supported")
                                                                 | modules.util.Failed: Collection Error: mal_search attribute not supported
                                                                 | 
[2023-01-31 10:57:57,248] [util.py:159]               [ERROR]    | Collection Error: mal_search attribute not supported
[2023-01-31 10:57:57,249] [plex_meta_manager.py:880]  [INFO]     | 
[2023-01-31 10:57:57,249] [util.py:209]               [INFO]     |====================================================================================================|
[2023-01-31 10:57:57,250] [util.py:216]               [INFO]     |                                  Finished Martial Arts Collection                                  |
[2023-01-31 10:57:57,250] [util.py:216]               [INFO]     |                                    Collection Run Time: 0:00:00                                    |
[2023-01-31 10:57:57,250] [util.py:220]               [INFO]     |====================================================================================================|
[2023-01-31 10:57:57,252] [util.py:209]               [INFO]     |====================================================================================================|
[2023-01-31 10:57:57,253] [util.py:216]               [INFO]     |                                     Mecha Collection in Anime                                      |
[2023-01-31 10:57:57,253] [util.py:220]               [INFO]     |====================================================================================================|
[2023-01-31 10:57:57,254] [plex_meta_manager.py:750]  [INFO]     |                                                                                                    |
[2023-01-31 10:57:57,254] [util.py:216]               [INFO]     |=================================== Validating Mecha Attributes ====================================|
[2023-01-31 10:57:57,254] [builder.py:265]            [DEBUG]    |                                                                                                    |
[2023-01-31 10:57:57,255] [builder.py:266]            [DEBUG]    | Validating Method: template                                                                        |
[2023-01-31 10:57:57,255] [meta.py:83]                [DEBUG]    | Value: ordereddict([('name', 'Anime'), ('mal_id', 18), ('poster', 'https://theposterdb.com/api/assets/213668')]) |
[2023-01-31 10:57:57,255] [builder.py:330]            [DEBUG]    |                                                                                                    |
[2023-01-31 10:57:57,256] [builder.py:331]            [DEBUG]    | Validating Method: sync_mode                                                                       |
[2023-01-31 10:57:57,256] [builder.py:335]            [DEBUG]    | Value: sync                                                                                        |
[2023-01-31 10:57:57,256] [builder.py:453]            [DEBUG]    |                                                                                                    |
[2023-01-31 10:57:57,256] [builder.py:454]            [DEBUG]    | Validating Method: collection_order                                                                |
[2023-01-31 10:57:57,257] [builder.py:455]            [DEBUG]    | Value: alpha                                                                                       |
[2023-01-31 10:57:57,257] [builder.py:472]            [DEBUG]    |                                                                                                    |
[2023-01-31 10:57:57,257] [builder.py:473]            [DEBUG]    | Validating Method: mal_search                                                                      |
[2023-01-31 10:57:57,258] [builder.py:474]            [DEBUG]    | Value: {'genre': 18}                                                                               |
[2023-01-31 10:57:57,258] [util.py:162]               [DEBUG]    | Traceback (most recent call last):                                                                 |
                                                                 |   File "C:\Plex-Stack\Plex-Meta-Manager\plex_meta_manager.py", line 757, in run_collection
                                                                 |     builder = CollectionBuilder(config, library, metadata, mapping_name, no_missing, collection_attrs)
                                                                 |   File "C:\Plex-Stack\Plex-Meta-Manager\modules\builder.py", line 557, in __init__
                                                                 |     raise Failed(f"{self.Type} Error: {method_final} attribute not supported")
                                                                 | modules.util.Failed: Collection Error: mal_search attribute not supported
                                                                 | 
[2023-01-31 10:57:57,260] [util.py:159]               [ERROR]    | Collection Error: mal_search attribute not supported
[2023-01-31 10:57:57,261] [plex_meta_manager.py:880]  [INFO]     | 
[2023-01-31 10:57:57,261] [util.py:209]               [INFO]     |====================================================================================================|
[2023-01-31 10:57:57,261] [util.py:216]               [INFO]     |                                     Finished Mecha Collection                                      |
[2023-01-31 10:57:57,262] [util.py:216]               [INFO]     |                                    Collection Run Time: 0:00:00                                    |
[2023-01-31 10:57:57,262] [util.py:220]               [INFO]     |====================================================================================================|
[2023-01-31 10:57:57,265] [util.py:209]               [INFO]     |====================================================================================================|
[2023-01-31 10:57:57,265] [util.py:216]               [INFO]     |                                    Medical Collection in Anime                                     |
[2023-01-31 10:57:57,266] [util.py:220]               [INFO]     |====================================================================================================|
[2023-01-31 10:57:57,266] [plex_meta_manager.py:750]  [INFO]     |                                                                                                    |
[2023-01-31 10:57:57,267] [util.py:216]               [INFO]     |================================== Validating Medical Attributes ===================================|
[2023-01-31 10:57:57,267] [builder.py:265]            [DEBUG]    |                                                                                                    |
[2023-01-31 10:57:57,268] [builder.py:266]            [DEBUG]    | Validating Method: template                                                                        |
[2023-01-31 10:57:57,268] [meta.py:83]                [DEBUG]    | Value: ordereddict([('name', 'Anime'), ('mal_id', 67), ('poster', 'https://theposterdb.com/api/assets/240159')]) |
[2023-01-31 10:57:57,268] [builder.py:330]            [DEBUG]    |                                                                                                    |
[2023-01-31 10:57:57,268] [builder.py:331]            [DEBUG]    | Validating Method: sync_mode                                                                       |
[2023-01-31 10:57:57,269] [builder.py:335]            [DEBUG]    | Value: sync                                                                                        |
[2023-01-31 10:57:57,269] [builder.py:453]            [DEBUG]    |                                                                                                    |
[2023-01-31 10:57:57,269] [builder.py:454]            [DEBUG]    | Validating Method: collection_order                                                                |
[2023-01-31 10:57:57,270] [builder.py:455]            [DEBUG]    | Value: alpha                                                                                       |
[2023-01-31 10:57:57,270] [builder.py:472]            [DEBUG]    |                                                                                                    |
[2023-01-31 10:57:57,270] [builder.py:473]            [DEBUG]    | Validating Method: mal_search                                                                      |
[2023-01-31 10:57:57,271] [builder.py:474]            [DEBUG]    | Value: {'genre': 67}                                                                               |
[2023-01-31 10:57:57,271] [util.py:162]               [DEBUG]    | Traceback (most recent call last):                                                                 |
                                                                 |   File "C:\Plex-Stack\Plex-Meta-Manager\plex_meta_manager.py", line 757, in run_collection
                                                                 |     builder = CollectionBuilder(config, library, metadata, mapping_name, no_missing, collection_attrs)
                                                                 |   File "C:\Plex-Stack\Plex-Meta-Manager\modules\builder.py", line 557, in __init__
                                                                 |     raise Failed(f"{self.Type} Error: {method_final} attribute not supported")
                                                                 | modules.util.Failed: Collection Error: mal_search attribute not supported
                                                                 | 
[2023-01-31 10:57:57,273] [util.py:159]               [ERROR]    | Collection Error: mal_search attribute not supported
[2023-01-31 10:57:57,274] [plex_meta_manager.py:880]  [INFO]     | 
[2023-01-31 10:57:57,274] [util.py:209]               [INFO]     |====================================================================================================|
[2023-01-31 10:57:57,275] [util.py:216]               [INFO]     |                                    Finished Medical Collection                                     |
[2023-01-31 10:57:57,275] [util.py:216]               [INFO]     |                                    Collection Run Time: 0:00:00                                    |
[2023-01-31 10:57:57,275] [util.py:220]               [INFO]     |====================================================================================================|
[2023-01-31 10:57:57,278] [util.py:209]               [INFO]     |====================================================================================================|
[2023-01-31 10:57:57,278] [util.py:216]               [INFO]     |                                    Military Collection in Anime                                    |
[2023-01-31 10:57:57,279] [util.py:220]               [INFO]     |====================================================================================================|
[2023-01-31 10:57:57,280] [plex_meta_manager.py:750]  [INFO]     |                                                                                                    |
[2023-01-31 10:57:57,280] [util.py:216]               [INFO]     |================================== Validating Military Attributes ==================================|
[2023-01-31 10:57:57,281] [builder.py:265]            [DEBUG]    |                                                                                                    |
[2023-01-31 10:57:57,281] [builder.py:266]            [DEBUG]    | Validating Method: template                                                                        |
[2023-01-31 10:57:57,281] [meta.py:83]                [DEBUG]    | Value: ordereddict([('name', 'Anime'), ('mal_id', 38), ('poster', 'https://theposterdb.com/api/assets/240160')]) |
[2023-01-31 10:57:57,282] [builder.py:330]            [DEBUG]    |                                                                                                    |
[2023-01-31 10:57:57,282] [builder.py:331]            [DEBUG]    | Validating Method: sync_mode                                                                       |
[2023-01-31 10:57:57,282] [builder.py:335]            [DEBUG]    | Value: sync                                                                                        |
[2023-01-31 10:57:57,282] [builder.py:453]            [DEBUG]    |                                                                                                    |
[2023-01-31 10:57:57,283] [builder.py:454]            [DEBUG]    | Validating Method: collection_order                                                                |
[2023-01-31 10:57:57,283] [builder.py:455]            [DEBUG]    | Value: alpha                                                                                       |
[2023-01-31 10:57:57,283] [builder.py:472]            [DEBUG]    |                                                                                                    |
[2023-01-31 10:57:57,284] [builder.py:473]            [DEBUG]    | Validating Method: mal_search                                                                      |
[2023-01-31 10:57:57,284] [builder.py:474]            [DEBUG]    | Value: {'genre': 38}                                                                               |
[2023-01-31 10:57:57,284] [util.py:162]               [DEBUG]    | Traceback (most recent call last):                                                                 |
                                                                 |   File "C:\Plex-Stack\Plex-Meta-Manager\plex_meta_manager.py", line 757, in run_collection
                                                                 |     builder = CollectionBuilder(config, library, metadata, mapping_name, no_missing, collection_attrs)
                                                                 |   File "C:\Plex-Stack\Plex-Meta-Manager\modules\builder.py", line 557, in __init__
                                                                 |     raise Failed(f"{self.Type} Error: {method_final} attribute not supported")
                                                                 | modules.util.Failed: Collection Error: mal_search attribute not supported
                                                                 | 
[2023-01-31 10:57:57,286] [util.py:159]               [ERROR]    | Collection Error: mal_search attribute not supported
[2023-01-31 10:57:57,287] [plex_meta_manager.py:880]  [INFO]     | 
[2023-01-31 10:57:57,287] [util.py:209]               [INFO]     |====================================================================================================|
[2023-01-31 10:57:57,287] [util.py:216]               [INFO]     |                                    Finished Military Collection                                    |
[2023-01-31 10:57:57,288] [util.py:216]               [INFO]     |                                    Collection Run Time: 0:00:00                                    |
[2023-01-31 10:57:57,288] [util.py:220]               [INFO]     |====================================================================================================|
[2023-01-31 10:57:57,290] [util.py:209]               [INFO]     |====================================================================================================|
[2023-01-31 10:57:57,291] [util.py:216]               [INFO]     |                                     Music Collection in Anime                                      |
[2023-01-31 10:57:57,291] [util.py:220]               [INFO]     |====================================================================================================|
[2023-01-31 10:57:57,292] [plex_meta_manager.py:750]  [INFO]     |                                                                                                    |
[2023-01-31 10:57:57,292] [util.py:216]               [INFO]     |=================================== Validating Music Attributes ====================================|
[2023-01-31 10:57:57,293] [builder.py:265]            [DEBUG]    |                                                                                                    |
[2023-01-31 10:57:57,293] [builder.py:266]            [DEBUG]    | Validating Method: template                                                                        |
[2023-01-31 10:57:57,293] [meta.py:83]                [DEBUG]    | Value: ordereddict([('name', 'Anime'), ('mal_id', 19), ('poster', 'https://theposterdb.com/api/assets/213639')]) |
[2023-01-31 10:57:57,294] [builder.py:330]            [DEBUG]    |                                                                                                    |
[2023-01-31 10:57:57,294] [builder.py:331]            [DEBUG]    | Validating Method: sync_mode                                                                       |
[2023-01-31 10:57:57,294] [builder.py:335]            [DEBUG]    | Value: sync                                                                                        |
[2023-01-31 10:57:57,294] [builder.py:453]            [DEBUG]    |                                                                                                    |
[2023-01-31 10:57:57,295] [builder.py:454]            [DEBUG]    | Validating Method: collection_order                                                                |
[2023-01-31 10:57:57,295] [builder.py:455]            [DEBUG]    | Value: alpha                                                                                       |
[2023-01-31 10:57:57,295] [builder.py:472]            [DEBUG]    |                                                                                                    |
[2023-01-31 10:57:57,296] [builder.py:473]            [DEBUG]    | Validating Method: mal_search                                                                      |
[2023-01-31 10:57:57,296] [builder.py:474]            [DEBUG]    | Value: {'genre': 19}                                                                               |
[2023-01-31 10:57:57,296] [util.py:162]               [DEBUG]    | Traceback (most recent call last):                                                                 |
                                                                 |   File "C:\Plex-Stack\Plex-Meta-Manager\plex_meta_manager.py", line 757, in run_collection
                                                                 |     builder = CollectionBuilder(config, library, metadata, mapping_name, no_missing, collection_attrs)
                                                                 |   File "C:\Plex-Stack\Plex-Meta-Manager\modules\builder.py", line 557, in __init__
                                                                 |     raise Failed(f"{self.Type} Error: {method_final} attribute not supported")
                                                                 | modules.util.Failed: Collection Error: mal_search attribute not supported
                                                                 | 
[2023-01-31 10:57:57,298] [util.py:159]               [ERROR]    | Collection Error: mal_search attribute not supported
[2023-01-31 10:57:57,298] [plex_meta_manager.py:880]  [INFO]     | 
[2023-01-31 10:57:57,299] [util.py:209]               [INFO]     |====================================================================================================|
[2023-01-31 10:57:57,299] [util.py:216]               [INFO]     |                                     Finished Music Collection                                      |
[2023-01-31 10:57:57,299] [util.py:216]               [INFO]     |                                    Collection Run Time: 0:00:00                                    |
[2023-01-31 10:57:57,300] [util.py:220]               [INFO]     |====================================================================================================|
[2023-01-31 10:57:57,302] [util.py:209]               [INFO]     |====================================================================================================|
[2023-01-31 10:57:57,303] [util.py:216]               [INFO]     |                                   Mythology Collection in Anime                                    |
[2023-01-31 10:57:57,303] [util.py:220]               [INFO]     |====================================================================================================|
[2023-01-31 10:57:57,303] [plex_meta_manager.py:750]  [INFO]     |                                                                                                    |
[2023-01-31 10:57:57,304] [util.py:216]               [INFO]     |================================= Validating Mythology Attributes ==================================|
[2023-01-31 10:57:57,304] [builder.py:265]            [DEBUG]    |                                                                                                    |
[2023-01-31 10:57:57,305] [builder.py:266]            [DEBUG]    | Validating Method: template                                                                        |
[2023-01-31 10:57:57,305] [meta.py:83]                [DEBUG]    | Value: ordereddict([('name', 'Anime'), ('mal_id', 6), ('poster', 'https://theposterdb.com/api/assets/240161')]) |
[2023-01-31 10:57:57,305] [builder.py:330]            [DEBUG]    |                                                                                                    |
[2023-01-31 10:57:57,306] [builder.py:331]            [DEBUG]    | Validating Method: sync_mode                                                                       |
[2023-01-31 10:57:57,306] [builder.py:335]            [DEBUG]    | Value: sync                                                                                        |
[2023-01-31 10:57:57,306] [builder.py:453]            [DEBUG]    |                                                                                                    |
[2023-01-31 10:57:57,306] [builder.py:454]            [DEBUG]    | Validating Method: collection_order                                                                |
[2023-01-31 10:57:57,307] [builder.py:455]            [DEBUG]    | Value: alpha                                                                                       |
[2023-01-31 10:57:57,307] [builder.py:472]            [DEBUG]    |                                                                                                    |
[2023-01-31 10:57:57,307] [builder.py:473]            [DEBUG]    | Validating Method: mal_search                                                                      |
[2023-01-31 10:57:57,308] [builder.py:474]            [DEBUG]    | Value: {'genre': 6}                                                                                |
[2023-01-31 10:57:57,308] [util.py:162]               [DEBUG]    | Traceback (most recent call last):                                                                 |
                                                                 |   File "C:\Plex-Stack\Plex-Meta-Manager\plex_meta_manager.py", line 757, in run_collection
                                                                 |     builder = CollectionBuilder(config, library, metadata, mapping_name, no_missing, collection_attrs)
                                                                 |   File "C:\Plex-Stack\Plex-Meta-Manager\modules\builder.py", line 557, in __init__
                                                                 |     raise Failed(f"{self.Type} Error: {method_final} attribute not supported")
                                                                 | modules.util.Failed: Collection Error: mal_search attribute not supported
                                                                 | 
[2023-01-31 10:57:57,310] [util.py:159]               [ERROR]    | Collection Error: mal_search attribute not supported
[2023-01-31 10:57:57,310] [plex_meta_manager.py:880]  [INFO]     | 
[2023-01-31 10:57:57,311] [util.py:209]               [INFO]     |====================================================================================================|
[2023-01-31 10:57:57,311] [util.py:216]               [INFO]     |                                   Finished Mythology Collection                                    |
[2023-01-31 10:57:57,311] [util.py:216]               [INFO]     |                                    Collection Run Time: 0:00:00                                    |
[2023-01-31 10:57:57,312] [util.py:220]               [INFO]     |====================================================================================================|
[2023-01-31 10:57:57,314] [util.py:209]               [INFO]     |====================================================================================================|
[2023-01-31 10:57:57,315] [util.py:216]               [INFO]     |                                Organized Crime Collection in Anime                                 |
[2023-01-31 10:57:57,315] [util.py:220]               [INFO]     |====================================================================================================|
[2023-01-31 10:57:57,316] [plex_meta_manager.py:750]  [INFO]     |                                                                                                    |
[2023-01-31 10:57:57,316] [util.py:216]               [INFO]     |============================== Validating Organized Crime Attributes ===============================|
[2023-01-31 10:57:57,317] [builder.py:265]            [DEBUG]    |                                                                                                    |
[2023-01-31 10:57:57,317] [builder.py:266]            [DEBUG]    | Validating Method: template                                                                        |
[2023-01-31 10:57:57,317] [meta.py:83]                [DEBUG]    | Value: ordereddict([('name', 'Anime'), ('mal_id', 68), ('poster', 'https://theposterdb.com/api/assets/240865')]) |
[2023-01-31 10:57:57,317] [builder.py:330]            [DEBUG]    |                                                                                                    |
[2023-01-31 10:57:57,318] [builder.py:331]            [DEBUG]    | Validating Method: sync_mode                                                                       |
[2023-01-31 10:57:57,318] [builder.py:335]            [DEBUG]    | Value: sync                                                                                        |
[2023-01-31 10:57:57,318] [builder.py:453]            [DEBUG]    |                                                                                                    |
[2023-01-31 10:57:57,319] [builder.py:454]            [DEBUG]    | Validating Method: collection_order                                                                |
[2023-01-31 10:57:57,319] [builder.py:455]            [DEBUG]    | Value: alpha                                                                                       |
[2023-01-31 10:57:57,319] [builder.py:472]            [DEBUG]    |                                                                                                    |
[2023-01-31 10:57:57,319] [builder.py:473]            [DEBUG]    | Validating Method: mal_search                                                                      |
[2023-01-31 10:57:57,320] [builder.py:474]            [DEBUG]    | Value: {'genre': 68}                                                                               |
[2023-01-31 10:57:57,320] [util.py:162]               [DEBUG]    | Traceback (most recent call last):                                                                 |
                                                                 |   File "C:\Plex-Stack\Plex-Meta-Manager\plex_meta_manager.py", line 757, in run_collection
                                                                 |     builder = CollectionBuilder(config, library, metadata, mapping_name, no_missing, collection_attrs)
                                                                 |   File "C:\Plex-Stack\Plex-Meta-Manager\modules\builder.py", line 557, in __init__
                                                                 |     raise Failed(f"{self.Type} Error: {method_final} attribute not supported")
                                                                 | modules.util.Failed: Collection Error: mal_search attribute not supported
                                                                 | 
[2023-01-31 10:57:57,322] [util.py:159]               [ERROR]    | Collection Error: mal_search attribute not supported
[2023-01-31 10:57:57,322] [plex_meta_manager.py:880]  [INFO]     | 
[2023-01-31 10:57:57,322] [util.py:209]               [INFO]     |====================================================================================================|
[2023-01-31 10:57:57,323] [util.py:216]               [INFO]     |                                Finished Organized Crime Collection                                 |
[2023-01-31 10:57:57,323] [util.py:216]               [INFO]     |                                    Collection Run Time: 0:00:00                                    |
[2023-01-31 10:57:57,323] [util.py:220]               [INFO]     |====================================================================================================|
[2023-01-31 10:57:57,326] [util.py:209]               [INFO]     |====================================================================================================|
[2023-01-31 10:57:57,326] [util.py:216]               [INFO]     |                                 Otaku Culture Collection in Anime                                  |
[2023-01-31 10:57:57,327] [util.py:220]               [INFO]     |====================================================================================================|
[2023-01-31 10:57:57,327] [plex_meta_manager.py:750]  [INFO]     |                                                                                                    |
[2023-01-31 10:57:57,327] [util.py:216]               [INFO]     |=============================== Validating Otaku Culture Attributes ================================|
[2023-01-31 10:57:57,328] [builder.py:265]            [DEBUG]    |                                                                                                    |
[2023-01-31 10:57:57,328] [builder.py:266]            [DEBUG]    | Validating Method: template                                                                        |
[2023-01-31 10:57:57,328] [meta.py:83]                [DEBUG]    | Value: ordereddict([('name', 'Anime'), ('mal_id', 69), ('poster', 'https://theposterdb.com/api/assets/240868')]) |
[2023-01-31 10:57:57,329] [builder.py:330]            [DEBUG]    |                                                                                                    |
[2023-01-31 10:57:57,329] [builder.py:331]            [DEBUG]    | Validating Method: sync_mode                                                                       |
[2023-01-31 10:57:57,329] [builder.py:335]            [DEBUG]    | Value: sync                                                                                        |
[2023-01-31 10:57:57,330] [builder.py:453]            [DEBUG]    |                                                                                                    |
[2023-01-31 10:57:57,330] [builder.py:454]            [DEBUG]    | Validating Method: collection_order                                                                |
[2023-01-31 10:57:57,330] [builder.py:455]            [DEBUG]    | Value: alpha                                                                                       |
[2023-01-31 10:57:57,331] [builder.py:472]            [DEBUG]    |                                                                                                    |
[2023-01-31 10:57:57,331] [builder.py:473]            [DEBUG]    | Validating Method: mal_search                                                                      |
[2023-01-31 10:57:57,331] [builder.py:474]            [DEBUG]    | Value: {'genre': 69}                                                                               |
[2023-01-31 10:57:57,332] [util.py:162]               [DEBUG]    | Traceback (most recent call last):                                                                 |
                                                                 |   File "C:\Plex-Stack\Plex-Meta-Manager\plex_meta_manager.py", line 757, in run_collection
                                                                 |     builder = CollectionBuilder(config, library, metadata, mapping_name, no_missing, collection_attrs)
                                                                 |   File "C:\Plex-Stack\Plex-Meta-Manager\modules\builder.py", line 557, in __init__
                                                                 |     raise Failed(f"{self.Type} Error: {method_final} attribute not supported")
                                                                 | modules.util.Failed: Collection Error: mal_search attribute not supported
                                                                 | 
[2023-01-31 10:57:57,334] [util.py:159]               [ERROR]    | Collection Error: mal_search attribute not supported
[2023-01-31 10:57:57,334] [plex_meta_manager.py:880]  [INFO]     | 
[2023-01-31 10:57:57,334] [util.py:209]               [INFO]     |====================================================================================================|
[2023-01-31 10:57:57,335] [util.py:216]               [INFO]     |                                 Finished Otaku Culture Collection                                  |
[2023-01-31 10:57:57,335] [util.py:216]               [INFO]     |                                    Collection Run Time: 0:00:00                                    |
[2023-01-31 10:57:57,335] [util.py:220]               [INFO]     |====================================================================================================|
[2023-01-31 10:57:57,337] [util.py:209]               [INFO]     |====================================================================================================|
[2023-01-31 10:57:57,338] [util.py:216]               [INFO]     |                                     Parody Collection in Anime                                     |
[2023-01-31 10:57:57,338] [util.py:220]               [INFO]     |====================================================================================================|
[2023-01-31 10:57:57,339] [plex_meta_manager.py:750]  [INFO]     |                                                                                                    |
[2023-01-31 10:57:57,339] [util.py:216]               [INFO]     |=================================== Validating Parody Attributes ===================================|
[2023-01-31 10:57:57,340] [builder.py:265]            [DEBUG]    |                                                                                                    |
[2023-01-31 10:57:57,340] [builder.py:266]            [DEBUG]    | Validating Method: template                                                                        |
[2023-01-31 10:57:57,341] [meta.py:83]                [DEBUG]    | Value: ordereddict([('name', 'Anime'), ('mal_id', 20), ('poster', 'https://theposterdb.com/api/assets/240193')]) |
[2023-01-31 10:57:57,341] [builder.py:330]            [DEBUG]    |                                                                                                    |
[2023-01-31 10:57:57,342] [builder.py:331]            [DEBUG]    | Validating Method: sync_mode                                                                       |
[2023-01-31 10:57:57,342] [builder.py:335]            [DEBUG]    | Value: sync                                                                                        |
[2023-01-31 10:57:57,342] [builder.py:453]            [DEBUG]    |                                                                                                    |
[2023-01-31 10:57:57,342] [builder.py:454]            [DEBUG]    | Validating Method: collection_order                                                                |
[2023-01-31 10:57:57,343] [builder.py:455]            [DEBUG]    | Value: alpha                                                                                       |
[2023-01-31 10:57:57,343] [builder.py:472]            [DEBUG]    |                                                                                                    |
[2023-01-31 10:57:57,343] [builder.py:473]            [DEBUG]    | Validating Method: mal_search                                                                      |
[2023-01-31 10:57:57,344] [builder.py:474]            [DEBUG]    | Value: {'genre': 20}                                                                               |
[2023-01-31 10:57:57,344] [util.py:162]               [DEBUG]    | Traceback (most recent call last):                                                                 |
                                                                 |   File "C:\Plex-Stack\Plex-Meta-Manager\plex_meta_manager.py", line 757, in run_collection
                                                                 |     builder = CollectionBuilder(config, library, metadata, mapping_name, no_missing, collection_attrs)
                                                                 |   File "C:\Plex-Stack\Plex-Meta-Manager\modules\builder.py", line 557, in __init__
                                                                 |     raise Failed(f"{self.Type} Error: {method_final} attribute not supported")
                                                                 | modules.util.Failed: Collection Error: mal_search attribute not supported
                                                                 | 
[2023-01-31 10:57:57,346] [util.py:159]               [ERROR]    | Collection Error: mal_search attribute not supported
[2023-01-31 10:57:57,347] [plex_meta_manager.py:880]  [INFO]     | 
[2023-01-31 10:57:57,347] [util.py:209]               [INFO]     |====================================================================================================|
[2023-01-31 10:57:57,347] [util.py:216]               [INFO]     |                                     Finished Parody Collection                                     |
[2023-01-31 10:57:57,348] [util.py:216]               [INFO]     |                                    Collection Run Time: 0:00:00                                    |
[2023-01-31 10:57:57,348] [util.py:220]               [INFO]     |====================================================================================================|
[2023-01-31 10:57:57,350] [util.py:209]               [INFO]     |====================================================================================================|
[2023-01-31 10:57:57,351] [util.py:216]               [INFO]     |                                Performing Arts Collection in Anime                                 |
[2023-01-31 10:57:57,351] [util.py:220]               [INFO]     |====================================================================================================|
[2023-01-31 10:57:57,352] [plex_meta_manager.py:750]  [INFO]     |                                                                                                    |
[2023-01-31 10:57:57,352] [util.py:216]               [INFO]     |============================== Validating Performing Arts Attributes ===============================|
[2023-01-31 10:57:57,352] [builder.py:265]            [DEBUG]    |                                                                                                    |
[2023-01-31 10:57:57,353] [builder.py:266]            [DEBUG]    | Validating Method: template                                                                        |
[2023-01-31 10:57:57,353] [meta.py:83]                [DEBUG]    | Value: ordereddict([('name', 'Anime'), ('mal_id', 70), ('poster', 'https://theposterdb.com/api/assets/240870')]) |
[2023-01-31 10:57:57,353] [builder.py:330]            [DEBUG]    |                                                                                                    |
[2023-01-31 10:57:57,354] [builder.py:331]            [DEBUG]    | Validating Method: sync_mode                                                                       |
[2023-01-31 10:57:57,354] [builder.py:335]            [DEBUG]    | Value: sync                                                                                        |
[2023-01-31 10:57:57,354] [builder.py:453]            [DEBUG]    |                                                                                                    |
[2023-01-31 10:57:57,355] [builder.py:454]            [DEBUG]    | Validating Method: collection_order                                                                |
[2023-01-31 10:57:57,355] [builder.py:455]            [DEBUG]    | Value: alpha                                                                                       |
[2023-01-31 10:57:57,355] [builder.py:472]            [DEBUG]    |                                                                                                    |
[2023-01-31 10:57:57,355] [builder.py:473]            [DEBUG]    | Validating Method: mal_search                                                                      |
[2023-01-31 10:57:57,356] [builder.py:474]            [DEBUG]    | Value: {'genre': 70}                                                                               |
[2023-01-31 10:57:57,356] [util.py:162]               [DEBUG]    | Traceback (most recent call last):                                                                 |
                                                                 |   File "C:\Plex-Stack\Plex-Meta-Manager\plex_meta_manager.py", line 757, in run_collection
                                                                 |     builder = CollectionBuilder(config, library, metadata, mapping_name, no_missing, collection_attrs)
                                                                 |   File "C:\Plex-Stack\Plex-Meta-Manager\modules\builder.py", line 557, in __init__
                                                                 |     raise Failed(f"{self.Type} Error: {method_final} attribute not supported")
                                                                 | modules.util.Failed: Collection Error: mal_search attribute not supported
                                                                 | 
[2023-01-31 10:57:57,359] [util.py:159]               [ERROR]    | Collection Error: mal_search attribute not supported
[2023-01-31 10:57:57,359] [plex_meta_manager.py:880]  [INFO]     | 
[2023-01-31 10:57:57,360] [util.py:209]               [INFO]     |====================================================================================================|
[2023-01-31 10:57:57,360] [util.py:216]               [INFO]     |                                Finished Performing Arts Collection                                 |
[2023-01-31 10:57:57,360] [util.py:216]               [INFO]     |                                    Collection Run Time: 0:00:00                                    |
[2023-01-31 10:57:57,361] [util.py:220]               [INFO]     |====================================================================================================|
[2023-01-31 10:57:57,363] [util.py:209]               [INFO]     |====================================================================================================|
[2023-01-31 10:57:57,363] [util.py:216]               [INFO]     |                                      Pets Collection in Anime                                      |
[2023-01-31 10:57:57,364] [util.py:220]               [INFO]     |====================================================================================================|
[2023-01-31 10:57:57,364] [plex_meta_manager.py:750]  [INFO]     |                                                                                                    |
[2023-01-31 10:57:57,365] [util.py:216]               [INFO]     |==================================== Validating Pets Attributes ====================================|
[2023-01-31 10:57:57,365] [builder.py:265]            [DEBUG]    |                                                                                                    |
[2023-01-31 10:57:57,365] [builder.py:266]            [DEBUG]    | Validating Method: template                                                                        |
[2023-01-31 10:57:57,366] [meta.py:83]                [DEBUG]    | Value: ordereddict([('name', 'Anime'), ('mal_id', 71), ('poster', 'https://theposterdb.com/api/assets/240869')]) |
[2023-01-31 10:57:57,366] [builder.py:330]            [DEBUG]    |                                                                                                    |
[2023-01-31 10:57:57,367] [builder.py:331]            [DEBUG]    | Validating Method: sync_mode                                                                       |
[2023-01-31 10:57:57,367] [builder.py:335]            [DEBUG]    | Value: sync                                                                                        |
[2023-01-31 10:57:57,367] [builder.py:453]            [DEBUG]    |                                                                                                    |
[2023-01-31 10:57:57,368] [builder.py:454]            [DEBUG]    | Validating Method: collection_order                                                                |
[2023-01-31 10:57:57,368] [builder.py:455]            [DEBUG]    | Value: alpha                                                                                       |
[2023-01-31 10:57:57,368] [builder.py:472]            [DEBUG]    |                                                                                                    |
[2023-01-31 10:57:57,368] [builder.py:473]            [DEBUG]    | Validating Method: mal_search                                                                      |
[2023-01-31 10:57:57,369] [builder.py:474]            [DEBUG]    | Value: {'genre': 71}                                                                               |
[2023-01-31 10:57:57,369] [util.py:162]               [DEBUG]    | Traceback (most recent call last):                                                                 |
                                                                 |   File "C:\Plex-Stack\Plex-Meta-Manager\plex_meta_manager.py", line 757, in run_collection
                                                                 |     builder = CollectionBuilder(config, library, metadata, mapping_name, no_missing, collection_attrs)
                                                                 |   File "C:\Plex-Stack\Plex-Meta-Manager\modules\builder.py", line 557, in __init__
                                                                 |     raise Failed(f"{self.Type} Error: {method_final} attribute not supported")
                                                                 | modules.util.Failed: Collection Error: mal_search attribute not supported
                                                                 | 
[2023-01-31 10:57:57,371] [util.py:159]               [ERROR]    | Collection Error: mal_search attribute not supported
[2023-01-31 10:57:57,372] [plex_meta_manager.py:880]  [INFO]     | 
[2023-01-31 10:57:57,373] [util.py:209]               [INFO]     |====================================================================================================|
[2023-01-31 10:57:57,373] [util.py:216]               [INFO]     |                                      Finished Pets Collection                                      |
[2023-01-31 10:57:57,374] [util.py:216]               [INFO]     |                                    Collection Run Time: 0:00:00                                    |
[2023-01-31 10:57:57,374] [util.py:220]               [INFO]     |====================================================================================================|
[2023-01-31 10:57:57,377] [util.py:209]               [INFO]     |====================================================================================================|
[2023-01-31 10:57:57,377] [util.py:216]               [INFO]     |                                 Psychological Collection in Anime                                  |
[2023-01-31 10:57:57,378] [util.py:220]               [INFO]     |====================================================================================================|
[2023-01-31 10:57:57,378] [plex_meta_manager.py:750]  [INFO]     |                                                                                                    |
[2023-01-31 10:57:57,379] [util.py:216]               [INFO]     |=============================== Validating Psychological Attributes ================================|
[2023-01-31 10:57:57,379] [builder.py:265]            [DEBUG]    |                                                                                                    |
[2023-01-31 10:57:57,379] [builder.py:266]            [DEBUG]    | Validating Method: template                                                                        |
[2023-01-31 10:57:57,379] [meta.py:83]                [DEBUG]    | Value: ordereddict([('name', 'Anime'), ('mal_id', 40), ('poster', 'https://theposterdb.com/api/assets/240212')]) |
[2023-01-31 10:57:57,380] [builder.py:330]            [DEBUG]    |                                                                                                    |
[2023-01-31 10:57:57,380] [builder.py:331]            [DEBUG]    | Validating Method: sync_mode                                                                       |
[2023-01-31 10:57:57,380] [builder.py:335]            [DEBUG]    | Value: sync                                                                                        |
[2023-01-31 10:57:57,381] [builder.py:453]            [DEBUG]    |                                                                                                    |
[2023-01-31 10:57:57,381] [builder.py:454]            [DEBUG]    | Validating Method: collection_order                                                                |
[2023-01-31 10:57:57,381] [builder.py:455]            [DEBUG]    | Value: alpha                                                                                       |
[2023-01-31 10:57:57,382] [builder.py:472]            [DEBUG]    |                                                                                                    |
[2023-01-31 10:57:57,382] [builder.py:473]            [DEBUG]    | Validating Method: mal_search                                                                      |
[2023-01-31 10:57:57,382] [builder.py:474]            [DEBUG]    | Value: {'genre': 40}                                                                               |
[2023-01-31 10:57:57,383] [util.py:162]               [DEBUG]    | Traceback (most recent call last):                                                                 |
                                                                 |   File "C:\Plex-Stack\Plex-Meta-Manager\plex_meta_manager.py", line 757, in run_collection
                                                                 |     builder = CollectionBuilder(config, library, metadata, mapping_name, no_missing, collection_attrs)
                                                                 |   File "C:\Plex-Stack\Plex-Meta-Manager\modules\builder.py", line 557, in __init__
                                                                 |     raise Failed(f"{self.Type} Error: {method_final} attribute not supported")
                                                                 | modules.util.Failed: Collection Error: mal_search attribute not supported
                                                                 | 
[2023-01-31 10:57:57,385] [util.py:159]               [ERROR]    | Collection Error: mal_search attribute not supported
[2023-01-31 10:57:57,385] [plex_meta_manager.py:880]  [INFO]     | 
[2023-01-31 10:57:57,385] [util.py:209]               [INFO]     |====================================================================================================|
[2023-01-31 10:57:57,386] [util.py:216]               [INFO]     |                                 Finished Psychological Collection                                  |
[2023-01-31 10:57:57,386] [util.py:216]               [INFO]     |                                    Collection Run Time: 0:00:00                                    |
[2023-01-31 10:57:57,387] [util.py:220]               [INFO]     |====================================================================================================|
[2023-01-31 10:57:57,389] [util.py:209]               [INFO]     |====================================================================================================|
[2023-01-31 10:57:57,389] [util.py:216]               [INFO]     |                                     Racing Collection in Anime                                     |
[2023-01-31 10:57:57,390] [util.py:220]               [INFO]     |====================================================================================================|
[2023-01-31 10:57:57,390] [plex_meta_manager.py:750]  [INFO]     |                                                                                                    |
[2023-01-31 10:57:57,391] [util.py:216]               [INFO]     |=================================== Validating Racing Attributes ===================================|
[2023-01-31 10:57:57,391] [builder.py:265]            [DEBUG]    |                                                                                                    |
[2023-01-31 10:57:57,391] [builder.py:266]            [DEBUG]    | Validating Method: template                                                                        |
[2023-01-31 10:57:57,392] [meta.py:83]                [DEBUG]    | Value: ordereddict([('name', 'Anime'), ('mal_id', 3), ('poster', 'https://theposterdb.com/api/assets/240213')]) |
[2023-01-31 10:57:57,392] [builder.py:330]            [DEBUG]    |                                                                                                    |
[2023-01-31 10:57:57,392] [builder.py:331]            [DEBUG]    | Validating Method: sync_mode                                                                       |
[2023-01-31 10:57:57,393] [builder.py:335]            [DEBUG]    | Value: sync                                                                                        |
[2023-01-31 10:57:57,393] [builder.py:453]            [DEBUG]    |                                                                                                    |
[2023-01-31 10:57:57,393] [builder.py:454]            [DEBUG]    | Validating Method: collection_order                                                                |
[2023-01-31 10:57:57,394] [builder.py:455]            [DEBUG]    | Value: alpha                                                                                       |
[2023-01-31 10:57:57,394] [builder.py:472]            [DEBUG]    |                                                                                                    |
[2023-01-31 10:57:57,394] [builder.py:473]            [DEBUG]    | Validating Method: mal_search                                                                      |
[2023-01-31 10:57:57,394] [builder.py:474]            [DEBUG]    | Value: {'genre': 3}                                                                                |
[2023-01-31 10:57:57,395] [util.py:162]               [DEBUG]    | Traceback (most recent call last):                                                                 |
                                                                 |   File "C:\Plex-Stack\Plex-Meta-Manager\plex_meta_manager.py", line 757, in run_collection
                                                                 |     builder = CollectionBuilder(config, library, metadata, mapping_name, no_missing, collection_attrs)
                                                                 |   File "C:\Plex-Stack\Plex-Meta-Manager\modules\builder.py", line 557, in __init__
                                                                 |     raise Failed(f"{self.Type} Error: {method_final} attribute not supported")
                                                                 | modules.util.Failed: Collection Error: mal_search attribute not supported
                                                                 | 
[2023-01-31 10:57:57,397] [util.py:159]               [ERROR]    | Collection Error: mal_search attribute not supported
[2023-01-31 10:57:57,397] [plex_meta_manager.py:880]  [INFO]     | 
[2023-01-31 10:57:57,397] [util.py:209]               [INFO]     |====================================================================================================|
[2023-01-31 10:57:57,398] [util.py:216]               [INFO]     |                                     Finished Racing Collection                                     |
[2023-01-31 10:57:57,398] [util.py:216]               [INFO]     |                                    Collection Run Time: 0:00:00                                    |
[2023-01-31 10:57:57,398] [util.py:220]               [INFO]     |====================================================================================================|
[2023-01-31 10:57:57,401] [util.py:209]               [INFO]     |====================================================================================================|
[2023-01-31 10:57:57,401] [util.py:216]               [INFO]     |                                 Reincarnation Collection in Anime                                  |
[2023-01-31 10:57:57,402] [util.py:220]               [INFO]     |====================================================================================================|
[2023-01-31 10:57:57,402] [plex_meta_manager.py:750]  [INFO]     |                                                                                                    |
[2023-01-31 10:57:57,402] [util.py:216]               [INFO]     |=============================== Validating Reincarnation Attributes ================================|
[2023-01-31 10:57:57,403] [builder.py:265]            [DEBUG]    |                                                                                                    |
[2023-01-31 10:57:57,403] [builder.py:266]            [DEBUG]    | Validating Method: template                                                                        |
[2023-01-31 10:57:57,404] [meta.py:83]                [DEBUG]    | Value: ordereddict([('name', 'Anime'), ('mal_id', 72), ('poster', 'https://theposterdb.com/api/assets/240867')]) |
[2023-01-31 10:57:57,404] [builder.py:330]            [DEBUG]    |                                                                                                    |
[2023-01-31 10:57:57,404] [builder.py:331]            [DEBUG]    | Validating Method: sync_mode                                                                       |
[2023-01-31 10:57:57,405] [builder.py:335]            [DEBUG]    | Value: sync                                                                                        |
[2023-01-31 10:57:57,405] [builder.py:453]            [DEBUG]    |                                                                                                    |
[2023-01-31 10:57:57,405] [builder.py:454]            [DEBUG]    | Validating Method: collection_order                                                                |
[2023-01-31 10:57:57,405] [builder.py:455]            [DEBUG]    | Value: alpha                                                                                       |
[2023-01-31 10:57:57,406] [builder.py:472]            [DEBUG]    |                                                                                                    |
[2023-01-31 10:57:57,406] [builder.py:473]            [DEBUG]    | Validating Method: mal_search                                                                      |
[2023-01-31 10:57:57,406] [builder.py:474]            [DEBUG]    | Value: {'genre': 72}                                                                               |
[2023-01-31 10:57:57,407] [util.py:162]               [DEBUG]    | Traceback (most recent call last):                                                                 |
                                                                 |   File "C:\Plex-Stack\Plex-Meta-Manager\plex_meta_manager.py", line 757, in run_collection
                                                                 |     builder = CollectionBuilder(config, library, metadata, mapping_name, no_missing, collection_attrs)
                                                                 |   File "C:\Plex-Stack\Plex-Meta-Manager\modules\builder.py", line 557, in __init__
                                                                 |     raise Failed(f"{self.Type} Error: {method_final} attribute not supported")
                                                                 | modules.util.Failed: Collection Error: mal_search attribute not supported
                                                                 | 
[2023-01-31 10:57:57,409] [util.py:159]               [ERROR]    | Collection Error: mal_search attribute not supported
[2023-01-31 10:57:57,409] [plex_meta_manager.py:880]  [INFO]     | 
[2023-01-31 10:57:57,409] [util.py:209]               [INFO]     |====================================================================================================|
[2023-01-31 10:57:57,410] [util.py:216]               [INFO]     |                                 Finished Reincarnation Collection                                  |
[2023-01-31 10:57:57,410] [util.py:216]               [INFO]     |                                    Collection Run Time: 0:00:00                                    |
[2023-01-31 10:57:57,410] [util.py:220]               [INFO]     |====================================================================================================|
[2023-01-31 10:57:57,413] [util.py:209]               [INFO]     |====================================================================================================|
[2023-01-31 10:57:57,413] [util.py:216]               [INFO]     |                                    Samurai Collection in Anime                                     |
[2023-01-31 10:57:57,413] [util.py:220]               [INFO]     |====================================================================================================|
[2023-01-31 10:57:57,414] [plex_meta_manager.py:750]  [INFO]     |                                                                                                    |
[2023-01-31 10:57:57,414] [util.py:216]               [INFO]     |================================== Validating Samurai Attributes ===================================|
[2023-01-31 10:57:57,415] [builder.py:265]            [DEBUG]    |                                                                                                    |
[2023-01-31 10:57:57,415] [builder.py:266]            [DEBUG]    | Validating Method: template                                                                        |
[2023-01-31 10:57:57,415] [meta.py:83]                [DEBUG]    | Value: ordereddict([('name', 'Anime'), ('mal_id', 21), ('poster', 'https://theposterdb.com/api/assets/213669')]) |
[2023-01-31 10:57:57,416] [builder.py:330]            [DEBUG]    |                                                                                                    |
[2023-01-31 10:57:57,416] [builder.py:331]            [DEBUG]    | Validating Method: sync_mode                                                                       |
[2023-01-31 10:57:57,416] [builder.py:335]            [DEBUG]    | Value: sync                                                                                        |
[2023-01-31 10:57:57,417] [builder.py:453]            [DEBUG]    |                                                                                                    |
[2023-01-31 10:57:57,417] [builder.py:454]            [DEBUG]    | Validating Method: collection_order                                                                |
[2023-01-31 10:57:57,417] [builder.py:455]            [DEBUG]    | Value: alpha                                                                                       |
[2023-01-31 10:57:57,418] [builder.py:472]            [DEBUG]    |                                                                                                    |
[2023-01-31 10:57:57,418] [builder.py:473]            [DEBUG]    | Validating Method: mal_search                                                                      |
[2023-01-31 10:57:57,418] [builder.py:474]            [DEBUG]    | Value: {'genre': 21}                                                                               |
[2023-01-31 10:57:57,419] [util.py:162]               [DEBUG]    | Traceback (most recent call last):                                                                 |
                                                                 |   File "C:\Plex-Stack\Plex-Meta-Manager\plex_meta_manager.py", line 757, in run_collection
                                                                 |     builder = CollectionBuilder(config, library, metadata, mapping_name, no_missing, collection_attrs)
                                                                 |   File "C:\Plex-Stack\Plex-Meta-Manager\modules\builder.py", line 557, in __init__
                                                                 |     raise Failed(f"{self.Type} Error: {method_final} attribute not supported")
                                                                 | modules.util.Failed: Collection Error: mal_search attribute not supported
                                                                 | 
[2023-01-31 10:57:57,421] [util.py:159]               [ERROR]    | Collection Error: mal_search attribute not supported
[2023-01-31 10:57:57,421] [plex_meta_manager.py:880]  [INFO]     | 
[2023-01-31 10:57:57,421] [util.py:209]               [INFO]     |====================================================================================================|
[2023-01-31 10:57:57,422] [util.py:216]               [INFO]     |                                    Finished Samurai Collection                                     |
[2023-01-31 10:57:57,422] [util.py:216]               [INFO]     |                                    Collection Run Time: 0:00:00                                    |
[2023-01-31 10:57:57,423] [util.py:220]               [INFO]     |====================================================================================================|
[2023-01-31 10:57:57,425] [util.py:209]               [INFO]     |====================================================================================================|
[2023-01-31 10:57:57,425] [util.py:216]               [INFO]     |                                     Space Collection in Anime                                      |
[2023-01-31 10:57:57,426] [util.py:220]               [INFO]     |====================================================================================================|
[2023-01-31 10:57:57,426] [plex_meta_manager.py:750]  [INFO]     |                                                                                                    |
[2023-01-31 10:57:57,427] [util.py:216]               [INFO]     |=================================== Validating Space Attributes ====================================|
[2023-01-31 10:57:57,427] [builder.py:265]            [DEBUG]    |                                                                                                    |
[2023-01-31 10:57:57,428] [builder.py:266]            [DEBUG]    | Validating Method: template                                                                        |
[2023-01-31 10:57:57,428] [meta.py:83]                [DEBUG]    | Value: ordereddict([('name', 'Anime'), ('mal_id', 29), ('poster', 'https://theposterdb.com/api/assets/213661')]) |
[2023-01-31 10:57:57,428] [builder.py:330]            [DEBUG]    |                                                                                                    |
[2023-01-31 10:57:57,429] [builder.py:331]            [DEBUG]    | Validating Method: sync_mode                                                                       |
[2023-01-31 10:57:57,429] [builder.py:335]            [DEBUG]    | Value: sync                                                                                        |
[2023-01-31 10:57:57,429] [builder.py:453]            [DEBUG]    |                                                                                                    |
[2023-01-31 10:57:57,429] [builder.py:454]            [DEBUG]    | Validating Method: collection_order                                                                |
[2023-01-31 10:57:57,430] [builder.py:455]            [DEBUG]    | Value: alpha                                                                                       |
[2023-01-31 10:57:57,430] [builder.py:472]            [DEBUG]    |                                                                                                    |
[2023-01-31 10:57:57,430] [builder.py:473]            [DEBUG]    | Validating Method: mal_search                                                                      |
[2023-01-31 10:57:57,431] [builder.py:474]            [DEBUG]    | Value: {'genre': 29}                                                                               |
[2023-01-31 10:57:57,431] [util.py:162]               [DEBUG]    | Traceback (most recent call last):                                                                 |
                                                                 |   File "C:\Plex-Stack\Plex-Meta-Manager\plex_meta_manager.py", line 757, in run_collection
                                                                 |     builder = CollectionBuilder(config, library, metadata, mapping_name, no_missing, collection_attrs)
                                                                 |   File "C:\Plex-Stack\Plex-Meta-Manager\modules\builder.py", line 557, in __init__
                                                                 |     raise Failed(f"{self.Type} Error: {method_final} attribute not supported")
                                                                 | modules.util.Failed: Collection Error: mal_search attribute not supported
                                                                 | 
[2023-01-31 10:57:57,433] [util.py:159]               [ERROR]    | Collection Error: mal_search attribute not supported
[2023-01-31 10:57:57,433] [plex_meta_manager.py:880]  [INFO]     | 
[2023-01-31 10:57:57,434] [util.py:209]               [INFO]     |====================================================================================================|
[2023-01-31 10:57:57,435] [util.py:216]               [INFO]     |                                     Finished Space Collection                                      |
[2023-01-31 10:57:57,435] [util.py:216]               [INFO]     |                                    Collection Run Time: 0:00:00                                    |
[2023-01-31 10:57:57,436] [util.py:220]               [INFO]     |====================================================================================================|
[2023-01-31 10:57:57,438] [util.py:209]               [INFO]     |====================================================================================================|
[2023-01-31 10:57:57,438] [util.py:216]               [INFO]     |                                  Super Power Collection in Anime                                   |
[2023-01-31 10:57:57,438] [util.py:220]               [INFO]     |====================================================================================================|
[2023-01-31 10:57:57,439] [plex_meta_manager.py:750]  [INFO]     |                                                                                                    |
[2023-01-31 10:57:57,439] [util.py:216]               [INFO]     |================================ Validating Super Power Attributes =================================|
[2023-01-31 10:57:57,440] [builder.py:265]            [DEBUG]    |                                                                                                    |
[2023-01-31 10:57:57,440] [builder.py:266]            [DEBUG]    | Validating Method: template                                                                        |
[2023-01-31 10:57:57,440] [meta.py:83]                [DEBUG]    | Value: ordereddict([('name', 'Anime'), ('mal_id', 31), ('poster', 'https://theposterdb.com/api/assets/213659')]) |
[2023-01-31 10:57:57,441] [builder.py:330]            [DEBUG]    |                                                                                                    |
[2023-01-31 10:57:57,441] [builder.py:331]            [DEBUG]    | Validating Method: sync_mode                                                                       |
[2023-01-31 10:57:57,442] [builder.py:335]            [DEBUG]    | Value: sync                                                                                        |
[2023-01-31 10:57:57,442] [builder.py:453]            [DEBUG]    |                                                                                                    |
[2023-01-31 10:57:57,442] [builder.py:454]            [DEBUG]    | Validating Method: collection_order                                                                |
[2023-01-31 10:57:57,443] [builder.py:455]            [DEBUG]    | Value: alpha                                                                                       |
[2023-01-31 10:57:57,443] [builder.py:472]            [DEBUG]    |                                                                                                    |
[2023-01-31 10:57:57,443] [builder.py:473]            [DEBUG]    | Validating Method: mal_search                                                                      |
[2023-01-31 10:57:57,443] [builder.py:474]            [DEBUG]    | Value: {'genre': 31}                                                                               |
[2023-01-31 10:57:57,444] [util.py:162]               [DEBUG]    | Traceback (most recent call last):                                                                 |
                                                                 |   File "C:\Plex-Stack\Plex-Meta-Manager\plex_meta_manager.py", line 757, in run_collection
                                                                 |     builder = CollectionBuilder(config, library, metadata, mapping_name, no_missing, collection_attrs)
                                                                 |   File "C:\Plex-Stack\Plex-Meta-Manager\modules\builder.py", line 557, in __init__
                                                                 |     raise Failed(f"{self.Type} Error: {method_final} attribute not supported")
                                                                 | modules.util.Failed: Collection Error: mal_search attribute not supported
                                                                 | 
[2023-01-31 10:57:57,446] [util.py:159]               [ERROR]    | Collection Error: mal_search attribute not supported
[2023-01-31 10:57:57,446] [plex_meta_manager.py:880]  [INFO]     | 
[2023-01-31 10:57:57,446] [util.py:209]               [INFO]     |====================================================================================================|
[2023-01-31 10:57:57,447] [util.py:216]               [INFO]     |                                  Finished Super Power Collection                                   |
[2023-01-31 10:57:57,447] [util.py:216]               [INFO]     |                                    Collection Run Time: 0:00:00                                    |
[2023-01-31 10:57:57,447] [util.py:220]               [INFO]     |====================================================================================================|
[2023-01-31 10:57:57,450] [util.py:209]               [INFO]     |====================================================================================================|
[2023-01-31 10:57:57,451] [util.py:216]               [INFO]     |                                    Vampire Collection in Anime                                     |
[2023-01-31 10:57:57,451] [util.py:220]               [INFO]     |====================================================================================================|
[2023-01-31 10:57:57,451] [plex_meta_manager.py:750]  [INFO]     |                                                                                                    |
[2023-01-31 10:57:57,452] [util.py:216]               [INFO]     |================================== Validating Vampire Attributes ===================================|
[2023-01-31 10:57:57,452] [builder.py:265]            [DEBUG]    |                                                                                                    |
[2023-01-31 10:57:57,452] [builder.py:266]            [DEBUG]    | Validating Method: template                                                                        |
[2023-01-31 10:57:57,453] [meta.py:83]                [DEBUG]    | Value: ordereddict([('name', 'Anime'), ('mal_id', 32), ('poster', 'https://theposterdb.com/api/assets/213671')]) |
[2023-01-31 10:57:57,453] [builder.py:330]            [DEBUG]    |                                                                                                    |
[2023-01-31 10:57:57,453] [builder.py:331]            [DEBUG]    | Validating Method: sync_mode                                                                       |
[2023-01-31 10:57:57,453] [builder.py:335]            [DEBUG]    | Value: sync                                                                                        |
[2023-01-31 10:57:57,454] [builder.py:453]            [DEBUG]    |                                                                                                    |
[2023-01-31 10:57:57,454] [builder.py:454]            [DEBUG]    | Validating Method: collection_order                                                                |
[2023-01-31 10:57:57,454] [builder.py:455]            [DEBUG]    | Value: alpha                                                                                       |
[2023-01-31 10:57:57,455] [builder.py:472]            [DEBUG]    |                                                                                                    |
[2023-01-31 10:57:57,455] [builder.py:473]            [DEBUG]    | Validating Method: mal_search                                                                      |
[2023-01-31 10:57:57,455] [builder.py:474]            [DEBUG]    | Value: {'genre': 32}                                                                               |
[2023-01-31 10:57:57,456] [util.py:162]               [DEBUG]    | Traceback (most recent call last):                                                                 |
                                                                 |   File "C:\Plex-Stack\Plex-Meta-Manager\plex_meta_manager.py", line 757, in run_collection
                                                                 |     builder = CollectionBuilder(config, library, metadata, mapping_name, no_missing, collection_attrs)
                                                                 |   File "C:\Plex-Stack\Plex-Meta-Manager\modules\builder.py", line 557, in __init__
                                                                 |     raise Failed(f"{self.Type} Error: {method_final} attribute not supported")
                                                                 | modules.util.Failed: Collection Error: mal_search attribute not supported
                                                                 | 
[2023-01-31 10:57:57,458] [util.py:159]               [ERROR]    | Collection Error: mal_search attribute not supported
[2023-01-31 10:57:57,458] [plex_meta_manager.py:880]  [INFO]     | 
[2023-01-31 10:57:57,459] [util.py:209]               [INFO]     |====================================================================================================|
[2023-01-31 10:57:57,459] [util.py:216]               [INFO]     |                                    Finished Vampire Collection                                     |
[2023-01-31 10:57:57,459] [util.py:216]               [INFO]     |                                    Collection Run Time: 0:00:00                                    |
[2023-01-31 10:57:57,460] [util.py:220]               [INFO]     |====================================================================================================|
[2023-01-31 10:57:57,462] [util.py:209]               [INFO]     |====================================================================================================|
[2023-01-31 10:57:57,462] [util.py:216]               [INFO]     |                                   Video Game Collection in Anime                                   |
[2023-01-31 10:57:57,463] [util.py:220]               [INFO]     |====================================================================================================|
[2023-01-31 10:57:57,463] [plex_meta_manager.py:750]  [INFO]     |                                                                                                    |
[2023-01-31 10:57:57,463] [util.py:216]               [INFO]     |================================= Validating Video Game Attributes =================================|
[2023-01-31 10:57:57,464] [builder.py:265]            [DEBUG]    |                                                                                                    |
[2023-01-31 10:57:57,464] [builder.py:266]            [DEBUG]    | Validating Method: template                                                                        |
[2023-01-31 10:57:57,464] [meta.py:83]                [DEBUG]    | Value: ordereddict([('name', 'Anime'), ('mal_id', 79), ('poster', 'https://theposterdb.com/api/assets/213657')]) |
[2023-01-31 10:57:57,465] [builder.py:330]            [DEBUG]    |                                                                                                    |
[2023-01-31 10:57:57,465] [builder.py:331]            [DEBUG]    | Validating Method: sync_mode                                                                       |
[2023-01-31 10:57:57,465] [builder.py:335]            [DEBUG]    | Value: sync                                                                                        |
[2023-01-31 10:57:57,466] [builder.py:453]            [DEBUG]    |                                                                                                    |
[2023-01-31 10:57:57,466] [builder.py:454]            [DEBUG]    | Validating Method: collection_order                                                                |
[2023-01-31 10:57:57,466] [builder.py:455]            [DEBUG]    | Value: alpha                                                                                       |
[2023-01-31 10:57:57,467] [builder.py:472]            [DEBUG]    |                                                                                                    |
[2023-01-31 10:57:57,467] [builder.py:473]            [DEBUG]    | Validating Method: mal_search                                                                      |
[2023-01-31 10:57:57,467] [builder.py:474]            [DEBUG]    | Value: {'genre': 79}                                                                               |
[2023-01-31 10:57:57,468] [util.py:162]               [DEBUG]    | Traceback (most recent call last):                                                                 |
                                                                 |   File "C:\Plex-Stack\Plex-Meta-Manager\plex_meta_manager.py", line 757, in run_collection
                                                                 |     builder = CollectionBuilder(config, library, metadata, mapping_name, no_missing, collection_attrs)
                                                                 |   File "C:\Plex-Stack\Plex-Meta-Manager\modules\builder.py", line 557, in __init__
                                                                 |     raise Failed(f"{self.Type} Error: {method_final} attribute not supported")
                                                                 | modules.util.Failed: Collection Error: mal_search attribute not supported
                                                                 | 
[2023-01-31 10:57:57,469] [util.py:159]               [ERROR]    | Collection Error: mal_search attribute not supported
[2023-01-31 10:57:57,470] [plex_meta_manager.py:880]  [INFO]     | 
[2023-01-31 10:57:57,470] [util.py:209]               [INFO]     |====================================================================================================|
[2023-01-31 10:57:57,470] [util.py:216]               [INFO]     |                                   Finished Video Game Collection                                   |
[2023-01-31 10:57:57,471] [util.py:216]               [INFO]     |                                    Collection Run Time: 0:00:00                                    |
[2023-01-31 10:57:57,471] [util.py:220]               [INFO]     |====================================================================================================|
[2023-01-31 10:57:57,473] [util.py:209]               [INFO]     |====================================================================================================|
[2023-01-31 10:57:57,474] [util.py:216]               [INFO]     |                                     Josei Collection in Anime                                      |
[2023-01-31 10:57:57,474] [util.py:220]               [INFO]     |====================================================================================================|
[2023-01-31 10:57:57,475] [plex_meta_manager.py:750]  [INFO]     |                                                                                                    |
[2023-01-31 10:57:57,475] [util.py:216]               [INFO]     |=================================== Validating Josei Attributes ====================================|
[2023-01-31 10:57:57,476] [builder.py:265]            [DEBUG]    |                                                                                                    |
[2023-01-31 10:57:57,476] [builder.py:266]            [DEBUG]    | Validating Method: template                                                                        |
[2023-01-31 10:57:57,476] [meta.py:83]                [DEBUG]    | Value: ordereddict([('name', 'Anime'), ('mal_id', 43), ('poster', 'https://theposterdb.com/api/assets/240858')]) |
[2023-01-31 10:57:57,477] [builder.py:330]            [DEBUG]    |                                                                                                    |
[2023-01-31 10:57:57,477] [builder.py:331]            [DEBUG]    | Validating Method: sync_mode                                                                       |
[2023-01-31 10:57:57,477] [builder.py:335]            [DEBUG]    | Value: sync                                                                                        |
[2023-01-31 10:57:57,478] [builder.py:453]            [DEBUG]    |                                                                                                    |
[2023-01-31 10:57:57,478] [builder.py:454]            [DEBUG]    | Validating Method: collection_order                                                                |
[2023-01-31 10:57:57,478] [builder.py:455]            [DEBUG]    | Value: alpha                                                                                       |
[2023-01-31 10:57:57,478] [builder.py:472]            [DEBUG]    |                                                                                                    |
[2023-01-31 10:57:57,479] [builder.py:473]            [DEBUG]    | Validating Method: mal_search                                                                      |
[2023-01-31 10:57:57,479] [builder.py:474]            [DEBUG]    | Value: {'genre': 43}                                                                               |
[2023-01-31 10:57:57,479] [util.py:162]               [DEBUG]    | Traceback (most recent call last):                                                                 |
                                                                 |   File "C:\Plex-Stack\Plex-Meta-Manager\plex_meta_manager.py", line 757, in run_collection
                                                                 |     builder = CollectionBuilder(config, library, metadata, mapping_name, no_missing, collection_attrs)
                                                                 |   File "C:\Plex-Stack\Plex-Meta-Manager\modules\builder.py", line 557, in __init__
                                                                 |     raise Failed(f"{self.Type} Error: {method_final} attribute not supported")
                                                                 | modules.util.Failed: Collection Error: mal_search attribute not supported
                                                                 | 
[2023-01-31 10:57:57,482] [util.py:159]               [ERROR]    | Collection Error: mal_search attribute not supported
[2023-01-31 10:57:57,482] [plex_meta_manager.py:880]  [INFO]     | 
[2023-01-31 10:57:57,482] [util.py:209]               [INFO]     |====================================================================================================|
[2023-01-31 10:57:57,483] [util.py:216]               [INFO]     |                                     Finished Josei Collection                                      |
[2023-01-31 10:57:57,483] [util.py:216]               [INFO]     |                                    Collection Run Time: 0:00:00                                    |
[2023-01-31 10:57:57,484] [util.py:220]               [INFO]     |====================================================================================================|
[2023-01-31 10:57:57,486] [util.py:209]               [INFO]     |====================================================================================================|
[2023-01-31 10:57:57,486] [util.py:216]               [INFO]     |                                      Kids Collection in Anime                                      |
[2023-01-31 10:57:57,487] [util.py:220]               [INFO]     |====================================================================================================|
[2023-01-31 10:57:57,487] [plex_meta_manager.py:750]  [INFO]     |                                                                                                    |
[2023-01-31 10:57:57,488] [util.py:216]               [INFO]     |==================================== Validating Kids Attributes ====================================|
[2023-01-31 10:57:57,488] [builder.py:265]            [DEBUG]    |                                                                                                    |
[2023-01-31 10:57:57,488] [builder.py:266]            [DEBUG]    | Validating Method: template                                                                        |
[2023-01-31 10:57:57,489] [meta.py:83]                [DEBUG]    | Value: ordereddict([('name', 'Anime'), ('mal_id', 15), ('poster', 'https://theposterdb.com/api/assets/240859')]) |
[2023-01-31 10:57:57,489] [builder.py:330]            [DEBUG]    |                                                                                                    |
[2023-01-31 10:57:57,489] [builder.py:331]            [DEBUG]    | Validating Method: sync_mode                                                                       |
[2023-01-31 10:57:57,489] [builder.py:335]            [DEBUG]    | Value: sync                                                                                        |
[2023-01-31 10:57:57,490] [builder.py:453]            [DEBUG]    |                                                                                                    |
[2023-01-31 10:57:57,490] [builder.py:454]            [DEBUG]    | Validating Method: collection_order                                                                |
[2023-01-31 10:57:57,490] [builder.py:455]            [DEBUG]    | Value: alpha                                                                                       |
[2023-01-31 10:57:57,490] [builder.py:472]            [DEBUG]    |                                                                                                    |
[2023-01-31 10:57:57,491] [builder.py:473]            [DEBUG]    | Validating Method: mal_search                                                                      |
[2023-01-31 10:57:57,491] [builder.py:474]            [DEBUG]    | Value: {'genre': 15}                                                                               |
[2023-01-31 10:57:57,491] [util.py:162]               [DEBUG]    | Traceback (most recent call last):                                                                 |
                                                                 |   File "C:\Plex-Stack\Plex-Meta-Manager\plex_meta_manager.py", line 757, in run_collection
                                                                 |     builder = CollectionBuilder(config, library, metadata, mapping_name, no_missing, collection_attrs)
                                                                 |   File "C:\Plex-Stack\Plex-Meta-Manager\modules\builder.py", line 557, in __init__
                                                                 |     raise Failed(f"{self.Type} Error: {method_final} attribute not supported")
                                                                 | modules.util.Failed: Collection Error: mal_search attribute not supported
                                                                 | 
[2023-01-31 10:57:57,493] [util.py:159]               [ERROR]    | Collection Error: mal_search attribute not supported
[2023-01-31 10:57:57,494] [plex_meta_manager.py:880]  [INFO]     | 
[2023-01-31 10:57:57,494] [util.py:209]               [INFO]     |====================================================================================================|
[2023-01-31 10:57:57,495] [util.py:216]               [INFO]     |                                      Finished Kids Collection                                      |
[2023-01-31 10:57:57,495] [util.py:216]               [INFO]     |                                    Collection Run Time: 0:00:00                                    |
[2023-01-31 10:57:57,495] [util.py:220]               [INFO]     |====================================================================================================|
[2023-01-31 10:57:57,498] [util.py:209]               [INFO]     |====================================================================================================|
[2023-01-31 10:57:57,498] [util.py:216]               [INFO]     |                                     Seinen Collection in Anime                                     |
[2023-01-31 10:57:57,499] [util.py:220]               [INFO]     |====================================================================================================|
[2023-01-31 10:57:57,499] [plex_meta_manager.py:750]  [INFO]     |                                                                                                    |
[2023-01-31 10:57:57,500] [util.py:216]               [INFO]     |=================================== Validating Seinen Attributes ===================================|
[2023-01-31 10:57:57,500] [builder.py:265]            [DEBUG]    |                                                                                                    |
[2023-01-31 10:57:57,500] [builder.py:266]            [DEBUG]    | Validating Method: template                                                                        |
[2023-01-31 10:57:57,501] [meta.py:83]                [DEBUG]    | Value: ordereddict([('name', 'Anime'), ('mal_id', 42), ('poster', 'https://theposterdb.com/api/assets/240866')]) |
[2023-01-31 10:57:57,501] [builder.py:330]            [DEBUG]    |                                                                                                    |
[2023-01-31 10:57:57,501] [builder.py:331]            [DEBUG]    | Validating Method: sync_mode                                                                       |
[2023-01-31 10:57:57,502] [builder.py:335]            [DEBUG]    | Value: sync                                                                                        |
[2023-01-31 10:57:57,502] [builder.py:453]            [DEBUG]    |                                                                                                    |
[2023-01-31 10:57:57,502] [builder.py:454]            [DEBUG]    | Validating Method: collection_order                                                                |
[2023-01-31 10:57:57,502] [builder.py:455]            [DEBUG]    | Value: alpha                                                                                       |
[2023-01-31 10:57:57,503] [builder.py:472]            [DEBUG]    |                                                                                                    |
[2023-01-31 10:57:57,503] [builder.py:473]            [DEBUG]    | Validating Method: mal_search                                                                      |
[2023-01-31 10:57:57,503] [builder.py:474]            [DEBUG]    | Value: {'genre': 42}                                                                               |
[2023-01-31 10:57:57,504] [util.py:162]               [DEBUG]    | Traceback (most recent call last):                                                                 |
                                                                 |   File "C:\Plex-Stack\Plex-Meta-Manager\plex_meta_manager.py", line 757, in run_collection
                                                                 |     builder = CollectionBuilder(config, library, metadata, mapping_name, no_missing, collection_attrs)
                                                                 |   File "C:\Plex-Stack\Plex-Meta-Manager\modules\builder.py", line 557, in __init__
                                                                 |     raise Failed(f"{self.Type} Error: {method_final} attribute not supported")
                                                                 | modules.util.Failed: Collection Error: mal_search attribute not supported
                                                                 | 
[2023-01-31 10:57:57,505] [util.py:159]               [ERROR]    | Collection Error: mal_search attribute not supported
[2023-01-31 10:57:57,506] [plex_meta_manager.py:880]  [INFO]     | 
[2023-01-31 10:57:57,506] [util.py:209]               [INFO]     |====================================================================================================|
[2023-01-31 10:57:57,506] [util.py:216]               [INFO]     |                                     Finished Seinen Collection                                     |
[2023-01-31 10:57:57,507] [util.py:216]               [INFO]     |                                    Collection Run Time: 0:00:00                                    |
[2023-01-31 10:57:57,507] [util.py:220]               [INFO]     |====================================================================================================|
[2023-01-31 10:57:57,509] [util.py:209]               [INFO]     |====================================================================================================|
[2023-01-31 10:57:57,510] [util.py:216]               [INFO]     |                                     Shoujo Collection in Anime                                     |
[2023-01-31 10:57:57,511] [util.py:220]               [INFO]     |====================================================================================================|
[2023-01-31 10:57:57,511] [plex_meta_manager.py:750]  [INFO]     |                                                                                                    |
[2023-01-31 10:57:57,512] [util.py:216]               [INFO]     |=================================== Validating Shoujo Attributes ===================================|
[2023-01-31 10:57:57,513] [builder.py:265]            [DEBUG]    |                                                                                                    |
[2023-01-31 10:57:57,513] [builder.py:266]            [DEBUG]    | Validating Method: template                                                                        |
[2023-01-31 10:57:57,513] [meta.py:83]                [DEBUG]    | Value: ordereddict([('name', 'Anime'), ('mal_id', 25), ('poster', 'https://theposterdb.com/api/assets/240214')]) |
[2023-01-31 10:57:57,514] [builder.py:330]            [DEBUG]    |                                                                                                    |
[2023-01-31 10:57:57,514] [builder.py:331]            [DEBUG]    | Validating Method: sync_mode                                                                       |
[2023-01-31 10:57:57,514] [builder.py:335]            [DEBUG]    | Value: sync                                                                                        |
[2023-01-31 10:57:57,515] [builder.py:453]            [DEBUG]    |                                                                                                    |
[2023-01-31 10:57:57,515] [builder.py:454]            [DEBUG]    | Validating Method: collection_order                                                                |
[2023-01-31 10:57:57,515] [builder.py:455]            [DEBUG]    | Value: alpha                                                                                       |
[2023-01-31 10:57:57,516] [builder.py:472]            [DEBUG]    |                                                                                                    |
[2023-01-31 10:57:57,516] [builder.py:473]            [DEBUG]    | Validating Method: mal_search                                                                      |
[2023-01-31 10:57:57,516] [builder.py:474]            [DEBUG]    | Value: {'genre': 25}                                                                               |
[2023-01-31 10:57:57,516] [util.py:162]               [DEBUG]    | Traceback (most recent call last):                                                                 |
                                                                 |   File "C:\Plex-Stack\Plex-Meta-Manager\plex_meta_manager.py", line 757, in run_collection
                                                                 |     builder = CollectionBuilder(config, library, metadata, mapping_name, no_missing, collection_attrs)
                                                                 |   File "C:\Plex-Stack\Plex-Meta-Manager\modules\builder.py", line 557, in __init__
                                                                 |     raise Failed(f"{self.Type} Error: {method_final} attribute not supported")
                                                                 | modules.util.Failed: Collection Error: mal_search attribute not supported
                                                                 | 
[2023-01-31 10:57:57,518] [util.py:159]               [ERROR]    | Collection Error: mal_search attribute not supported
[2023-01-31 10:57:57,519] [plex_meta_manager.py:880]  [INFO]     | 
[2023-01-31 10:57:57,519] [util.py:209]               [INFO]     |====================================================================================================|
[2023-01-31 10:57:57,519] [util.py:216]               [INFO]     |                                     Finished Shoujo Collection                                     |
[2023-01-31 10:57:57,520] [util.py:216]               [INFO]     |                                    Collection Run Time: 0:00:00                                    |
[2023-01-31 10:57:57,520] [util.py:220]               [INFO]     |====================================================================================================|
[2023-01-31 10:57:57,522] [util.py:209]               [INFO]     |====================================================================================================|
[2023-01-31 10:57:57,522] [util.py:216]               [INFO]     |                                    Shounen Collection in Anime                                     |
[2023-01-31 10:57:57,523] [util.py:220]               [INFO]     |====================================================================================================|
[2023-01-31 10:57:57,523] [plex_meta_manager.py:750]  [INFO]     |                                                                                                    |
[2023-01-31 10:57:57,524] [util.py:216]               [INFO]     |================================== Validating Shounen Attributes ===================================|
[2023-01-31 10:57:57,525] [builder.py:265]            [DEBUG]    |                                                                                                    |
[2023-01-31 10:57:57,525] [builder.py:266]            [DEBUG]    | Validating Method: template                                                                        |
[2023-01-31 10:57:57,525] [meta.py:83]                [DEBUG]    | Value: ordereddict([('name', 'Anime'), ('mal_id', 27), ('poster', 'https://theposterdb.com/api/assets/240215')]) |
[2023-01-31 10:57:57,526] [builder.py:330]            [DEBUG]    |                                                                                                    |
[2023-01-31 10:57:57,526] [builder.py:331]            [DEBUG]    | Validating Method: sync_mode                                                                       |
[2023-01-31 10:57:57,526] [builder.py:335]            [DEBUG]    | Value: sync                                                                                        |
[2023-01-31 10:57:57,527] [builder.py:453]            [DEBUG]    |                                                                                                    |
[2023-01-31 10:57:57,527] [builder.py:454]            [DEBUG]    | Validating Method: collection_order                                                                |
[2023-01-31 10:57:57,527] [builder.py:455]            [DEBUG]    | Value: alpha                                                                                       |
[2023-01-31 10:57:57,528] [builder.py:472]            [DEBUG]    |                                                                                                    |
[2023-01-31 10:57:57,528] [builder.py:473]            [DEBUG]    | Validating Method: mal_search                                                                      |
[2023-01-31 10:57:57,528] [builder.py:474]            [DEBUG]    | Value: {'genre': 27}                                                                               |
[2023-01-31 10:57:57,529] [util.py:162]               [DEBUG]    | Traceback (most recent call last):                                                                 |
                                                                 |   File "C:\Plex-Stack\Plex-Meta-Manager\plex_meta_manager.py", line 757, in run_collection
                                                                 |     builder = CollectionBuilder(config, library, metadata, mapping_name, no_missing, collection_attrs)
                                                                 |   File "C:\Plex-Stack\Plex-Meta-Manager\modules\builder.py", line 557, in __init__
                                                                 |     raise Failed(f"{self.Type} Error: {method_final} attribute not supported")
                                                                 | modules.util.Failed: Collection Error: mal_search attribute not supported
                                                                 | 
[2023-01-31 10:57:57,530] [util.py:159]               [ERROR]    | Collection Error: mal_search attribute not supported
[2023-01-31 10:57:57,531] [plex_meta_manager.py:880]  [INFO]     | 
[2023-01-31 10:57:57,531] [util.py:209]               [INFO]     |====================================================================================================|
[2023-01-31 10:57:57,531] [util.py:216]               [INFO]     |                                    Finished Shounen Collection                                     |
[2023-01-31 10:57:57,532] [util.py:216]               [INFO]     |                                    Collection Run Time: 0:00:00                                    |
[2023-01-31 10:57:57,532] [util.py:220]               [INFO]     |====================================================================================================|
[2023-01-31 10:57:57,532] [plex_meta_manager.py:281]  [INFO]     |                                                                                                    |
[2023-01-31 10:57:57,533] [util.py:216]               [INFO]     |=============================== Sorting Anime Library's Collections ================================|
[2023-01-31 10:57:57,533] [plex_meta_manager.py:283]  [INFO]     |                                                                                                    |
[2023-01-31 10:57:57,533] [plex_meta_manager.py:285]  [INFO]     |                                                                                                    |
[2023-01-31 10:57:57,534] [util.py:216]               [INFO]     |============================= Sorting Jack's Favorite Anime Collection =============================|
[2023-01-31 10:57:57,534] [plex_meta_manager.py:287]  [INFO]     |                                                                                                    |
[2023-01-31 10:57:57,534] [builder.py:2333]           [INFO]     |                                                                                                    |
[2023-01-31 10:57:57,535] [util.py:216]               [INFO]     |============================= Sorting Jack's Favorite Anime Collection =============================|
[2023-01-31 10:57:57,535] [builder.py:2335]           [INFO]     |                                                                                                    |
[2023-01-31 10:57:57,535] [builder.py:2344]           [INFO]     | Moving Mushishi to the beginning                                                                   |
[2023-01-31 10:57:57,546] [builder.py:2344]           [INFO]     | Moving Hagane no Renkinjutsushi (2009) after Mushishi                                              |
[2023-01-31 10:57:57,556] [builder.py:2344]           [INFO]     | Moving Steins;Gate after Hagane no Renkinjutsushi (2009)                                           |
[2023-01-31 10:57:57,563] [builder.py:2344]           [INFO]     | Moving Hunter x Hunter (2011) after Steins;Gate                                                    |
[2023-01-31 10:57:57,572] [builder.py:2344]           [INFO]     | Moving Shingeki no Kyojin after Hunter x Hunter (2011)                                             |
[2023-01-31 10:57:57,581] [builder.py:2344]           [INFO]     | Moving Jujutsu Kaisen after Shingeki no Kyojin                                                     |
[2023-01-31 10:57:57,589] [builder.py:2344]           [INFO]     | Moving Vivy: Fluorite Eye's Song after Jujutsu Kaisen                                              |
[2023-01-31 10:57:57,599] [builder.py:2344]           [INFO]     | Moving Cowboy Bebop after Vivy: Fluorite Eye's Song                                                |
[2023-01-31 10:57:57,607] [builder.py:2344]           [INFO]     | Moving Death Note after Cowboy Bebop                                                               |
[2023-01-31 10:57:57,616] [builder.py:2344]           [INFO]     | Moving Code Geass: Hangyaku no Lelouch after Death Note                                            |
[2023-01-31 10:57:57,626] [builder.py:2344]           [INFO]     | Moving Toradora! after Code Geass: Hangyaku no Lelouch                                             |
[2023-01-31 10:57:57,635] [builder.py:2344]           [INFO]     | Moving Haikyuu!! after Toradora!                                                                   |
[2023-01-31 10:57:57,643] [builder.py:2344]           [INFO]     | Moving One Punch Man after Haikyuu!!                                                               |
[2023-01-31 10:57:57,652] [builder.py:2344]           [INFO]     | Moving Kobayashi-san Chi no Maidragon after One Punch Man                                          |
[2023-01-31 10:57:57,659] [builder.py:2344]           [INFO]     | Moving Kimetsu no Yaiba after Kobayashi-san Chi no Maidragon                                       |
[2023-01-31 10:57:57,668] [builder.py:2344]           [INFO]     | Moving Re:Zero kara Hajimeru Isekai Seikatsu (2021) after Kimetsu no Yaiba                         |
[2023-01-31 10:57:57,676] [builder.py:2344]           [INFO]     | Moving Cyberpunk: Edgerunners after Re:Zero kara Hajimeru Isekai Seikatsu (2021)                   |
[2023-01-31 10:57:57,685] [builder.py:2344]           [INFO]     | Moving Odd Taxi after Cyberpunk: Edgerunners                                                       |
[2023-01-31 10:57:57,694] [builder.py:2344]           [INFO]     | Moving Sono Bisque Doll wa Koi o Suru after Odd Taxi                                               |
[2023-01-31 10:57:57,702] [builder.py:2344]           [INFO]     | Moving Naruto after Sono Bisque Doll wa Koi o Suru                                                 |
[2023-01-31 10:57:57,710] [builder.py:2344]           [INFO]     | Moving Shinseiki Evangelion after Naruto                                                           |
[2023-01-31 10:57:57,718] [builder.py:2344]           [INFO]     | Moving Samurai Champloo after Shinseiki Evangelion                                                 |
[2023-01-31 10:57:57,735] [plex_meta_manager.py:285]  [INFO]     |                                                                                                    |
[2023-01-31 10:57:57,735] [util.py:216]               [INFO]     |=========================== Sorting Jack's Currently Watching Collection ===========================|
[2023-01-31 10:57:57,736] [plex_meta_manager.py:287]  [INFO]     |                                                                                                    |
[2023-01-31 10:57:57,736] [builder.py:2333]           [INFO]     |                                                                                                    |
[2023-01-31 10:57:57,737] [util.py:216]               [INFO]     |=========================== Sorting Jack's Currently Watching Collection ===========================|
[2023-01-31 10:57:57,737] [builder.py:2335]           [INFO]     |                                                                                                    |
[2023-01-31 10:57:57,737] [builder.py:2344]           [INFO]     | Moving Sangatsu no Lion to the beginning                                                           |
[2023-01-31 10:57:57,746] [builder.py:2344]           [INFO]     | Moving Akiba Meido Sensou after Sangatsu no Lion                                                   |
[2023-01-31 10:57:57,754] [builder.py:2344]           [INFO]     | Moving Birdie Wing: Golf Girls' Story after Akiba Meido Sensou                                     |
[2023-01-31 10:57:57,762] [builder.py:2344]           [INFO]     | Moving Blue Lock after Birdie Wing: Golf Girls' Story                                              |
[2023-01-31 10:57:57,769] [builder.py:2344]           [INFO]     | Moving Boku no Hero Academia after Blue Lock                                                       |
[2023-01-31 10:57:57,777] [builder.py:2344]           [INFO]     | Moving Dungeon ni Deai o Motomeru no wa Machigatte Iru Darouka: Familia Myth after Boku no Hero Academia |
[2023-01-31 10:57:57,784] [builder.py:2344]           [INFO]     | Moving Isekai Ojisan after Dungeon ni Deai o Motomeru no wa Machigatte Iru Darouka: Familia Myth   |
[2023-01-31 10:57:57,792] [builder.py:2344]           [INFO]     | Moving Kage no Jitsuryokusha ni Naritakute! after Isekai Ojisan                                    |
[2023-01-31 10:57:57,799] [builder.py:2344]           [INFO]     | Moving Kaguya-sama wa Kokurasetai: Tensai-tachi no Ren'ai Zunousen after Kage no Jitsuryokusha ni Naritakute! |
[2023-01-31 10:57:57,807] [builder.py:2344]           [INFO]     | Moving Mamahaha no Tsurego ga Motokano Datta after Kaguya-sama wa Kokurasetai: Tensai-tachi no Ren'ai Zunousen |
[2023-01-31 10:57:57,814] [builder.py:2344]           [INFO]     | Moving No Game No Life after Mamahaha no Tsurego ga Motokano Datta                                 |
[2023-01-31 10:57:57,822] [builder.py:2344]           [INFO]     | Moving Ousama Ranking after No Game No Life                                                        |
[2023-01-31 10:57:57,829] [builder.py:2344]           [INFO]     | Moving Sabikui Bisco after Ousama Ranking                                                          |
[2023-01-31 10:57:57,837] [builder.py:2344]           [INFO]     | Moving Shiguang Dailiren after Sabikui Bisco                                                       |
[2023-01-31 10:57:57,846] [builder.py:2344]           [INFO]     | Moving Spy Kyoushitsu after Shiguang Dailiren                                                      |
[2023-01-31 10:57:57,853] [builder.py:2344]           [INFO]     | Moving Spy x Family (2022) after Spy Kyoushitsu                                                    |
[2023-01-31 10:57:57,861] [builder.py:2344]           [INFO]     | Moving Summer Time Render after Spy x Family (2022)                                                |
[2023-01-31 10:57:57,868] [builder.py:2344]           [INFO]     | Moving Tensei Shitara Ken Deshita after Summer Time Render                                         |
[2023-01-31 10:57:57,877] [builder.py:2344]           [INFO]     | Moving Vinland Saga after Tensei Shitara Ken Deshita                                               |
[2023-01-31 10:57:57,884] [plex_meta_manager.py:285]  [INFO]     |                                                                                                    |
[2023-01-31 10:57:57,885] [util.py:216]               [INFO]     |============================= Sorting Jack's Plan to Watch Collection ==============================|
[2023-01-31 10:57:57,886] [plex_meta_manager.py:287]  [INFO]     |                                                                                                    |
[2023-01-31 10:57:57,886] [builder.py:2333]           [INFO]     |                                                                                                    |
[2023-01-31 10:57:57,886] [util.py:216]               [INFO]     |============================= Sorting Jack's Plan to Watch Collection ==============================|
[2023-01-31 10:57:57,887] [builder.py:2335]           [INFO]     |                                                                                                    |
[2023-01-31 10:57:57,887] [builder.py:2344]           [INFO]     | Moving Sangatsu no Lion to the beginning                                                           |
[2023-01-31 10:57:57,897] [builder.py:2344]           [INFO]     | Moving Go-Toubun no Hanayome after Sangatsu no Lion                                                |
[2023-01-31 10:57:57,908] [builder.py:2344]           [INFO]     | Moving Aharen-san wa Hakarenai after Go-Toubun no Hanayome                                         |
[2023-01-31 10:57:57,921] [builder.py:2344]           [INFO]     | Moving Akame ga Kill! after Aharen-san wa Hakarenai                                                |
[2023-01-31 10:57:57,933] [builder.py:2344]           [INFO]     | Moving Akudama Drive after Akame ga Kill!                                                          |
[2023-01-31 10:57:57,943] [builder.py:2344]           [INFO]     | Moving Another after Akudama Drive                                                                 |
[2023-01-31 10:57:57,954] [builder.py:2344]           [INFO]     | Moving Burn the Witch after Another                                                                |
[2023-01-31 10:57:57,969] [builder.py:2344]           [INFO]     | Moving Dance Dance Danseur after Burn the Witch                                                    |
[2023-01-31 10:57:57,980] [builder.py:2344]           [INFO]     | Moving Danshi Koukousei no Nichijou after Dance Dance Danseur                                      |
[2023-01-31 10:57:57,991] [builder.py:2344]           [INFO]     | Moving Date a Live after Danshi Koukousei no Nichijou                                              |
[2023-01-31 10:57:58,004] [builder.py:2344]           [INFO]     | Moving Dr. Stone after Date a Live                                                                 |
[2023-01-31 10:57:58,016] [builder.py:2344]           [INFO]     | Moving Dungeon ni Deai o Motomeru no wa Machigatte Iru Darouka: Familia Myth after Dr. Stone       |
[2023-01-31 10:57:58,026] [builder.py:2344]           [INFO]     | Moving Given after Dungeon ni Deai o Motomeru no wa Machigatte Iru Darouka: Familia Myth           |
[2023-01-31 10:57:58,036] [builder.py:2344]           [INFO]     | Moving Goblin Slayer after Given                                                                   |
[2023-01-31 10:57:58,048] [builder.py:2344]           [INFO]     | Moving Golden Kamuy after Goblin Slayer                                                            |
[2023-01-31 10:57:58,058] [builder.py:2344]           [INFO]     | Moving Hajime no Ippo: The Fighting! after Golden Kamuy                                            |
[2023-01-31 10:57:58,068] [builder.py:2344]           [INFO]     | Moving Horimiya after Hajime no Ippo: The Fighting!                                                |
[2023-01-31 10:57:58,078] [builder.py:2344]           [INFO]     | Moving Hyouka after Horimiya                                                                       |
[2023-01-31 10:57:58,088] [builder.py:2344]           [INFO]     | Moving K-On! after Hyouka                                                                          |
[2023-01-31 10:57:58,099] [builder.py:2344]           [INFO]     | Moving Kaguya-sama wa Kokurasetai: Tensai-tachi no Ren'ai Zunousen after K-On!                     |
[2023-01-31 10:57:58,110] [builder.py:2344]           [INFO]     | Moving Kami no Tou after Kaguya-sama wa Kokurasetai: Tensai-tachi no Ren'ai Zunousen               |
[2023-01-31 10:57:58,120] [builder.py:2344]           [INFO]     | Moving Kanojo, Okarishimasu after Kami no Tou                                                      |
[2023-01-31 10:57:58,131] [builder.py:2344]           [INFO]     | Moving Kidou Senshi Gundam: Suisei no Majo after Kanojo, Okarishimasu                              |
[2023-01-31 10:57:58,143] [builder.py:2344]           [INFO]     | Moving Kinsou no Vermeil: Gakeppuchi Majutsushi wa Saikyou no Yakusai to Mahou Sekai o Tsukisusumu after Kidou Senshi Gundam: Suisei no Majo |
[2023-01-31 10:57:58,154] [builder.py:2344]           [INFO]     | Moving Kiseijuu: Sei no Kakuritsu after Kinsou no Vermeil: Gakeppuchi Majutsushi wa Saikyou no Yakusai to Mahou Sekai o Tsukisusumu |
[2023-01-31 10:57:58,164] [builder.py:2344]           [INFO]     | Moving Komi-san wa, Komyushou Desu. after Kiseijuu: Sei no Kakuritsu                               |
[2023-01-31 10:57:58,174] [builder.py:2344]           [INFO]     | Moving Bakemonogatari after Komi-san wa, Komyushou Desu.                                           |
[2023-01-31 10:57:58,185] [builder.py:2344]           [INFO]     | Moving Ookami to Koushinryou after Bakemonogatari                                                  |
[2023-01-31 10:57:58,196] [builder.py:2344]           [INFO]     | Moving Overlord after Ookami to Koushinryou                                                        |
[2023-01-31 10:57:58,207] [builder.py:2344]           [INFO]     | Moving Shinsekai yori after Overlord                                                               |
[2023-01-31 10:57:58,217] [builder.py:2344]           [INFO]     | Moving Slime Taoshite 300-nen, Shiranai Uchi ni Level Max ni Nattemashita after Shinsekai yori     |
[2023-01-31 10:57:58,228] [builder.py:2344]           [INFO]     | Moving Sonny Boy after Slime Taoshite 300-nen, Shiranai Uchi ni Level Max ni Nattemashita          |
[2023-01-31 10:57:58,240] [builder.py:2344]           [INFO]     | Moving Soredemo Ayumu wa Yosetekuru after Sonny Boy                                                |
[2023-01-31 10:57:58,255] [builder.py:2344]           [INFO]     | Moving Star Wars: Visions after Soredemo Ayumu wa Yosetekuru                                       |
[2023-01-31 10:57:58,266] [builder.py:2344]           [INFO]     | Moving Tanaka-kun wa Itsumo Kedaruge after Star Wars: Visions                                      |
[2023-01-31 10:57:58,277] [builder.py:2344]           [INFO]     | Moving Tensei Kenja no Isekai Life: Daini no Shokugyou o Ete, Sekai Saikyou ni Narimashita after Tanaka-kun wa Itsumo Kedaruge |
[2023-01-31 10:57:58,288] [builder.py:2344]           [INFO]     | Moving Tensei Shitara Slime Datta Ken after Tensei Kenja no Isekai Life: Daini no Shokugyou o Ete, Sekai Saikyou ni Narimashita |
[2023-01-31 10:57:58,298] [builder.py:2344]           [INFO]     | Moving The God of High School after Tensei Shitara Slime Datta Ken                                 |
[2023-01-31 10:57:58,310] [builder.py:2344]           [INFO]     | Moving Tonikaku Kawaii after The God of High School                                                |
[2023-01-31 10:57:58,321] [builder.py:2344]           [INFO]     | Moving Vanitas no Karte after Tonikaku Kawaii                                                      |
[2023-01-31 10:57:58,331] [builder.py:2344]           [INFO]     | Moving Violet Evergarden after Vanitas no Karte                                                    |
[2023-01-31 10:57:58,341] [builder.py:2344]           [INFO]     | Moving Yakusoku no Neverland after Violet Evergarden                                               |
[2023-01-31 10:57:58,352] [builder.py:2344]           [INFO]     | Moving Youkoso Jitsuryoku Shijou Shugi no Kyoushitsu e after Yakusoku no Neverland                 |
[2023-01-31 10:57:58,364] [builder.py:2344]           [INFO]     | Moving Yuuri!!! on Ice after Youkoso Jitsuryoku Shijou Shugi no Kyoushitsu e                       |
[2023-01-31 10:57:58,376] [plex_meta_manager.py:285]  [INFO]     |                                                                                                    |
[2023-01-31 10:57:58,376] [util.py:216]               [INFO]     |=============================== Sorting Top Airing Anime Collection ================================|
[2023-01-31 10:57:58,377] [plex_meta_manager.py:287]  [INFO]     |                                                                                                    |
[2023-01-31 10:57:58,377] [builder.py:2333]           [INFO]     |                                                                                                    |
[2023-01-31 10:57:58,377] [util.py:216]               [INFO]     |=============================== Sorting Top Airing Anime Collection ================================|
[2023-01-31 10:57:58,378] [builder.py:2335]           [INFO]     |                                                                                                    |
[2023-01-31 10:57:58,378] [builder.py:2344]           [INFO]     | Moving Vinland Saga to the beginning                                                               |
[2023-01-31 10:57:58,385] [builder.py:2344]           [INFO]     | Moving Bungou Stray Dogs after Vinland Saga                                                        |
[2023-01-31 10:57:58,392] [builder.py:2344]           [INFO]     | Moving Dungeon ni Deai o Motomeru no wa Machigatte Iru Darouka: Familia Myth after Bungou Stray Dogs |
[2023-01-31 10:57:58,398] [builder.py:2344]           [INFO]     | Moving Tokyo Revengers after Dungeon ni Deai o Motomeru no wa Machigatte Iru Darouka: Familia Myth |
[2023-01-31 10:57:58,405] [builder.py:2344]           [INFO]     | Moving Otonari no Tenshi-sama ni Itsunomanika Dame Ningen ni Sareteita Ken after Tokyo Revengers   |
[2023-01-31 10:57:58,410] [builder.py:2344]           [INFO]     | Moving Buddy Daddies after Otonari no Tenshi-sama ni Itsunomanika Dame Ningen ni Sareteita Ken     |
[2023-01-31 10:57:58,417] [builder.py:2344]           [INFO]     | Moving Kubo-san wa Mob o Yurusanai after Buddy Daddies                                             |
[2023-01-31 10:57:58,423] [builder.py:2344]           [INFO]     | Moving Itai no wa Iya nano de Bougyoryoku ni Kyokufuri Shitai to Omoimasu. after Kubo-san wa Mob o Yurusanai |
[2023-01-31 10:57:58,430] [builder.py:2344]           [INFO]     | Moving Tondemo Skill de Isekai Hourou Meshi after Itai no wa Iya nano de Bougyoryoku ni Kyokufuri Shitai to Omoimasu. |
[2023-01-31 10:57:58,437] [builder.py:2344]           [INFO]     | Moving Maou Gakuin no Futekigousha: Shijou Saikyou no Maou no Shiso, Tensei Shite Shison-tachi no Gakkou e Kayou after Tondemo Skill de Isekai Hourou Meshi |
[2023-01-31 10:57:58,445] [builder.py:2344]           [INFO]     | Moving Tsurune: Kazemai Koukou Kyuudou Bu after Maou Gakuin no Futekigousha: Shijou Saikyou no Maou no Shiso, Tensei Shite Shison-tachi no Gakkou e Kayou |
[2023-01-31 10:57:58,451] [builder.py:2344]           [INFO]     | Moving Tomo-chan wa Onnanoko! after Tsurune: Kazemai Koukou Kyuudou Bu                             |
[2023-01-31 10:57:58,458] [builder.py:2344]           [INFO]     | Moving Ijiranaide, Nagatoro-san after Tomo-chan wa Onnanoko!                                       |
[2023-01-31 10:57:58,465] [plex_meta_manager.py:285]  [INFO]     |                                                                                                    |
[2023-01-31 10:57:58,465] [util.py:216]               [INFO]     |============================== Sorting Most Popular Anime Collection ===============================|
[2023-01-31 10:57:58,465] [plex_meta_manager.py:287]  [INFO]     |                                                                                                    |
[2023-01-31 10:57:58,466] [builder.py:2333]           [INFO]     |                                                                                                    |
[2023-01-31 10:57:58,466] [util.py:216]               [INFO]     |============================== Sorting Most Popular Anime Collection ===============================|
[2023-01-31 10:57:58,467] [builder.py:2335]           [INFO]     |                                                                                                    |
[2023-01-31 10:57:58,467] [builder.py:2344]           [INFO]     | Moving Shingeki no Kyojin to the beginning                                                         |
[2023-01-31 10:57:58,476] [builder.py:2344]           [INFO]     | Moving Death Note after Shingeki no Kyojin                                                         |
[2023-01-31 10:57:58,491] [builder.py:2344]           [INFO]     | Moving Hagane no Renkinjutsushi (2009) after Death Note                                            |
[2023-01-31 10:57:58,501] [builder.py:2344]           [INFO]     | Moving One Punch Man after Hagane no Renkinjutsushi (2009)                                         |
[2023-01-31 10:57:58,510] [builder.py:2344]           [INFO]     | Moving Boku no Hero Academia after One Punch Man                                                   |
[2023-01-31 10:57:58,519] [builder.py:2344]           [INFO]     | Moving Kimetsu no Yaiba after Boku no Hero Academia                                                |
[2023-01-31 10:57:58,529] [builder.py:2344]           [INFO]     | Moving Naruto after Kimetsu no Yaiba                                                               |
[2023-01-31 10:57:58,538] [builder.py:2344]           [INFO]     | Moving Tokyo Ghoul after Naruto                                                                    |
[2023-01-31 10:57:58,547] [builder.py:2344]           [INFO]     | Moving Hunter x Hunter (2011) after Tokyo Ghoul                                                    |
[2023-01-31 10:57:58,557] [builder.py:2344]           [INFO]     | Moving Steins;Gate after Hunter x Hunter (2011)                                                    |
[2023-01-31 10:57:58,566] [builder.py:2344]           [INFO]     | Moving No Game No Life after Steins;Gate                                                           |
[2023-01-31 10:57:58,575] [builder.py:2344]           [INFO]     | Moving Jujutsu Kaisen after No Game No Life                                                        |
[2023-01-31 10:57:58,584] [builder.py:2344]           [INFO]     | Moving Code Geass: Hangyaku no Lelouch after Jujutsu Kaisen                                        |
[2023-01-31 10:57:58,592] [builder.py:2344]           [INFO]     | Moving Toradora! after Code Geass: Hangyaku no Lelouch                                             |
[2023-01-31 10:57:58,602] [builder.py:2344]           [INFO]     | Moving Shigatsu wa Kimi no Uso after Toradora!                                                     |
[2023-01-31 10:57:58,611] [builder.py:2344]           [INFO]     | Moving Re:Zero kara Hajimeru Isekai Seikatsu (2021) after Shigatsu wa Kimi no Uso                  |
[2023-01-31 10:57:58,620] [builder.py:2344]           [INFO]     | Moving Angel Beats! after Re:Zero kara Hajimeru Isekai Seikatsu (2021)                             |
[2023-01-31 10:57:58,630] [builder.py:2344]           [INFO]     | Moving Akame ga Kill! after Angel Beats!                                                           |
[2023-01-31 10:57:58,639] [builder.py:2344]           [INFO]     | Moving Boku dake ga Inai Machi after Akame ga Kill!                                                |
[2023-01-31 10:57:58,648] [builder.py:2344]           [INFO]     | Moving Mob Psycho 100 after Boku dake ga Inai Machi                                                |
[2023-01-31 10:57:58,657] [builder.py:2344]           [INFO]     | Moving Haikyuu!! after Mob Psycho 100                                                              |
[2023-01-31 10:57:58,668] [builder.py:2344]           [INFO]     | Moving Yakusoku no Neverland after Haikyuu!!                                                       |
[2023-01-31 10:57:58,677] [builder.py:2344]           [INFO]     | Moving Kono Subarashii Sekai ni Shukufuku o! after Yakusoku no Neverland                           |
[2023-01-31 10:57:58,688] [builder.py:2344]           [INFO]     | Moving Kiseijuu: Sei no Kakuritsu after Kono Subarashii Sekai ni Shukufuku o!                      |
[2023-01-31 10:57:58,698] [builder.py:2344]           [INFO]     | Moving Cowboy Bebop after Kiseijuu: Sei no Kakuritsu                                               |
[2023-01-31 10:57:58,706] [builder.py:2344]           [INFO]     | Moving Shinseiki Evangelion after Cowboy Bebop                                                     |
[2023-01-31 10:57:58,715] [builder.py:2344]           [INFO]     | Moving Kill la Kill after Shinseiki Evangelion                                                     |
[2023-01-31 10:57:58,725] [plex_meta_manager.py:285]  [INFO]     |                                                                                                    |
[2023-01-31 10:57:58,726] [util.py:216]               [INFO]     |============================= Sorting Most Favorited Anime Collection ==============================|
[2023-01-31 10:57:58,726] [plex_meta_manager.py:287]  [INFO]     |                                                                                                    |
[2023-01-31 10:57:58,726] [builder.py:2333]           [INFO]     |                                                                                                    |
[2023-01-31 10:57:58,727] [util.py:216]               [INFO]     |============================= Sorting Most Favorited Anime Collection ==============================|
[2023-01-31 10:57:58,727] [builder.py:2335]           [INFO]     |                                                                                                    |
[2023-01-31 10:57:58,727] [builder.py:2344]           [INFO]     | Moving Hagane no Renkinjutsushi (2009) to the beginning                                            |
[2023-01-31 10:57:58,750] [builder.py:2344]           [INFO]     | Moving Hunter x Hunter (2011) after Hagane no Renkinjutsushi (2009)                                |
[2023-01-31 10:57:58,762] [builder.py:2344]           [INFO]     | Moving Steins;Gate after Hunter x Hunter (2011)                                                    |
[2023-01-31 10:57:58,772] [builder.py:2344]           [INFO]     | Moving Death Note after Steins;Gate                                                                |
[2023-01-31 10:57:58,783] [builder.py:2344]           [INFO]     | Moving Shingeki no Kyojin after Death Note                                                         |
[2023-01-31 10:57:58,795] [builder.py:2344]           [INFO]     | Moving Code Geass: Hangyaku no Lelouch after Shingeki no Kyojin                                    |
[2023-01-31 10:57:58,805] [builder.py:2344]           [INFO]     | Moving Shinseiki Evangelion after Code Geass: Hangyaku no Lelouch                                  |
[2023-01-31 10:57:58,815] [builder.py:2344]           [INFO]     | Moving Kimetsu no Yaiba after Shinseiki Evangelion                                                 |
[2023-01-31 10:57:58,825] [builder.py:2344]           [INFO]     | Moving Shigatsu wa Kimi no Uso after Kimetsu no Yaiba                                              |
[2023-01-31 10:57:58,835] [builder.py:2344]           [INFO]     | Moving Jujutsu Kaisen after Shigatsu wa Kimi no Uso                                                |
[2023-01-31 10:57:58,846] [builder.py:2344]           [INFO]     | Moving Cowboy Bebop after Jujutsu Kaisen                                                           |
[2023-01-31 10:57:58,856] [builder.py:2344]           [INFO]     | Moving Tengen Toppa Gurren Lagann after Cowboy Bebop                                               |
[2023-01-31 10:57:58,866] [builder.py:2344]           [INFO]     | Moving Naruto after Tengen Toppa Gurren Lagann                                                     |
[2023-01-31 10:57:58,877] [builder.py:2344]           [INFO]     | Moving Haikyuu!! after Naruto                                                                      |
[2023-01-31 10:57:58,887] [builder.py:2344]           [INFO]     | Moving Re:Zero kara Hajimeru Isekai Seikatsu (2021) after Haikyuu!!                                |
[2023-01-31 10:57:58,897] [builder.py:2344]           [INFO]     | Moving One Punch Man after Re:Zero kara Hajimeru Isekai Seikatsu (2021)                            |
[2023-01-31 10:57:58,908] [builder.py:2344]           [INFO]     | Moving Violet Evergarden after One Punch Man                                                       |
[2023-01-31 10:57:58,919] [builder.py:2344]           [INFO]     | Moving Toradora! after Violet Evergarden                                                           |
[2023-01-31 10:57:58,929] [builder.py:2344]           [INFO]     | Moving Boku no Hero Academia after Toradora!                                                       |
[2023-01-31 10:57:58,938] [builder.py:2344]           [INFO]     | Moving Tokyo Ghoul after Boku no Hero Academia                                                     |
[2023-01-31 10:57:58,949] [builder.py:2344]           [INFO]     | Moving Bakemonogatari after Tokyo Ghoul                                                            |
[2023-01-31 10:57:58,959] [builder.py:2344]           [INFO]     | Moving Angel Beats! after Bakemonogatari                                                           |
[2023-01-31 10:57:58,968] [builder.py:2344]           [INFO]     | Moving No Game No Life after Angel Beats!                                                          |
[2023-01-31 10:57:58,978] [builder.py:2344]           [INFO]     | Moving Boku dake ga Inai Machi after No Game No Life                                               |
[2023-01-31 10:57:58,989] [builder.py:2344]           [INFO]     | Moving Seishun Buta Yarou wa Bunny Girl Senpai no Yume o Minai after Boku dake ga Inai Machi       |
[2023-01-31 10:57:59,000] [builder.py:2344]           [INFO]     | Moving Mob Psycho 100 after Seishun Buta Yarou wa Bunny Girl Senpai no Yume o Minai                |
[2023-01-31 10:57:59,010] [builder.py:2344]           [INFO]     | Moving Kono Subarashii Sekai ni Shukufuku o! after Mob Psycho 100                                  |
[2023-01-31 10:57:59,019] [builder.py:2344]           [INFO]     | Moving Made in Abyss after Kono Subarashii Sekai ni Shukufuku o!                                   |
[2023-01-31 10:57:59,042] [builder.py:2344]           [INFO]     | Moving Vinland Saga after Made in Abyss                                                            |
[2023-01-31 10:57:59,053] [builder.py:2344]           [INFO]     | Moving Spy x Family (2022) after Vinland Saga                                                      |
[2023-01-31 10:57:59,062] [builder.py:2344]           [INFO]     | Moving Kaguya-sama wa Kokurasetai: Tensai-tachi no Ren'ai Zunousen after Spy x Family (2022)       |
[2023-01-31 10:57:59,073] [builder.py:2344]           [INFO]     | Moving Kill la Kill after Kaguya-sama wa Kokurasetai: Tensai-tachi no Ren'ai Zunousen              |
[2023-01-31 10:57:59,083] [builder.py:2344]           [INFO]     | Moving Chainsaw Man after Kill la Kill                                                             |
[2023-01-31 10:57:59,092] [plex_meta_manager.py:285]  [INFO]     |                                                                                                    |
[2023-01-31 10:57:59,093] [util.py:216]               [INFO]     |================================ Sorting Seasonal Winter Collection ================================|
[2023-01-31 10:57:59,093] [plex_meta_manager.py:287]  [INFO]     |                                                                                                    |
[2023-01-31 10:57:59,094] [builder.py:2333]           [INFO]     |                                                                                                    |
[2023-01-31 10:57:59,095] [util.py:216]               [INFO]     |================================ Sorting Seasonal Winter Collection ================================|
[2023-01-31 10:57:59,095] [builder.py:2335]           [INFO]     |                                                                                                    |
[2023-01-31 10:57:59,096] [builder.py:2344]           [INFO]     | Moving Boku no Hero Academia to the beginning                                                      |
[2023-01-31 10:57:59,103] [builder.py:2344]           [INFO]     | Moving Blue Lock after Boku no Hero Academia                                                       |
[2023-01-31 10:57:59,111] [builder.py:2344]           [INFO]     | Moving Kage no Jitsuryokusha ni Naritakute! after Blue Lock                                        |
[2023-01-31 10:57:59,117] [builder.py:2344]           [INFO]     | Moving Vinland Saga after Kage no Jitsuryokusha ni Naritakute!                                     |
[2023-01-31 10:57:59,125] [builder.py:2344]           [INFO]     | Moving Isekai Ojisan after Vinland Saga                                                            |
[2023-01-31 10:57:59,132] [builder.py:2344]           [INFO]     | Moving Maou Gakuin no Futekigousha: Shijou Saikyou no Maou no Shiso, Tensei Shite Shison-tachi no Gakkou e Kayou after Isekai Ojisan |
[2023-01-31 10:57:59,138] [builder.py:2344]           [INFO]     | Moving Fumetsu no Anata e after Maou Gakuin no Futekigousha: Shijou Saikyou no Maou no Shiso, Tensei Shite Shison-tachi no Gakkou e Kayou |
[2023-01-31 10:57:59,145] [builder.py:2344]           [INFO]     | Moving Tokyo Revengers after Fumetsu no Anata e                                                    |
[2023-01-31 10:57:59,153] [builder.py:2344]           [INFO]     | Moving Ijiranaide, Nagatoro-san after Tokyo Revengers                                              |
[2023-01-31 10:57:59,161] [builder.py:2344]           [INFO]     | Moving NieR:Automata Ver1.1a after Ijiranaide, Nagatoro-san                                        |
[2023-01-31 10:57:59,169] [builder.py:2344]           [INFO]     | Moving Bungou Stray Dogs after NieR:Automata Ver1.1a                                               |
[2023-01-31 10:57:59,175] [builder.py:2344]           [INFO]     | Moving Tomo-chan wa Onnanoko! after Bungou Stray Dogs                                              |
[2023-01-31 10:57:59,183] [builder.py:2344]           [INFO]     | Moving Itai no wa Iya nano de Bougyoryoku ni Kyokufuri Shitai to Omoimasu. after Tomo-chan wa Onnanoko! |
[2023-01-31 10:57:59,189] [builder.py:2344]           [INFO]     | Moving Otonari no Tenshi-sama ni Itsunomanika Dame Ningen ni Sareteita Ken after Itai no wa Iya nano de Bougyoryoku ni Kyokufuri Shitai to Omoimasu. |
[2023-01-31 10:57:59,197] [plex_meta_manager.py:423]  [INFO]     |                                                                                                    |
[2023-01-31 10:57:59,197] [util.py:209]               [INFO]     |====================================================================================================|
[2023-01-31 10:57:59,198] [util.py:216]               [INFO]     |                                      Anime Library Operations                                      |
[2023-01-31 10:57:59,198] [util.py:220]               [INFO]     |====================================================================================================|
[2023-01-31 10:57:59,199] [plex_meta_manager.py:425]  [INFO]     |                                                                                                    |
[2023-01-31 10:57:59,199] [plex_meta_manager.py:426]  [DEBUG]    | Assets For All: False                                                                              |
[2023-01-31 10:57:59,199] [plex_meta_manager.py:427]  [DEBUG]    | Delete Collections With Less: None                                                                 |
[2023-01-31 10:57:59,199] [plex_meta_manager.py:428]  [DEBUG]    | Delete Unmanaged Collections: False                                                                |
[2023-01-31 10:57:59,200] [plex_meta_manager.py:429]  [DEBUG]    | Mass Genre Update: None                                                                            |
[2023-01-31 10:57:59,200] [plex_meta_manager.py:430]  [DEBUG]    | Mass Audience Rating Update: None                                                                  |
[2023-01-31 10:57:59,200] [plex_meta_manager.py:431]  [DEBUG]    | Mass Critic Rating Update: None                                                                    |
[2023-01-31 10:57:59,201] [plex_meta_manager.py:432]  [DEBUG]    | Mass Trakt Rating Update: False                                                                    |
[2023-01-31 10:57:59,201] [plex_meta_manager.py:433]  [DEBUG]    | Mass Collection Mode Update: None                                                                  |
[2023-01-31 10:57:59,201] [plex_meta_manager.py:434]  [DEBUG]    | Split Duplicates: False                                                                            |
[2023-01-31 10:57:59,201] [plex_meta_manager.py:435]  [DEBUG]    | Radarr Add All Existing: False                                                                     |
[2023-01-31 10:57:59,202] [plex_meta_manager.py:436]  [DEBUG]    | Radarr Remove by Tag: None                                                                         |
[2023-01-31 10:57:59,202] [plex_meta_manager.py:437]  [DEBUG]    | Sonarr Add All Existing: False                                                                     |
[2023-01-31 10:57:59,202] [plex_meta_manager.py:438]  [DEBUG]    | Sonarr Remove by Tag: None                                                                         |
[2023-01-31 10:57:59,203] [plex_meta_manager.py:439]  [DEBUG]    | TMDb Collections: None                                                                             |
[2023-01-31 10:57:59,203] [plex_meta_manager.py:440]  [DEBUG]    | Genre Collections: None                                                                            |
[2023-01-31 10:57:59,203] [plex_meta_manager.py:441]  [DEBUG]    | Genre Mapper: None                                                                                 |
[2023-01-31 10:57:59,204] [plex_meta_manager.py:442]  [DEBUG]    | TMDb Operation: False                                                                              |
[2023-01-31 10:57:59,220] [plex_meta_manager.py:696]  [INFO]     |                                                                                                    |
[2023-01-31 10:57:59,220] [util.py:216]               [INFO]     |============================ No Unmanaged Collections in Anime Library =============================|
[2023-01-31 10:57:59,221] [plex_meta_manager.py:698]  [INFO]     |                                                                                                    |
[2023-01-31 10:57:59,224] [plex_meta_manager.py:216]  [INFO]     |                                                                                                    |
[2023-01-31 10:57:59,224] [util.py:209]               [INFO]     |====================================================================================================|
[2023-01-31 10:57:59,225] [util.py:216]               [INFO]     |                                          TV Shows Library                                          |
[2023-01-31 10:57:59,225] [util.py:220]               [INFO]     |====================================================================================================|
[2023-01-31 10:57:59,226] [plex_meta_manager.py:222]  [DEBUG]    |                                                                                                    |
[2023-01-31 10:57:59,226] [plex_meta_manager.py:223]  [DEBUG]    | Mapping Name: TV Shows                                                                             |
[2023-01-31 10:57:59,226] [plex_meta_manager.py:224]  [DEBUG]    | Folder Name: TV Shows                                                                              |
[2023-01-31 10:57:59,227] [plex_meta_manager.py:225]  [DEBUG]    | Missing Path: C:\Plex-Stack\Plex-Meta-Manager\config\TV Shows_missing.yml                          |
[2023-01-31 10:57:59,227] [plex_meta_manager.py:227]  [DEBUG]    | Asset Directory: config/assets                                                                     |
[2023-01-31 10:57:59,227] [plex_meta_manager.py:228]  [DEBUG]    | Asset Folders: False                                                                               |
[2023-01-31 10:57:59,227] [plex_meta_manager.py:229]  [DEBUG]    | Create Asset Folders: False                                                                        |
[2023-01-31 10:57:59,228] [plex_meta_manager.py:230]  [DEBUG]    | Download URL Assets: False                                                                         |
[2023-01-31 10:57:59,228] [plex_meta_manager.py:231]  [DEBUG]    | Sync Mode: append                                                                                  |
[2023-01-31 10:57:59,228] [plex_meta_manager.py:232]  [DEBUG]    | Collection Minimum: 1                                                                              |
[2023-01-31 10:57:59,229] [plex_meta_manager.py:233]  [DEBUG]    | Delete Below Minimum: True                                                                         |
[2023-01-31 10:57:59,229] [plex_meta_manager.py:234]  [DEBUG]    | Delete Not Scheduled: False                                                                        |
[2023-01-31 10:57:59,229] [plex_meta_manager.py:235]  [DEBUG]    | Default Collection Order: release                                                                  |
[2023-01-31 10:57:59,229] [plex_meta_manager.py:236]  [DEBUG]    | Missing Only Released: False                                                                       |
[2023-01-31 10:57:59,230] [plex_meta_manager.py:237]  [DEBUG]    | Only Filter Missing: False                                                                         |
[2023-01-31 10:57:59,230] [plex_meta_manager.py:238]  [DEBUG]    | Show Unmanaged: True                                                                               |
[2023-01-31 10:57:59,230] [plex_meta_manager.py:239]  [DEBUG]    | Show Filtered: False                                                                               |
[2023-01-31 10:57:59,231] [plex_meta_manager.py:240]  [DEBUG]    | Show Missing: True                                                                                 |
[2023-01-31 10:57:59,231] [plex_meta_manager.py:241]  [DEBUG]    | Show Missing Assets: False                                                                         |
[2023-01-31 10:57:59,231] [plex_meta_manager.py:242]  [DEBUG]    | Save Missing: True                                                                                 |
[2023-01-31 10:57:59,232] [plex_meta_manager.py:243]  [DEBUG]    | Clean Bundles: False                                                                               |
[2023-01-31 10:57:59,232] [plex_meta_manager.py:244]  [DEBUG]    | Empty Trash: False                                                                                 |
[2023-01-31 10:57:59,232] [plex_meta_manager.py:245]  [DEBUG]    | Optimize: False                                                                                    |
[2023-01-31 10:57:59,233] [plex_meta_manager.py:246]  [DEBUG]    | Timeout: 60                                                                                        |
[2023-01-31 10:57:59,233] [plex_meta_manager.py:256]  [INFO]     |                                                                                                    |
[2023-01-31 10:57:59,233] [util.py:216]               [INFO]     |===================================== Mapping TV Shows Library =====================================|
[2023-01-31 10:57:59,234] [plex_meta_manager.py:258]  [INFO]     |                                                                                                    |
[2023-01-31 10:57:59,235] [plex.py:456]               [INFO]     | Loading All Shows from Library: TV Shows                                                           |
[2023-01-31 10:57:59,418] [plex.py:465]               [INFO]     | Loaded 131 Shows                                                                                   |
[2023-01-31 10:57:59,418] [library.py:248]            [INFO]     | Mapping Show Library: TV Shows                                                                     |
[2023-01-31 10:57:59,419] [library.py:249]            [INFO]     |                                                                                                    |
[2023-01-31 10:57:59,481] [library.py:263]            [INFO]     |                                                                                                    |
[2023-01-31 10:57:59,482] [library.py:264]            [INFO]     | Processed 131 Shows                                                                                |
[2023-01-31 10:57:59,483] [plex_meta_manager.py:261]  [INFO]     |                                                                                                    |
[2023-01-31 10:57:59,484] [util.py:209]               [INFO]     |====================================================================================================|
[2023-01-31 10:57:59,484] [util.py:216]               [INFO]     |                                       Running Metadata File                                        |
[2023-01-31 10:57:59,484] [util.py:216]               [INFO]     |                                        config/TV_Shows.yml                                         |
[2023-01-31 10:57:59,485] [util.py:220]               [INFO]     |====================================================================================================|
[2023-01-31 10:57:59,485] [plex_meta_manager.py:275]  [INFO]     |                                                                                                    |
[2023-01-31 10:57:59,486] [util.py:209]               [INFO]     |====================================================================================================|
[2023-01-31 10:57:59,486] [util.py:216]               [INFO]     |                                            Collections                                             |
[2023-01-31 10:57:59,486] [util.py:220]               [INFO]     |====================================================================================================|
[2023-01-31 10:57:59,487] [plex_meta_manager.py:708]  [INFO]     |                                                                                                    |
[2023-01-31 10:57:59,489] [util.py:209]               [INFO]     |====================================================================================================|
[2023-01-31 10:57:59,490] [util.py:216]               [INFO]     |                                  Trending Collection in TV Shows                                   |
[2023-01-31 10:57:59,490] [util.py:220]               [INFO]     |====================================================================================================|
[2023-01-31 10:57:59,490] [plex_meta_manager.py:750]  [INFO]     |                                                                                                    |
[2023-01-31 10:57:59,491] [util.py:216]               [INFO]     |================================== Validating Trending Attributes ==================================|
[2023-01-31 10:57:59,491] [builder.py:330]            [DEBUG]    |                                                                                                    |
[2023-01-31 10:57:59,492] [builder.py:331]            [DEBUG]    | Validating Method: sync_mode                                                                       |
[2023-01-31 10:57:59,492] [builder.py:335]            [DEBUG]    | Value: sync                                                                                        |
[2023-01-31 10:57:59,492] [builder.py:389]            [DEBUG]    |                                                                                                    |
[2023-01-31 10:57:59,492] [builder.py:390]            [DEBUG]    | Validating Method: smart_label                                                                     |
[2023-01-31 10:57:59,493] [builder.py:395]            [DEBUG]    | Value: originally_available.desc                                                                   |
[2023-01-31 10:57:59,493] [builder.py:472]            [DEBUG]    |                                                                                                    |
[2023-01-31 10:57:59,493] [builder.py:473]            [DEBUG]    | Validating Method: sort_title                                                                      |
[2023-01-31 10:57:59,494] [builder.py:474]            [DEBUG]    | Value: +1a                                                                                         |
[2023-01-31 10:57:59,494] [builder.py:472]            [DEBUG]    |                                                                                                    |
[2023-01-31 10:57:59,494] [builder.py:473]            [DEBUG]    | Validating Method: trakt_trending                                                                  |
[2023-01-31 10:57:59,494] [builder.py:474]            [DEBUG]    | Value: 40                                                                                          |
[2023-01-31 10:57:59,495] [builder.py:472]            [DEBUG]    |                                                                                                    |
[2023-01-31 10:57:59,495] [builder.py:473]            [DEBUG]    | Validating Method: summary                                                                         |
[2023-01-31 10:57:59,495] [builder.py:474]            [DEBUG]    | Value: Shows Trending across the internet                                                          |
[2023-01-31 10:57:59,496] [builder.py:472]            [DEBUG]    |                                                                                                    |
[2023-01-31 10:57:59,496] [builder.py:473]            [DEBUG]    | Validating Method: url_poster                                                                      |
[2023-01-31 10:57:59,496] [builder.py:474]            [DEBUG]    | Value: https://i.imgur.com/AVCNmB0.png                                                             |
[2023-01-31 10:57:59,496] [builder.py:472]            [DEBUG]    |                                                                                                    |
[2023-01-31 10:57:59,497] [builder.py:473]            [DEBUG]    | Validating Method: url_background                                                                  |
[2023-01-31 10:57:59,497] [builder.py:474]            [DEBUG]    | Value: https://wallpaper.dog/large/20509069.jpg                                                    |
[2023-01-31 10:57:59,498] [builder.py:472]            [DEBUG]    |                                                                                                    |
[2023-01-31 10:57:59,498] [builder.py:473]            [DEBUG]    | Validating Method: visible_home                                                                    |
[2023-01-31 10:57:59,498] [builder.py:474]            [DEBUG]    | Value: True                                                                                        |
[2023-01-31 10:57:59,499] [builder.py:472]            [DEBUG]    |                                                                                                    |
[2023-01-31 10:57:59,499] [builder.py:473]            [DEBUG]    | Validating Method: visible_shared                                                                  |
[2023-01-31 10:57:59,499] [builder.py:474]            [DEBUG]    | Value: True                                                                                        |
[2023-01-31 10:57:59,499] [builder.py:472]            [DEBUG]    |                                                                                                    |
[2023-01-31 10:57:59,500] [builder.py:473]            [DEBUG]    | Validating Method: visible_library                                                                 |
[2023-01-31 10:57:59,500] [builder.py:474]            [DEBUG]    | Value: True                                                                                        |
[2023-01-31 10:57:59,500] [builder.py:472]            [DEBUG]    |                                                                                                    |
[2023-01-31 10:57:59,501] [builder.py:473]            [DEBUG]    | Validating Method: sonarr_add_missing                                                              |
[2023-01-31 10:57:59,501] [builder.py:474]            [DEBUG]    | Value: True                                                                                        |
[2023-01-31 10:57:59,530] [builder.py:619]            [INFO]     |                                                                                                    |
[2023-01-31 10:57:59,530] [builder.py:620]            [INFO]     | Validation Successful                                                                              |
[2023-01-31 10:57:59,531] [plex_meta_manager.py:758]  [INFO]     |                                                                                                    |
[2023-01-31 10:57:59,532] [util.py:216]               [INFO]     |=================================== Running Trending Collection ====================================|
[2023-01-31 10:57:59,532] [plex_meta_manager.py:773]  [INFO]     |                                                                                                    |
[2023-01-31 10:57:59,532] [plex_meta_manager.py:774]  [INFO]     | Sync Mode: sync                                                                                    |
[2023-01-31 10:57:59,533] [builder.py:1275]           [DEBUG]    |                                                                                                    |
[2023-01-31 10:57:59,533] [builder.py:1276]           [DEBUG]    | Builder: trakt_trending: 40                                                                        |
[2023-01-31 10:57:59,533] [builder.py:1277]           [INFO]     |                                                                                                    |
[2023-01-31 10:57:59,534] [trakt.py:236]              [INFO]     | Processing Trakt Trending: 40 Shows                                                                |
[2023-01-31 10:57:59,626] [builder.py:1282]           [DEBUG]    |                                                                                                    |
[2023-01-31 10:57:59,627] [builder.py:1283]           [DEBUG]    | 40 IDs Found: [(392256, 'tvdb'), (328634, 'tvdb'), (341164, 'tvdb'), (419936, 'tvdb'), (398822, 'tvdb'), (390430, 'tvdb'), (270205, 'tvdb'), (336261, 'tvdb'), (79168, 'tvdb'), (359579, 'tvdb'), (80379, 'tvdb'), (422028, 'tvdb'), (75710, 'tvdb'), (72108, 'tvdb'), (350665, 'tvdb'), (413074, 'tvdb'), (280537, 'tvdb'), (71663, 'tvdb'), (73787, 'tvdb'), (413215, 'tvdb'), (386630, 'tvdb'), (421903, 'tvdb'), (121361, 'tvdb'), (360295, 'tvdb'), (429566, 'tvdb'), (397060, 'tvdb'), (372081, 'tvdb'), (420207, 'tvdb'), (273181, 'tvdb'), (75897, 'tvdb'), (75299, 'tvdb'), (73762, 'tvdb'), (75682, 'tvdb'), (365186, 'tvdb'), (401513, 'tvdb'), (72449, 'tvdb'), (420063, 'tvdb'), (73244, 'tvdb'), (75978, 'tvdb'), (75805, 'tvdb')] |
[2023-01-31 10:57:59,627] [builder.py:1284]           [DEBUG]    |                                                                                                    |
[2023-01-31 10:57:59,738] [builder.py:1697]           [INFO]     |                                                                                                    |
[2023-01-31 10:57:59,738] [util.py:216]               [INFO]     |================================== Adding to Trending Collection ===================================|
[2023-01-31 10:57:59,739] [builder.py:1699]           [INFO]     |                                                                                                    |
[2023-01-31 10:57:59,749] [builder.py:1709]           [INFO]     | 1/6 | Trending Collection | = | The Last of Us                                                     |
[2023-01-31 10:57:59,749] [builder.py:1709]           [INFO]     | 2/6 | Trending Collection | = | The White Lotus                                                    |
[2023-01-31 10:57:59,750] [builder.py:1709]           [INFO]     | 3/6 | Trending Collection | = | Game of Thrones                                                    |
[2023-01-31 10:57:59,750] [builder.py:1709]           [INFO]     | 4/6 | Trending Collection | = | Wednesday                                                          |
[2023-01-31 10:57:59,751] [builder.py:1709]           [INFO]     | 5/6 | Trending Collection | + | Better Call Saul                                                   |
[2023-01-31 10:57:59,848] [builder.py:1709]           [INFO]     | 6/6 | Trending Collection | + | South Park                                                         |
[2023-01-31 10:57:59,940] [builder.py:1734]           [INFO]     |                                                                                                    |
[2023-01-31 10:57:59,940] [builder.py:1735]           [INFO]     | 6 Shows Processed                                                                                  |
[2023-01-31 10:57:59,941] [builder.py:1969]           [INFO]     |                                                                                                    |
[2023-01-31 10:57:59,942] [util.py:216]               [INFO]     |=============================== Missing Shows from Library: Trending ===============================|
[2023-01-31 10:57:59,942] [builder.py:1971]           [INFO]     |                                                                                                    |
[2023-01-31 10:57:59,964] [builder.py:1982]           [INFO]     | Trending Collection | ? | The Good Doctor (TVDB: 328634)                                           |
[2023-01-31 10:58:00,520] [builder.py:1982]           [INFO]     | Trending Collection | ? | Yellowstone (2018) (TVDB: 341164)                                        |
[2023-01-31 10:58:00,784] [builder.py:1982]           [INFO]     | Trending Collection | ? | Quantum Leap (2022) (TVDB: 419936)                                       |
[2023-01-31 10:58:00,980] [builder.py:1982]           [INFO]     | Trending Collection | ? | Poker Face (2023) (TVDB: 398822)                                         |
[2023-01-31 10:58:01,642] [builder.py:1982]           [INFO]     | Trending Collection | ? | Below Deck (TVDB: 270205)                                                |
[2023-01-31 10:58:02,007] [builder.py:1982]           [INFO]     | Trending Collection | ? | Tom Clancy's Jack Ryan (TVDB: 336261)                                    |
[2023-01-31 10:58:02,986] [builder.py:1982]           [INFO]     | Trending Collection | ? | Friends (TVDB: 79168)                                                    |
[2023-01-31 10:58:03,299] [builder.py:1982]           [INFO]     | Trending Collection | ? | Your Honor (TVDB: 359579)                                                |
[2023-01-31 10:58:04,614] [builder.py:1982]           [INFO]     | Trending Collection | ? | The Big Bang Theory (TVDB: 80379)                                        |
[2023-01-31 10:58:04,850] [builder.py:1982]           [INFO]     | Trending Collection | ? | Lockwood & Co. (TVDB: 422028)                                            |
[2023-01-31 10:58:05,916] [builder.py:1982]           [INFO]     | Trending Collection | ? | Criminal Minds (TVDB: 75710)                                             |
[2023-01-31 10:58:07,205] [builder.py:1982]           [INFO]     | Trending Collection | ? | NCIS (TVDB: 72108)                                                       |
[2023-01-31 10:58:07,739] [builder.py:1982]           [INFO]     | Trending Collection | ? | The Rookie (TVDB: 350665)                                                |
[2023-01-31 10:58:08,050] [builder.py:1982]           [INFO]     | Trending Collection | ? | Anne Rice's Mayfair Witches (TVDB: 413074)                               |
[2023-01-31 10:58:08,404] [builder.py:1982]           [INFO]     | Trending Collection | ? | Happy Valley (TVDB: 280537)                                              |
[2023-01-31 10:58:10,481] [builder.py:1982]           [INFO]     | Trending Collection | ? | The Simpsons (TVDB: 71663)                                               |
[2023-01-31 10:58:11,142] [builder.py:1982]           [INFO]     | Trending Collection | ? | That '70s Show (TVDB: 73787)                                             |
[2023-01-31 10:58:11,405] [builder.py:1982]           [INFO]     | Trending Collection | ? | Tulsa King (TVDB: 413215)                                                |
[2023-01-31 10:58:11,688] [builder.py:1982]           [INFO]     | Trending Collection | ? | Mayor of Kingstown (TVDB: 386630)                                        |
[2023-01-31 10:58:11,916] [builder.py:1982]           [INFO]     | Trending Collection | ? | The Watchful Eye (TVDB: 421903)                                          |
[2023-01-31 10:58:12,374] [builder.py:1982]           [INFO]     | Trending Collection | ? | His Dark Materials (TVDB: 360295)                                        |
[2023-01-31 10:58:12,637] [builder.py:1982]           [INFO]     | Trending Collection | ? | The Knockout (TVDB: 429566)                                              |
[2023-01-31 10:58:12,967] [builder.py:1982]           [INFO]     | Trending Collection | ? | Hunters (2020) (TVDB: 372081)                                            |
[2023-01-31 10:58:13,206] [builder.py:1982]           [INFO]     | Trending Collection | ? | Alert: Missing Persons Unit (TVDB: 420207)                               |
[2023-01-31 10:58:14,011] [builder.py:1982]           [INFO]     | Trending Collection | ? | The Sopranos (TVDB: 75299)                                               |
[2023-01-31 10:58:15,346] [builder.py:1982]           [INFO]     | Trending Collection | ? | Grey's Anatomy (TVDB: 73762)                                             |
[2023-01-31 10:58:16,253] [builder.py:1982]           [INFO]     | Trending Collection | ? | Bones (TVDB: 75682)                                                      |
[2023-01-31 10:58:16,613] [builder.py:1982]           [INFO]     | Trending Collection | ? | Godfather of Harlem (TVDB: 365186)                                       |
[2023-01-31 10:58:16,891] [builder.py:1982]           [INFO]     | Trending Collection | ? | How I Met Your Father (TVDB: 401513)                                     |
[2023-01-31 10:58:17,752] [builder.py:1982]           [INFO]     | Trending Collection | ? | Stargate SG-1 (TVDB: 72449)                                              |
[2023-01-31 10:58:18,004] [builder.py:1982]           [INFO]     | Trending Collection | ? | Fire Country (TVDB: 420063)                                              |
[2023-01-31 10:58:19,418] [builder.py:1982]           [INFO]     | Trending Collection | ? | The Office (US) (TVDB: 73244)                                            |
[2023-01-31 10:58:20,841] [builder.py:1982]           [INFO]     | Trending Collection | ? | Family Guy (TVDB: 75978)                                                 |
[2023-01-31 10:58:21,679] [builder.py:1982]           [INFO]     | Trending Collection | ? | It's Always Sunny in Philadelphia (TVDB: 75805)                          |
[2023-01-31 10:58:21,679] [builder.py:1986]           [INFO]     |                                                                                                    |
[2023-01-31 10:58:21,680] [builder.py:1987]           [INFO]     | 34 Shows Missing                                                                                   |
[2023-01-31 10:58:21,684] [sonarr.py:69]              [INFO]     |                                                                                                    |
[2023-01-31 10:58:21,684] [util.py:216]               [INFO]     |===================================== Adding Missing to Sonarr =====================================|
[2023-01-31 10:58:21,685] [sonarr.py:71]              [DEBUG]    |                                                                                                    |
[2023-01-31 10:58:21,685] [sonarr.py:72]              [DEBUG]    | Sonarr Adds: [328634, 341164, 419936, 398822, 270205, 336261, 79168, 359579, 80379, 422028, 75710, 72108, 350665, 413074, 280537, 71663, 73787, 413215, 386630, 421903, 360295, 429566, 372081, 420207, 75299, 73762, 75682, 365186, 401513, 72449, 420063, 73244, 75978, 75805] |
[2023-01-31 10:58:22,190] [sonarr.py:165]             [INFO]     |                                                                                                    |
[2023-01-31 10:58:22,190] [sonarr.py:173]             [INFO]     | Skipped: In Cache | 328634                                                                         |
[2023-01-31 10:58:22,191] [sonarr.py:173]             [INFO]     | Skipped: In Cache | 341164                                                                         |
[2023-01-31 10:58:22,191] [sonarr.py:173]             [INFO]     | Skipped: In Cache | 419936                                                                         |
[2023-01-31 10:58:22,192] [sonarr.py:173]             [INFO]     | Skipped: In Cache | 398822                                                                         |
[2023-01-31 10:58:22,192] [sonarr.py:173]             [INFO]     | Skipped: In Cache | 270205                                                                         |
[2023-01-31 10:58:22,194] [sonarr.py:173]             [INFO]     | Skipped: In Cache | 336261                                                                         |
[2023-01-31 10:58:22,194] [sonarr.py:173]             [INFO]     | Skipped: In Cache | 79168                                                                          |
[2023-01-31 10:58:22,194] [sonarr.py:173]             [INFO]     | Skipped: In Cache | 359579                                                                         |
[2023-01-31 10:58:22,195] [sonarr.py:173]             [INFO]     | Skipped: In Cache | 80379                                                                          |
[2023-01-31 10:58:22,195] [sonarr.py:173]             [INFO]     | Skipped: In Cache | 422028                                                                         |
[2023-01-31 10:58:22,195] [sonarr.py:173]             [INFO]     | Skipped: In Cache | 75710                                                                          |
[2023-01-31 10:58:22,196] [sonarr.py:173]             [INFO]     | Skipped: In Cache | 350665                                                                         |
[2023-01-31 10:58:22,196] [sonarr.py:173]             [INFO]     | Skipped: In Cache | 413074                                                                         |
[2023-01-31 10:58:22,197] [sonarr.py:173]             [INFO]     | Skipped: In Cache | 280537                                                                         |
[2023-01-31 10:58:22,197] [sonarr.py:173]             [INFO]     | Skipped: In Cache | 71663                                                                          |
[2023-01-31 10:58:22,197] [sonarr.py:173]             [INFO]     | Skipped: In Cache | 73787                                                                          |
[2023-01-31 10:58:22,198] [sonarr.py:173]             [INFO]     | Skipped: In Cache | 413215                                                                         |
[2023-01-31 10:58:22,198] [sonarr.py:173]             [INFO]     | Skipped: In Cache | 386630                                                                         |
[2023-01-31 10:58:22,198] [sonarr.py:173]             [INFO]     | Skipped: In Cache | 421903                                                                         |
[2023-01-31 10:58:22,199] [sonarr.py:173]             [INFO]     | Skipped: In Cache | 360295                                                                         |
[2023-01-31 10:58:22,199] [sonarr.py:173]             [INFO]     | Skipped: In Cache | 429566                                                                         |
[2023-01-31 10:58:22,199] [sonarr.py:173]             [INFO]     | Skipped: In Cache | 372081                                                                         |
[2023-01-31 10:58:22,200] [sonarr.py:173]             [INFO]     | Skipped: In Cache | 420207                                                                         |
[2023-01-31 10:58:22,200] [sonarr.py:173]             [INFO]     | Skipped: In Cache | 75299                                                                          |
[2023-01-31 10:58:22,201] [sonarr.py:173]             [INFO]     | Skipped: In Cache | 73762                                                                          |
[2023-01-31 10:58:22,201] [sonarr.py:173]             [INFO]     | Skipped: In Cache | 75682                                                                          |
[2023-01-31 10:58:22,202] [sonarr.py:173]             [INFO]     | Skipped: In Cache | 365186                                                                         |
[2023-01-31 10:58:22,203] [sonarr.py:173]             [INFO]     | Skipped: In Cache | 401513                                                                         |
[2023-01-31 10:58:22,203] [sonarr.py:173]             [INFO]     | Skipped: In Cache | 72449                                                                          |
[2023-01-31 10:58:22,204] [sonarr.py:173]             [INFO]     | Skipped: In Cache | 420063                                                                         |
[2023-01-31 10:58:22,204] [sonarr.py:173]             [INFO]     | Skipped: In Cache | 73244                                                                          |
[2023-01-31 10:58:22,205] [sonarr.py:173]             [INFO]     | Skipped: In Cache | 75978                                                                          |
[2023-01-31 10:58:22,205] [sonarr.py:173]             [INFO]     | Skipped: In Cache | 75805                                                                          |
[2023-01-31 10:58:22,206] [sonarr.py:174]             [INFO]     | 33 Series already exist in Sonarr                                                                  |
[2023-01-31 10:58:22,206] [sonarr.py:192]             [INFO]     |                                                                                                    |
[2023-01-31 10:58:22,206] [sonarr.py:193]             [INFO]     | Invalid TVDb ID | [NCIS]                                                                           |
[2023-01-31 10:58:22,207] [sonarr.py:194]             [INFO]     | 1 Series with Invalid IDs                                                                          |
[2023-01-31 10:58:22,215] [builder.py:2147]           [INFO]     |                                                                                                    |
[2023-01-31 10:58:22,215] [util.py:216]               [INFO]     |============================= Updating Details of Trending Collection ==============================|
[2023-01-31 10:58:22,216] [builder.py:2149]           [INFO]     |                                                                                                    |
[2023-01-31 10:58:22,216] [builder.py:2156]           [INFO]     | Detail: summary updated Collection Summary                                                         |
[2023-01-31 10:58:22,219] [builder.py:2258]           [DEBUG]    | 1 posters found:                                                                                   |
[2023-01-31 10:58:22,220] [builder.py:2260]           [DEBUG]    | Method: url_poster Poster: https://i.imgur.com/AVCNmB0.png                                         |
[2023-01-31 10:58:22,220] [builder.py:2298]           [DEBUG]    | 1 backgrounds found:                                                                               |
[2023-01-31 10:58:22,220] [builder.py:2300]           [DEBUG]    | Method: url_background Background: https://wallpaper.dog/large/20509069.jpg                        |
[2023-01-31 10:58:22,228] [library.py:147]            [INFO]     | Detail: poster update not needed                                                                   |
[2023-01-31 10:58:22,230] [library.py:197]            [INFO]     | Detail: background update not needed                                                               |
[2023-01-31 10:58:22,240] [plex_meta_manager.py:880]  [INFO]     |                                                                                                    |
[2023-01-31 10:58:22,240] [util.py:209]               [INFO]     |====================================================================================================|
[2023-01-31 10:58:22,241] [util.py:216]               [INFO]     |                                    Finished Trending Collection                                    |
[2023-01-31 10:58:22,241] [util.py:216]               [INFO]     |                                    Collection Run Time: 0:00:22                                    |
[2023-01-31 10:58:22,242] [util.py:220]               [INFO]     |====================================================================================================|
[2023-01-31 10:58:22,245] [util.py:209]               [INFO]     |====================================================================================================|
[2023-01-31 10:58:22,245] [util.py:216]               [INFO]     |                                 Popular TV Collection in TV Shows                                  |
[2023-01-31 10:58:22,246] [util.py:220]               [INFO]     |====================================================================================================|
[2023-01-31 10:58:22,246] [plex_meta_manager.py:750]  [INFO]     |                                                                                                    |
[2023-01-31 10:58:22,247] [util.py:216]               [INFO]     |================================= Validating Popular TV Attributes =================================|
[2023-01-31 10:58:22,247] [builder.py:330]            [DEBUG]    |                                                                                                    |
[2023-01-31 10:58:22,248] [builder.py:331]            [DEBUG]    | Validating Method: sync_mode                                                                       |
[2023-01-31 10:58:22,248] [builder.py:335]            [DEBUG]    | Value: sync                                                                                        |
[2023-01-31 10:58:22,248] [builder.py:389]            [DEBUG]    |                                                                                                    |
[2023-01-31 10:58:22,249] [builder.py:390]            [DEBUG]    | Validating Method: smart_label                                                                     |
[2023-01-31 10:58:22,249] [builder.py:395]            [DEBUG]    | Value: originally_available.desc                                                                   |
[2023-01-31 10:58:22,249] [builder.py:472]            [DEBUG]    |                                                                                                    |
[2023-01-31 10:58:22,249] [builder.py:473]            [DEBUG]    | Validating Method: sort_title                                                                      |
[2023-01-31 10:58:22,250] [builder.py:474]            [DEBUG]    | Value: +1b                                                                                         |
[2023-01-31 10:58:22,250] [builder.py:472]            [DEBUG]    |                                                                                                    |
[2023-01-31 10:58:22,250] [builder.py:473]            [DEBUG]    | Validating Method: imdb_list                                                                       |
[2023-01-31 10:58:22,251] [builder.py:474]            [DEBUG]    | Value: ordereddict([('url', 'https://www.imdb.com/search/title/?title_type=tv_series,tv_miniseries'), ('limit', 40)]) |
[2023-01-31 10:58:22,945] [builder.py:472]            [DEBUG]    |                                                                                                    |
[2023-01-31 10:58:22,945] [builder.py:473]            [DEBUG]    | Validating Method: summary                                                                         |
[2023-01-31 10:58:22,945] [builder.py:474]            [DEBUG]    | Value: Popular Shows across the internet                                                           |
[2023-01-31 10:58:22,945] [builder.py:472]            [DEBUG]    |                                                                                                    |
[2023-01-31 10:58:22,946] [builder.py:473]            [DEBUG]    | Validating Method: url_poster                                                                      |
[2023-01-31 10:58:22,946] [builder.py:474]            [DEBUG]    | Value: https://i.imgur.com/s90PSic.png                                                             |
[2023-01-31 10:58:22,946] [builder.py:472]            [DEBUG]    |                                                                                                    |
[2023-01-31 10:58:22,947] [builder.py:473]            [DEBUG]    | Validating Method: url_background                                                                  |
[2023-01-31 10:58:22,947] [builder.py:474]            [DEBUG]    | Value: https://wallpaper.dog/large/20509069.jpg                                                    |
[2023-01-31 10:58:22,947] [builder.py:472]            [DEBUG]    |                                                                                                    |
[2023-01-31 10:58:22,948] [builder.py:473]            [DEBUG]    | Validating Method: visible_home                                                                    |
[2023-01-31 10:58:22,948] [builder.py:474]            [DEBUG]    | Value: True                                                                                        |
[2023-01-31 10:58:22,948] [builder.py:472]            [DEBUG]    |                                                                                                    |
[2023-01-31 10:58:22,949] [builder.py:473]            [DEBUG]    | Validating Method: visible_shared                                                                  |
[2023-01-31 10:58:22,949] [builder.py:474]            [DEBUG]    | Value: True                                                                                        |
[2023-01-31 10:58:22,949] [builder.py:472]            [DEBUG]    |                                                                                                    |
[2023-01-31 10:58:22,950] [builder.py:473]            [DEBUG]    | Validating Method: visible_library                                                                 |
[2023-01-31 10:58:22,950] [builder.py:474]            [DEBUG]    | Value: True                                                                                        |
[2023-01-31 10:58:22,950] [builder.py:472]            [DEBUG]    |                                                                                                    |
[2023-01-31 10:58:22,950] [builder.py:473]            [DEBUG]    | Validating Method: sonarr_add_missing                                                              |
[2023-01-31 10:58:22,951] [builder.py:474]            [DEBUG]    | Value: True                                                                                        |
[2023-01-31 10:58:22,994] [builder.py:619]            [INFO]     |                                                                                                    |
[2023-01-31 10:58:22,995] [builder.py:620]            [INFO]     | Validation Successful                                                                              |
[2023-01-31 10:58:22,996] [plex_meta_manager.py:758]  [INFO]     |                                                                                                    |
[2023-01-31 10:58:22,997] [util.py:216]               [INFO]     |================================== Running Popular TV Collection ===================================|
[2023-01-31 10:58:22,997] [plex_meta_manager.py:773]  [INFO]     |                                                                                                    |
[2023-01-31 10:58:22,998] [plex_meta_manager.py:774]  [INFO]     | Sync Mode: sync                                                                                    |
[2023-01-31 10:58:22,998] [builder.py:1275]           [DEBUG]    |                                                                                                    |
[2023-01-31 10:58:22,998] [builder.py:1276]           [DEBUG]    | Builder: imdb_list: {'url': 'https://www.imdb.com/search/title/?title_type=tv_series,tv_miniseries', 'limit': 40} |
[2023-01-31 10:58:22,999] [builder.py:1277]           [INFO]     |                                                                                                    |
[2023-01-31 10:58:22,999] [imdb.py:158]               [INFO]     | Processing IMDb List: 40 Items at https://www.imdb.com/search/title/?title_type=tv_series,tv_miniseries |
[2023-01-31 10:58:25,946] [imdb.py:127]               [DEBUG]    | 40 IMDb IDs Found: ['tt3581920', 'tt15591076', 'tt13406094', 'tt14153790', 'tt4236770', 'tt13443470', 'tt10813940', 'tt14269590', 'tt1520211', 'tt0165598', 'tt15677150', 'tt0944947', 'tt7949212', 'tt7456722', 'tt16358384', 'tt18335752', 'tt4565380', 'tt0903747', 'tt11311302', 'tt3428912', 'tt0452046', 'tt15438246', 'tt11712058', 'tt7440726', 'tt11247158', 'tt14579330', 'tt13991232', 'tt7221388', 'tt5057054', 'tt3032476', 'tt2861424', 'tt15487922', 'tt8111088', 'tt11198330', 'tt1190634', 'tt15428778', 'tt0386676', 'tt4574334', 'tt16913068', 'tt0086770'] |
[2023-01-31 10:58:25,946] [builder.py:1282]           [DEBUG]    |                                                                                                    |
[2023-01-31 10:58:25,947] [builder.py:1283]           [DEBUG]    | 40 IDs Found: [('tt3581920', 'imdb'), ('tt15591076', 'imdb'), ('tt13406094', 'imdb'), ('tt14153790', 'imdb'), ('tt4236770', 'imdb'), ('tt13443470', 'imdb'), ('tt10813940', 'imdb'), ('tt14269590', 'imdb'), ('tt1520211', 'imdb'), ('tt0165598', 'imdb'), ('tt15677150', 'imdb'), ('tt0944947', 'imdb'), ('tt7949212', 'imdb'), ('tt7456722', 'imdb'), ('tt16358384', 'imdb'), ('tt18335752', 'imdb'), ('tt4565380', 'imdb'), ('tt0903747', 'imdb'), ('tt11311302', 'imdb'), ('tt3428912', 'imdb'), ('tt0452046', 'imdb'), ('tt15438246', 'imdb'), ('tt11712058', 'imdb'), ('tt7440726', 'imdb'), ('tt11247158', 'imdb'), ('tt14579330', 'imdb'), ('tt13991232', 'imdb'), ('tt7221388', 'imdb'), ('tt5057054', 'imdb'), ('tt3032476', 'imdb'), ('tt2861424', 'imdb'), ('tt15487922', 'imdb'), ('tt8111088', 'imdb'), ('tt11198330', 'imdb'), ('tt1190634', 'imdb'), ('tt15428778', 'imdb'), ('tt0386676', 'imdb'), ('tt4574334', 'imdb'), ('tt16913068', 'imdb'), ('tt0086770', 'imdb')] |
[2023-01-31 10:58:25,947] [builder.py:1284]           [DEBUG]    |                                                                                                    |
[2023-01-31 10:58:26,254] [builder.py:1697]           [INFO]     |                                                                                                    |
[2023-01-31 10:58:26,254] [util.py:216]               [INFO]     |================================= Adding to Popular TV Collection ==================================|
[2023-01-31 10:58:26,255] [builder.py:1699]           [INFO]     |                                                                                                    |
[2023-01-31 10:58:26,277] [builder.py:1709]           [INFO]     |  1/12 | Popular TV Collection | = | The Last of Us                                                 |
[2023-01-31 10:58:26,277] [builder.py:1709]           [INFO]     |  2/12 | Popular TV Collection | = | The White Lotus                                                |
[2023-01-31 10:58:26,278] [builder.py:1709]           [INFO]     |  3/12 | Popular TV Collection | = | Wednesday                                                      |
[2023-01-31 10:58:26,278] [builder.py:1709]           [INFO]     |  4/12 | Popular TV Collection | = | Game of Thrones                                                |
[2023-01-31 10:58:26,279] [builder.py:1709]           [INFO]     |  5/12 | Popular TV Collection | = | Breaking Bad                                                   |
[2023-01-31 10:58:26,279] [builder.py:1709]           [INFO]     |  6/12 | Popular TV Collection | = | Cobra Kai                                                      |
[2023-01-31 10:58:26,280] [builder.py:1709]           [INFO]     |  7/12 | Popular TV Collection | = | Better Call Saul                                               |
[2023-01-31 10:58:26,280] [builder.py:1709]           [INFO]     |  8/12 | Popular TV Collection | = | Rick and Morty                                                 |
[2023-01-31 10:58:26,281] [builder.py:1709]           [INFO]     |  9/12 | Popular TV Collection | = | The Mandalorian                                                |
[2023-01-31 10:58:26,281] [builder.py:1709]           [INFO]     | 10/12 | Popular TV Collection | = | House of the Dragon                                            |
[2023-01-31 10:58:26,282] [builder.py:1709]           [INFO]     | 11/12 | Popular TV Collection | = | The Boys                                                       |
[2023-01-31 10:58:26,282] [builder.py:1709]           [INFO]     | 12/12 | Popular TV Collection | = | Stranger Things                                                |
[2023-01-31 10:58:26,283] [builder.py:1734]           [INFO]     |                                                                                                    |
[2023-01-31 10:58:26,283] [builder.py:1735]           [INFO]     | 12 Shows Processed                                                                                 |
[2023-01-31 10:58:26,283] [builder.py:1969]           [INFO]     |                                                                                                    |
[2023-01-31 10:58:26,284] [util.py:216]               [INFO]     |============================== Missing Shows from Library: Popular TV ==============================|
[2023-01-31 10:58:26,285] [builder.py:1971]           [INFO]     |                                                                                                    |
[2023-01-31 10:58:26,508] [builder.py:1982]           [INFO]     | Popular TV Collection | ? | That '90s Show (TVDB: 411173)                                          |
[2023-01-31 10:58:26,789] [builder.py:1982]           [INFO]     | Popular TV Collection | ? | Velma (TVDB: 396625)                                                   |
[2023-01-31 10:58:27,369] [builder.py:1982]           [INFO]     | Popular TV Collection | ? | Yellowstone (2018) (TVDB: 341164)                                      |
[2023-01-31 10:58:27,623] [builder.py:1982]           [INFO]     | Popular TV Collection | ? | Ginny & Georgia (TVDB: 393625)                                         |
[2023-01-31 10:58:27,846] [builder.py:1982]           [INFO]     | Popular TV Collection | ? | Poker Face (2023) (TVDB: 398822)                                       |
[2023-01-31 10:58:29,233] [builder.py:1982]           [INFO]     | Popular TV Collection | ? | The Walking Dead (TVDB: 153021)                                        |
[2023-01-31 10:58:29,994] [builder.py:1982]           [INFO]     | Popular TV Collection | ? | That '70s Show (TVDB: 73787)                                           |
[2023-01-31 10:58:30,212] [builder.py:1982]           [INFO]     | Popular TV Collection | ? | Shrinking (TVDB: 411364)                                               |
[2023-01-31 10:58:30,410] [builder.py:1982]           [INFO]     | Popular TV Collection | ? | Accused (US) (TVDB: 402879)                                            |
[2023-01-31 10:58:30,901] [util.py:209]               [INFO]     |====================================================================================================|
[2023-01-31 10:58:30,902] [util.py:216]               [INFO]     |                                     Exiting Plex Meta Manager                                      |
[2023-01-31 10:58:30,903] [util.py:220]               [INFO]     |====================================================================================================|
