[2023-01-31 02:40:57,368] [util.py:209]               [INFO]     |====================================================================================================|
[2023-01-31 02:40:57,369] [util.py:216]               [INFO]     |                                  Discovery Collection in TV Shows                                  |
[2023-01-31 02:40:57,369] [util.py:220]               [INFO]     |====================================================================================================|
[2023-01-31 02:40:57,369] [plex_meta_manager.py:750]  [INFO]     |                                                                                                    |
[2023-01-31 02:40:57,370] [util.py:216]               [INFO]     |================================= Validating Discovery Attributes ==================================|
[2023-01-31 02:40:57,370] [builder.py:265]            [DEBUG]    |                                                                                                    |
[2023-01-31 02:40:57,370] [builder.py:266]            [DEBUG]    | Validating Method: template                                                                        |
[2023-01-31 02:40:57,370] [meta.py:83]                [DEBUG]    | Value: ordereddict([('name', 'network'), ('network', '10, 22, 64, 106, 244, 626, 670, 1079, 1287, 1534, 2087, 2480, 2692, 3045, 3591, 3900, 3953, 4440, 4462, 4741'), ('poster', 'https://theposterdb.com/api/assets/137385')]) |
[2023-01-31 02:40:57,371] [builder.py:330]            [DEBUG]    |                                                                                                    |
[2023-01-31 02:40:57,371] [builder.py:331]            [DEBUG]    | Validating Method: sync_mode                                                                       |
[2023-01-31 02:40:57,371] [builder.py:335]            [DEBUG]    | Value: sync                                                                                        |
[2023-01-31 02:40:57,371] [builder.py:453]            [DEBUG]    |                                                                                                    |
[2023-01-31 02:40:57,372] [builder.py:454]            [DEBUG]    | Validating Method: collection_order                                                                |
[2023-01-31 02:40:57,372] [builder.py:455]            [DEBUG]    | Value: alpha                                                                                       |
[2023-01-31 02:40:57,372] [builder.py:472]            [DEBUG]    |                                                                                                    |
[2023-01-31 02:40:57,372] [builder.py:473]            [DEBUG]    | Validating Method: tmdb_network                                                                    |
[2023-01-31 02:40:57,372] [builder.py:474]            [DEBUG]    | Value: 10, 22, 64, 106, 244, 626, 670, 1079, 1287, 1534, 2087, 2480, 2692, 3045, 3591, 3900, 3953, 4440, 4462, 4741 |
[2023-01-31 02:40:59,520] [builder.py:472]            [DEBUG]    |                                                                                                    |
[2023-01-31 02:40:59,521] [builder.py:473]            [DEBUG]    | Validating Method: url_poster                                                                      |
[2023-01-31 02:40:59,521] [builder.py:474]            [DEBUG]    | Value: https://theposterdb.com/api/assets/137385                                                   |
[2023-01-31 02:40:59,521] [builder.py:472]            [DEBUG]    |                                                                                                    |
[2023-01-31 02:40:59,522] [builder.py:473]            [DEBUG]    | Validating Method: sort_title                                                                      |
[2023-01-31 02:40:59,522] [builder.py:474]            [DEBUG]    | Value: +4_Discovery                                                                                |
[2023-01-31 02:40:59,525] [plex.py:687]               [DEBUG]    | Looking for: Discovery                                                                             |
[2023-01-31 02:40:59,525] [builder.py:619]            [INFO]     |                                                                                                    |
[2023-01-31 02:40:59,526] [builder.py:620]            [INFO]     | Validation Successful                                                                              |
[2023-01-31 02:40:59,526] [plex_meta_manager.py:758]  [INFO]     |                                                                                                    |
[2023-01-31 02:40:59,527] [util.py:216]               [INFO]     |=================================== Running Discovery Collection ===================================|
[2023-01-31 02:40:59,527] [plex_meta_manager.py:773]  [INFO]     |                                                                                                    |
[2023-01-31 02:40:59,527] [plex_meta_manager.py:774]  [INFO]     | Sync Mode: sync                                                                                    |
[2023-01-31 02:40:59,527] [builder.py:1275]           [DEBUG]    |                                                                                                    |
[2023-01-31 02:40:59,528] [builder.py:1276]           [DEBUG]    | Builder: tmdb_network: 10                                                                          |
[2023-01-31 02:40:59,528] [builder.py:1277]           [INFO]     |                                                                                                    |
[2023-01-31 02:40:59,840] [tmdb.py:282]               [INFO]     | Processing TMDb Network: (10) Discovery Health Channel (31 Shows)                                  |
[2023-01-31 02:40:59,841] [builder.py:1282]           [DEBUG]    |                                                                                                    |
[2023-01-31 02:40:59,841] [builder.py:1283]           [DEBUG]    | 31 IDs Found: [(6166, 'tmdb_show'), (7284, 'tmdb_show'), (11435, 'tmdb_show'), (11, 'tmdb_show'), (12551, 'tmdb_show'), (88436, 'tmdb_show'), (35388, 'tmdb_show'), (34774, 'tmdb_show'), (26713, 'tmdb_show'), (24463, 'tmdb_show'), (23832, 'tmdb_show'), (30244, 'tmdb_show'), (16840, 'tmdb_show'), (26216, 'tmdb_show'), (39078, 'tmdb_show'), (36686, 'tmdb_show'), (35925, 'tmdb_show'), (29610, 'tmdb_show'), (28997, 'tmdb_show'), (28908, 'tmdb_show'), (27088, 'tmdb_show'), (26434, 'tmdb_show'), (26432, 'tmdb_show'), (25392, 'tmdb_show'), (25264, 'tmdb_show'), (24370, 'tmdb_show'), (22767, 'tmdb_show'), (22037, 'tmdb_show'), (10905, 'tmdb_show'), (9556, 'tmdb_show'), (4383, 'tmdb_show')] |
[2023-01-31 02:40:59,842] [builder.py:1284]           [DEBUG]    |                                                                                                    |
[2023-01-31 02:40:59,950] [builder.py:1361]           [ERROR]    | Convert Error: No TVDb ID Found for TMDb ID: 88436                                                 |
[2023-01-31 02:41:00,048] [builder.py:1361]           [ERROR]    | Convert Error: No TVDb ID Found for TMDb ID: 35388                                                 |
[2023-01-31 02:41:00,156] [builder.py:1361]           [ERROR]    | Convert Error: No TVDb ID Found for TMDb ID: 34774                                                 |
[2023-01-31 02:41:00,258] [builder.py:1361]           [ERROR]    | Convert Error: No TVDb ID Found for TMDb ID: 26713                                                 |
[2023-01-31 02:41:00,363] [builder.py:1361]           [ERROR]    | Convert Error: No TVDb ID Found for TMDb ID: 24463                                                 |
[2023-01-31 02:41:00,469] [builder.py:1361]           [ERROR]    | Convert Error: No TVDb ID Found for TMDb ID: 23832                                                 |
[2023-01-31 02:41:00,585] [builder.py:1361]           [ERROR]    | Convert Error: No TVDb ID Found for TMDb ID: 30244                                                 |
[2023-01-31 02:41:00,687] [builder.py:1361]           [ERROR]    | Convert Error: No TVDb ID Found for TMDb ID: 26216                                                 |
[2023-01-31 02:41:00,786] [builder.py:1361]           [ERROR]    | Convert Error: No TVDb ID Found for TMDb ID: 36686                                                 |
[2023-01-31 02:41:00,885] [builder.py:1361]           [ERROR]    | Convert Error: No TVDb ID Found for TMDb ID: 29610                                                 |
[2023-01-31 02:41:00,985] [builder.py:1361]           [ERROR]    | Convert Error: No TVDb ID Found for TMDb ID: 28997                                                 |
[2023-01-31 02:41:01,091] [builder.py:1361]           [ERROR]    | Convert Error: No TVDb ID Found for TMDb ID: 28908                                                 |
[2023-01-31 02:41:01,192] [builder.py:1361]           [ERROR]    | Convert Error: No TVDb ID Found for TMDb ID: 27088                                                 |
[2023-01-31 02:41:01,296] [builder.py:1361]           [ERROR]    | Convert Error: No TVDb ID Found for TMDb ID: 26434                                                 |
[2023-01-31 02:41:01,398] [builder.py:1361]           [ERROR]    | Convert Error: No TVDb ID Found for TMDb ID: 26432                                                 |
[2023-01-31 02:41:01,495] [builder.py:1361]           [ERROR]    | Convert Error: No TVDb ID Found for TMDb ID: 25392                                                 |
[2023-01-31 02:41:01,595] [builder.py:1361]           [ERROR]    | Convert Error: No TVDb ID Found for TMDb ID: 25264                                                 |
[2023-01-31 02:41:01,691] [builder.py:1361]           [ERROR]    | Convert Error: No TVDb ID Found for TMDb ID: 24370                                                 |
[2023-01-31 02:41:01,790] [builder.py:1361]           [ERROR]    | Convert Error: No TVDb ID Found for TMDb ID: 22767                                                 |
[2023-01-31 02:41:01,899] [builder.py:1361]           [ERROR]    | Convert Error: No TVDb ID Found for TMDb ID: 22037                                                 |
[2023-01-31 02:41:01,999] [builder.py:1361]           [ERROR]    | Convert Error: No TVDb ID Found for TMDb ID: 10905                                                 |
[2023-01-31 02:41:02,107] [builder.py:1361]           [ERROR]    | Convert Error: No TVDb ID Found for TMDb ID: 9556                                                  |
[2023-01-31 02:41:02,219] [builder.py:1361]           [ERROR]    | Convert Error: No TVDb ID Found for TMDb ID: 4383                                                  |
[2023-01-31 02:41:02,220] [builder.py:1275]           [DEBUG]    |                                                                                                    |
[2023-01-31 02:41:02,220] [builder.py:1276]           [DEBUG]    | Builder: tmdb_network: 22                                                                          |
[2023-01-31 02:41:02,220] [builder.py:1277]           [INFO]     |                                                                                                    |
[2023-01-31 02:41:02,529] [tmdb.py:282]               [INFO]     | Processing TMDb Network: (22) Discovery Kids (27 Shows)                                            |
[2023-01-31 02:41:02,530] [builder.py:1282]           [DEBUG]    |                                                                                                    |
[2023-01-31 02:41:02,530] [builder.py:1283]           [DEBUG]    | 27 IDs Found: [(35094, 'tmdb_show'), (1886, 'tmdb_show'), (42422, 'tmdb_show'), (18015, 'tmdb_show'), (14213, 'tmdb_show'), (3031, 'tmdb_show'), (1732, 'tmdb_show'), (84724, 'tmdb_show'), (14681, 'tmdb_show'), (11429, 'tmdb_show'), (2099, 'tmdb_show'), (24499, 'tmdb_show'), (2792, 'tmdb_show'), (16054, 'tmdb_show'), (5205, 'tmdb_show'), (94075, 'tmdb_show'), (2322, 'tmdb_show'), (38, 'tmdb_show'), (10470, 'tmdb_show'), (9209, 'tmdb_show'), (5016, 'tmdb_show'), (5113, 'tmdb_show'), (23176, 'tmdb_show'), (121392, 'tmdb_show'), (23549, 'tmdb_show'), (32603, 'tmdb_show'), (7178, 'tmdb_show')] |
[2023-01-31 02:41:02,531] [builder.py:1284]           [DEBUG]    |                                                                                                    |
[2023-01-31 02:41:02,633] [builder.py:1361]           [ERROR]    | Convert Error: No TVDb ID Found for TMDb ID: 14681                                                 |
[2023-01-31 02:41:02,735] [builder.py:1361]           [ERROR]    | Convert Error: No TVDb ID Found for TMDb ID: 94075                                                 |
[2023-01-31 02:41:02,832] [builder.py:1361]           [ERROR]    | Convert Error: No TVDb ID Found for TMDb ID: 10470                                                 |
[2023-01-31 02:41:02,965] [builder.py:1361]           [ERROR]    | Convert Error: No TVDb ID Found for TMDb ID: 5016                                                  |
[2023-01-31 02:41:03,079] [builder.py:1361]           [ERROR]    | Convert Error: No TVDb ID Found for TMDb ID: 121392                                                |
[2023-01-31 02:41:03,189] [builder.py:1361]           [ERROR]    | Convert Error: No TVDb ID Found for TMDb ID: 23549                                                 |
[2023-01-31 02:41:03,289] [builder.py:1361]           [ERROR]    | Convert Error: No TVDb ID Found for TMDb ID: 32603                                                 |
[2023-01-31 02:41:03,394] [builder.py:1361]           [ERROR]    | Convert Error: No TVDb ID Found for TMDb ID: 7178                                                  |
[2023-01-31 02:41:03,394] [builder.py:1275]           [DEBUG]    |                                                                                                    |
[2023-01-31 02:41:03,395] [builder.py:1276]           [DEBUG]    | Builder: tmdb_network: 64                                                                          |
[2023-01-31 02:41:03,395] [builder.py:1277]           [INFO]     |                                                                                                    |
[2023-01-31 02:41:05,600] [tmdb.py:282]               [INFO]     | Processing TMDb Network: (64) Discovery (401 Shows)                                                |
[2023-01-31 02:41:05,601] [builder.py:1282]           [DEBUG]    |                                                                                                    |
[2023-01-31 02:41:05,601] [builder.py:1283]           [DEBUG]    | 401 IDs Found: [(1428, 'tmdb_show'), (34634, 'tmdb_show'), (58832, 'tmdb_show'), (71322, 'tmdb_show'), (58704, 'tmdb_show'), (14951, 'tmdb_show'), (72597, 'tmdb_show'), (4709, 'tmdb_show'), (2584, 'tmdb_show'), (33827, 'tmdb_show'), (2612, 'tmdb_show'), (61019, 'tmdb_show'), (46268, 'tmdb_show'), (4038, 'tmdb_show'), (46874, 'tmdb_show'), (62959, 'tmdb_show'), (76506, 'tmdb_show'), (67673, 'tmdb_show'), (4535, 'tmdb_show'), (217752, 'tmdb_show'), (1754, 'tmdb_show'), (63313, 'tmdb_show'), (61789, 'tmdb_show'), (1292, 'tmdb_show'), (74848, 'tmdb_show'), (61833, 'tmdb_show'), (40268, 'tmdb_show'), (15871, 'tmdb_show'), (218125, 'tmdb_show'), (45303, 'tmdb_show'), (91987, 'tmdb_show'), (32997, 'tmdb_show'), (100161, 'tmdb_show'), (57389, 'tmdb_show'), (32609, 'tmdb_show'), (64922, 'tmdb_show'), (660, 'tmdb_show'), (99363, 'tmdb_show'), (64906, 'tmdb_show'), (10497, 'tmdb_show'), (90242, 'tmdb_show'), (5393, 'tmdb_show'), (68975, 'tmdb_show'), (116647, 'tmdb_show'), (11882, 'tmdb_show'), (58559, 'tmdb_show'), (14132, 'tmdb_show'), (157270, 'tmdb_show'), (33481, 'tmdb_show'), (4771, 'tmdb_show'), (38137, 'tmdb_show'), (88273, 'tmdb_show'), (4437, 'tmdb_show'), (65043, 'tmdb_show'), (74353, 'tmdb_show'), (76107, 'tmdb_show'), (65623, 'tmdb_show'), (37129, 'tmdb_show'), (33175, 'tmdb_show'), (101872, 'tmdb_show'), (71124, 'tmdb_show'), (85414, 'tmdb_show'), (2514, 'tmdb_show'), (115773, 'tmdb_show'), (46267, 'tmdb_show'), (7398, 'tmdb_show'), (29505, 'tmdb_show'), (35095, 'tmdb_show'), (122593, 'tmdb_show'), (21124, 'tmdb_show'), (129044, 'tmdb_show'), (59117, 'tmdb_show'), (42377, 'tmdb_show'), (114968, 'tmdb_show'), (7934, 'tmdb_show'), (6193, 'tmdb_show'), (103776, 'tmdb_show'), (63555, 'tmdb_show'), (111633, 'tmdb_show'), (174, 'tmdb_show'), (59615, 'tmdb_show'), (67469, 'tmdb_show'), (128493, 'tmdb_show'), (45238, 'tmdb_show'), (111804, 'tmdb_show'), (23546, 'tmdb_show'), (7111, 'tmdb_show'), (125278, 'tmdb_show'), (4104, 'tmdb_show'), (36275, 'tmdb_show'), (21678, 'tmdb_show'), (35397, 'tmdb_show'), (11710, 'tmdb_show'), (34677, 'tmdb_show'), (102294, 'tmdb_show'), (217078, 'tmdb_show'), (38325, 'tmdb_show'), (12414, 'tmdb_show'), (208944, 'tmdb_show'), (16572, 'tmdb_show'), (92041, 'tmdb_show'), (33754, 'tmdb_show'), (19068, 'tmdb_show'), (59648, 'tmdb_show'), (4916, 'tmdb_show'), (6412, 'tmdb_show'), (60963, 'tmdb_show'), (65437, 'tmdb_show'), (20444, 'tmdb_show'), (65266, 'tmdb_show'), (64044, 'tmdb_show'), (38429, 'tmdb_show'), (76586, 'tmdb_show'), (77707, 'tmdb_show'), (43649, 'tmdb_show'), (40098, 'tmdb_show'), (84608, 'tmdb_show'), (28595, 'tmdb_show'), (124075, 'tmdb_show'), (105881, 'tmdb_show'), (27374, 'tmdb_show'), (28678, 'tmdb_show'), (27749, 'tmdb_show'), (114108, 'tmdb_show'), (75113, 'tmdb_show'), (30779, 'tmdb_show'), (84283, 'tmdb_show'), (43178, 'tmdb_show'), (39170, 'tmdb_show'), (15709, 'tmdb_show'), (22439, 'tmdb_show'), (22762, 'tmdb_show'), (65156, 'tmdb_show'), (60773, 'tmdb_show'), (71780, 'tmdb_show'), (112909, 'tmdb_show'), (95865, 'tmdb_show'), (18824, 'tmdb_show'), (106996, 'tmdb_show'), (38432, 'tmdb_show'), (62165, 'tmdb_show'), (60916, 'tmdb_show'), (50650, 'tmdb_show'), (3920, 'tmdb_show'), (16699, 'tmdb_show'), (71794, 'tmdb_show'), (33751, 'tmdb_show'), (15412, 'tmdb_show'), (12309, 'tmdb_show'), (31532, 'tmdb_show'), (126462, 'tmdb_show'), (88765, 'tmdb_show'), (72419, 'tmdb_show'), (59890, 'tmdb_show'), (30276, 'tmdb_show'), (68478, 'tmdb_show'), (128498, 'tmdb_show'), (67585, 'tmdb_show'), (124389, 'tmdb_show'), (63528, 'tmdb_show'), (39102, 'tmdb_show'), (19072, 'tmdb_show'), (195916, 'tmdb_show'), (84162, 'tmdb_show'), (63865, 'tmdb_show'), (8269, 'tmdb_show'), (218535, 'tmdb_show'), (113973, 'tmdb_show'), (107832, 'tmdb_show'), (96141, 'tmdb_show'), (94890, 'tmdb_show'), (80078, 'tmdb_show'), (76137, 'tmdb_show'), (69631, 'tmdb_show'), (68475, 'tmdb_show'), (67760, 'tmdb_show'), (65765, 'tmdb_show'), (65078, 'tmdb_show'), (63506, 'tmdb_show'), (61055, 'tmdb_show'), (59506, 'tmdb_show'), (58324, 'tmdb_show'), (55770, 'tmdb_show'), (36180, 'tmdb_show'), (36014, 'tmdb_show'), (27200, 'tmdb_show'), (26498, 'tmdb_show'), (6681, 'tmdb_show'), (209040, 'tmdb_show'), (93963, 'tmdb_show'), (23076, 'tmdb_show'), (5448, 'tmdb_show'), (20837, 'tmdb_show'), (196841, 'tmdb_show'), (117285, 'tmdb_show'), (38613, 'tmdb_show'), (30321, 'tmdb_show'), (25173, 'tmdb_show'), (124397, 'tmdb_show'), (67087, 'tmdb_show'), (101499, 'tmdb_show'), (26863, 'tmdb_show'), (34563, 'tmdb_show'), (69560, 'tmdb_show'), (6180, 'tmdb_show'), (101265, 'tmdb_show'), (110202, 'tmdb_show'), (25501, 'tmdb_show'), (60996, 'tmdb_show'), (1497, 'tmdb_show'), (9418, 'tmdb_show'), (61616, 'tmdb_show'), (64103, 'tmdb_show'), (6679, 'tmdb_show'), (209380, 'tmdb_show'), (67873, 'tmdb_show'), (19648, 'tmdb_show'), (209410, 'tmdb_show'), (20743, 'tmdb_show'), (26724, 'tmdb_show'), (18548, 'tmdb_show'), (8158, 'tmdb_show'), (87589, 'tmdb_show'), (65380, 'tmdb_show'), (31116, 'tmdb_show'), (116164, 'tmdb_show'), (20557, 'tmdb_show'), (202636, 'tmdb_show'), (121233, 'tmdb_show'), (111195, 'tmdb_show'), (45027, 'tmdb_show'), (28368, 'tmdb_show'), (6499, 'tmdb_show'), (106931, 'tmdb_show'), (96417, 'tmdb_show'), (60935, 'tmdb_show'), (116063, 'tmdb_show'), (106175, 'tmdb_show'), (36546, 'tmdb_show'), (105977, 'tmdb_show'), (83681, 'tmdb_show'), (38710, 'tmdb_show'), (36720, 'tmdb_show'), (38347, 'tmdb_show'), (25932, 'tmdb_show'), (27597, 'tmdb_show'), (59777, 'tmdb_show'), (92160, 'tmdb_show'), (75082, 'tmdb_show'), (211468, 'tmdb_show'), (71320, 'tmdb_show'), (98190, 'tmdb_show'), (155468, 'tmdb_show'), (124611, 'tmdb_show'), (122622, 'tmdb_show'), (120433, 'tmdb_show'), (117773, 'tmdb_show'), (102936, 'tmdb_show'), (101658, 'tmdb_show'), (100385, 'tmdb_show'), (94381, 'tmdb_show'), (87612, 'tmdb_show'), (74118, 'tmdb_show'), (73994, 'tmdb_show'), (73439, 'tmdb_show'), (67005, 'tmdb_show'), (58231, 'tmdb_show'), (44501, 'tmdb_show'), (38129, 'tmdb_show'), (35548, 'tmdb_show'), (32711, 'tmdb_show'), (16930, 'tmdb_show'), (15468, 'tmdb_show'), (12673, 'tmdb_show'), (11544, 'tmdb_show'), (6830, 'tmdb_show'), (4212, 'tmdb_show'), (32881, 'tmdb_show'), (208331, 'tmdb_show'), (18621, 'tmdb_show'), (64845, 'tmdb_show'), (111860, 'tmdb_show'), (32077, 'tmdb_show'), (51968, 'tmdb_show'), (7483, 'tmdb_show'), (63153, 'tmdb_show'), (16344, 'tmdb_show'), (8668, 'tmdb_show'), (78265, 'tmdb_show'), (32704, 'tmdb_show'), (97469, 'tmdb_show'), (57885, 'tmdb_show'), (42283, 'tmdb_show'), (40371, 'tmdb_show'), (15762, 'tmdb_show'), (99174, 'tmdb_show'), (124324, 'tmdb_show'), (7925, 'tmdb_show'), (195445, 'tmdb_show'), (81464, 'tmdb_show'), (64913, 'tmdb_show'), (217847, 'tmdb_show'), (64137, 'tmdb_show'), (20922, 'tmdb_show'), (59507, 'tmdb_show'), (90032, 'tmdb_show'), (67929, 'tmdb_show'), (73760, 'tmdb_show'), (16074, 'tmdb_show'), (43791, 'tmdb_show'), (17473, 'tmdb_show'), (76640, 'tmdb_show'), (45650, 'tmdb_show'), (11334, 'tmdb_show'), (77554, 'tmdb_show'), (97054, 'tmdb_show'), (37369, 'tmdb_show'), (16355, 'tmdb_show'), (127785, 'tmdb_show'), (218014, 'tmdb_show'), (211396, 'tmdb_show'), (156050, 'tmdb_show'), (138104, 'tmdb_show'), (126431, 'tmdb_show'), (125745, 'tmdb_show'), (124736, 'tmdb_show'), (120527, 'tmdb_show'), (117271, 'tmdb_show'), (100587, 'tmdb_show'), (99883, 'tmdb_show'), (93032, 'tmdb_show'), (89761, 'tmdb_show'), (85312, 'tmdb_show'), (81699, 'tmdb_show'), (76437, 'tmdb_show'), (70587, 'tmdb_show'), (70190, 'tmdb_show'), (69507, 'tmdb_show'), (68918, 'tmdb_show'), (66417, 'tmdb_show'), (66318, 'tmdb_show'), (65913, 'tmdb_show'), (65750, 'tmdb_show'), (64171, 'tmdb_show'), (59655, 'tmdb_show'), (59607, 'tmdb_show'), (58492, 'tmdb_show'), (47313, 'tmdb_show'), (44947, 'tmdb_show'), (43944, 'tmdb_show'), (43682, 'tmdb_show'), (39246, 'tmdb_show'), (38690, 'tmdb_show'), (38579, 'tmdb_show'), (38439, 'tmdb_show'), (38372, 'tmdb_show'), (37891, 'tmdb_show'), (37750, 'tmdb_show'), (36958, 'tmdb_show'), (36579, 'tmdb_show'), (36310, 'tmdb_show'), (36143, 'tmdb_show'), (34862, 'tmdb_show'), (34017, 'tmdb_show'), (32807, 'tmdb_show'), (32491, 'tmdb_show'), (31554, 'tmdb_show'), (30265, 'tmdb_show'), (29258, 'tmdb_show'), (29092, 'tmdb_show'), (28620, 'tmdb_show'), (28309, 'tmdb_show'), (27278, 'tmdb_show'), (26497, 'tmdb_show'), (25771, 'tmdb_show'), (25466, 'tmdb_show'), (24827, 'tmdb_show'), (22769, 'tmdb_show'), (22457, 'tmdb_show'), (21169, 'tmdb_show'), (20966, 'tmdb_show'), (20560, 'tmdb_show'), (20541, 'tmdb_show'), (19746, 'tmdb_show'), (19636, 'tmdb_show'), (16986, 'tmdb_show'), (16579, 'tmdb_show'), (16540, 'tmdb_show'), (16345, 'tmdb_show'), (16205, 'tmdb_show'), (16045, 'tmdb_show'), (15725, 'tmdb_show'), (12107, 'tmdb_show'), (11333, 'tmdb_show'), (8992, 'tmdb_show'), (8251, 'tmdb_show'), (6979, 'tmdb_show'), (6671, 'tmdb_show'), (6164, 'tmdb_show'), (5950, 'tmdb_show'), (5503, 'tmdb_show')] |
[2023-01-31 02:41:05,601] [builder.py:1284]           [DEBUG]    |                                                                                                    |
[2023-01-31 02:41:05,764] [builder.py:1361]           [ERROR]    | Convert Error: No TVDb ID Found for TMDb ID: 64906                                                 |
[2023-01-31 02:41:05,905] [builder.py:1361]           [ERROR]    | Convert Error: No TVDb ID Found for TMDb ID: 217078                                                |
[2023-01-31 02:41:06,007] [builder.py:1361]           [ERROR]    | Convert Error: No TVDb ID Found for TMDb ID: 16572                                                 |
[2023-01-31 02:41:06,117] [builder.py:1361]           [ERROR]    | Convert Error: No TVDb ID Found for TMDb ID: 59648                                                 |
[2023-01-31 02:41:06,268] [builder.py:1361]           [ERROR]    | Convert Error: No TVDb ID Found for TMDb ID: 84608                                                 |
[2023-01-31 02:41:06,380] [builder.py:1361]           [ERROR]    | Convert Error: No TVDb ID Found for TMDb ID: 27749                                                 |
[2023-01-31 02:41:06,483] [builder.py:1361]           [ERROR]    | Convert Error: No TVDb ID Found for TMDb ID: 84283                                                 |
[2023-01-31 02:41:06,587] [builder.py:1361]           [ERROR]    | Convert Error: No TVDb ID Found for TMDb ID: 38432                                                 |
[2023-01-31 02:41:06,708] [builder.py:1361]           [ERROR]    | Convert Error: No TVDb ID Found for TMDb ID: 16699                                                 |
[2023-01-31 02:41:06,819] [builder.py:1361]           [ERROR]    | Convert Error: No TVDb ID Found for TMDb ID: 59890                                                 |
[2023-01-31 02:41:06,909] [builder.py:1361]           [ERROR]    | Convert Error: No TVDb ID Found for TMDb ID: 30276                                                 |
[2023-01-31 02:41:07,019] [builder.py:1361]           [ERROR]    | Convert Error: No TVDb ID Found for TMDb ID: 63865                                                 |
[2023-01-31 02:41:07,128] [builder.py:1361]           [ERROR]    | Convert Error: No TVDb ID Found for TMDb ID: 218535                                                |
[2023-01-31 02:41:07,231] [builder.py:1361]           [ERROR]    | Convert Error: No TVDb ID Found for TMDb ID: 113973                                                |
[2023-01-31 02:41:07,370] [builder.py:1361]           [ERROR]    | Convert Error: No TVDb ID Found for TMDb ID: 68475                                                 |
[2023-01-31 02:41:07,477] [builder.py:1361]           [ERROR]    | Convert Error: No TVDb ID Found for TMDb ID: 59506                                                 |
[2023-01-31 02:41:07,615] [builder.py:1361]           [ERROR]    | Convert Error: No TVDb ID Found for TMDb ID: 55770                                                 |
[2023-01-31 02:41:07,728] [builder.py:1361]           [ERROR]    | Convert Error: No TVDb ID Found for TMDb ID: 69560                                                 |
[2023-01-31 02:41:07,834] [builder.py:1361]           [ERROR]    | Convert Error: No TVDb ID Found for TMDb ID: 6180                                                  |
[2023-01-31 02:41:07,934] [builder.py:1361]           [ERROR]    | Convert Error: No TVDb ID Found for TMDb ID: 101265                                                |
[2023-01-31 02:41:08,040] [builder.py:1361]           [ERROR]    | Convert Error: No TVDb ID Found for TMDb ID: 87589                                                 |
[2023-01-31 02:41:08,143] [builder.py:1361]           [ERROR]    | Convert Error: No TVDb ID Found for TMDb ID: 202636                                                |
[2023-01-31 02:41:08,246] [builder.py:1361]           [ERROR]    | Convert Error: No TVDb ID Found for TMDb ID: 6499                                                  |
[2023-01-31 02:41:08,248] [builder.py:1361]           [ERROR]    | Convert Error: No TVDb ID Found for TMDb ID: 96417                                                 |
[2023-01-31 02:41:08,352] [builder.py:1361]           [ERROR]    | Convert Error: No TVDb ID Found for TMDb ID: 83681                                                 |
[2023-01-31 02:41:08,451] [builder.py:1361]           [ERROR]    | Convert Error: No TVDb ID Found for TMDb ID: 59777                                                 |
[2023-01-31 02:41:08,554] [builder.py:1361]           [ERROR]    | Convert Error: No TVDb ID Found for TMDb ID: 71320                                                 |
[2023-01-31 02:41:08,645] [builder.py:1361]           [ERROR]    | Convert Error: No TVDb ID Found for TMDb ID: 98190                                                 |
[2023-01-31 02:41:08,756] [builder.py:1361]           [ERROR]    | Convert Error: No TVDb ID Found for TMDb ID: 87612                                                 |
[2023-01-31 02:41:08,857] [builder.py:1361]           [ERROR]    | Convert Error: No TVDb ID Found for TMDb ID: 58231                                                 |
[2023-01-31 02:41:08,963] [builder.py:1361]           [ERROR]    | Convert Error: No TVDb ID Found for TMDb ID: 208331                                                |
[2023-01-31 02:41:09,094] [builder.py:1361]           [ERROR]    | Convert Error: No TVDb ID Found for TMDb ID: 78265                                                 |
[2023-01-31 02:41:09,195] [builder.py:1361]           [ERROR]    | Convert Error: No TVDb ID Found for TMDb ID: 99174                                                 |
[2023-01-31 02:41:09,295] [builder.py:1361]           [ERROR]    | Convert Error: No TVDb ID Found for TMDb ID: 7925                                                  |
[2023-01-31 02:41:09,403] [builder.py:1361]           [ERROR]    | Convert Error: No TVDb ID Found for TMDb ID: 73760                                                 |
[2023-01-31 02:41:09,513] [builder.py:1361]           [ERROR]    | Convert Error: No TVDb ID Found for TMDb ID: 76640                                                 |
[2023-01-31 02:41:09,615] [builder.py:1361]           [ERROR]    | Convert Error: No TVDb ID Found for TMDb ID: 97054                                                 |
[2023-01-31 02:41:09,716] [builder.py:1361]           [ERROR]    | Convert Error: No TVDb ID Found for TMDb ID: 218014                                                |
[2023-01-31 02:41:09,823] [builder.py:1361]           [ERROR]    | Convert Error: No TVDb ID Found for TMDb ID: 211396                                                |
[2023-01-31 02:41:09,929] [builder.py:1361]           [ERROR]    | Convert Error: No TVDb ID Found for TMDb ID: 124736                                                |
[2023-01-31 02:41:10,022] [builder.py:1361]           [ERROR]    | Convert Error: No TVDb ID Found for TMDb ID: 93032                                                 |
[2023-01-31 02:41:10,129] [builder.py:1361]           [ERROR]    | Convert Error: No TVDb ID Found for TMDb ID: 81699                                                 |
[2023-01-31 02:41:10,236] [builder.py:1361]           [ERROR]    | Convert Error: No TVDb ID Found for TMDb ID: 70587                                                 |
[2023-01-31 02:41:10,341] [builder.py:1361]           [ERROR]    | Convert Error: No TVDb ID Found for TMDb ID: 70190                                                 |
[2023-01-31 02:41:10,439] [builder.py:1361]           [ERROR]    | Convert Error: No TVDb ID Found for TMDb ID: 68918                                                 |
[2023-01-31 02:41:10,543] [builder.py:1361]           [ERROR]    | Convert Error: No TVDb ID Found for TMDb ID: 66417                                                 |
[2023-01-31 02:41:10,646] [builder.py:1361]           [ERROR]    | Convert Error: No TVDb ID Found for TMDb ID: 66318                                                 |
[2023-01-31 02:41:10,752] [builder.py:1361]           [ERROR]    | Convert Error: No TVDb ID Found for TMDb ID: 59655                                                 |
[2023-01-31 02:41:10,849] [builder.py:1361]           [ERROR]    | Convert Error: No TVDb ID Found for TMDb ID: 58492                                                 |
[2023-01-31 02:41:10,946] [builder.py:1361]           [ERROR]    | Convert Error: No TVDb ID Found for TMDb ID: 47313                                                 |
[2023-01-31 02:41:11,041] [builder.py:1361]           [ERROR]    | Convert Error: No TVDb ID Found for TMDb ID: 39246                                                 |
[2023-01-31 02:41:11,145] [builder.py:1361]           [ERROR]    | Convert Error: No TVDb ID Found for TMDb ID: 37750                                                 |
[2023-01-31 02:41:11,245] [builder.py:1361]           [ERROR]    | Convert Error: No TVDb ID Found for TMDb ID: 34862                                                 |
[2023-01-31 02:41:11,352] [builder.py:1361]           [ERROR]    | Convert Error: No TVDb ID Found for TMDb ID: 32491                                                 |
[2023-01-31 02:41:11,455] [builder.py:1361]           [ERROR]    | Convert Error: No TVDb ID Found for TMDb ID: 27278                                                 |
[2023-01-31 02:41:11,557] [builder.py:1361]           [ERROR]    | Convert Error: No TVDb ID Found for TMDb ID: 19636                                                 |
[2023-01-31 02:41:11,667] [builder.py:1361]           [ERROR]    | Convert Error: No TVDb ID Found for TMDb ID: 6671                                                  |
[2023-01-31 02:41:11,776] [builder.py:1361]           [ERROR]    | Convert Error: No TVDb ID Found for TMDb ID: 6164                                                  |
[2023-01-31 02:41:11,777] [builder.py:1275]           [DEBUG]    |                                                                                                    |
[2023-01-31 02:41:11,777] [builder.py:1276]           [DEBUG]    | Builder: tmdb_network: 106                                                                         |
[2023-01-31 02:41:11,778] [builder.py:1277]           [INFO]     |                                                                                                    |
[2023-01-31 02:41:12,184] [tmdb.py:282]               [INFO]     | Processing TMDb Network: (106) Discovery (43 Shows)                                                |
[2023-01-31 02:41:12,185] [builder.py:1282]           [DEBUG]    |                                                                                                    |
[2023-01-31 02:41:12,185] [builder.py:1283]           [DEBUG]    | 43 IDs Found: [(90, 'tmdb_show'), (70378, 'tmdb_show'), (64555, 'tmdb_show'), (1749, 'tmdb_show'), (59097, 'tmdb_show'), (8869, 'tmdb_show'), (34638, 'tmdb_show'), (31967, 'tmdb_show'), (1728, 'tmdb_show'), (41227, 'tmdb_show'), (86012, 'tmdb_show'), (59685, 'tmdb_show'), (11473, 'tmdb_show'), (39266, 'tmdb_show'), (34681, 'tmdb_show'), (16907, 'tmdb_show'), (92847, 'tmdb_show'), (63889, 'tmdb_show'), (14084, 'tmdb_show'), (72403, 'tmdb_show'), (32349, 'tmdb_show'), (8689, 'tmdb_show'), (116816, 'tmdb_show'), (90070, 'tmdb_show'), (218602, 'tmdb_show'), (60462, 'tmdb_show'), (29090, 'tmdb_show'), (92991, 'tmdb_show'), (63590, 'tmdb_show'), (38680, 'tmdb_show'), (21950, 'tmdb_show'), (211840, 'tmdb_show'), (134720, 'tmdb_show'), (46740, 'tmdb_show'), (76296, 'tmdb_show'), (80685, 'tmdb_show'), (85334, 'tmdb_show'), (30743, 'tmdb_show'), (76491, 'tmdb_show'), (105270, 'tmdb_show'), (6122, 'tmdb_show'), (393, 'tmdb_show'), (18354, 'tmdb_show')] |
[2023-01-31 02:41:12,185] [builder.py:1284]           [DEBUG]    |                                                                                                    |
[2023-01-31 02:41:12,305] [builder.py:1361]           [ERROR]    | Convert Error: No TVDb ID Found for TMDb ID: 59685                                                 |
[2023-01-31 02:41:12,406] [builder.py:1361]           [ERROR]    | Convert Error: No TVDb ID Found for TMDb ID: 34681                                                 |
[2023-01-31 02:41:12,512] [builder.py:1361]           [ERROR]    | Convert Error: No TVDb ID Found for TMDb ID: 90070                                                 |
[2023-01-31 02:41:12,608] [builder.py:1361]           [ERROR]    | Convert Error: No TVDb ID Found for TMDb ID: 218602                                                |
[2023-01-31 02:41:12,712] [builder.py:1361]           [ERROR]    | Convert Error: No TVDb ID Found for TMDb ID: 46740                                                 |
[2023-01-31 02:41:12,813] [builder.py:1361]           [ERROR]    | Convert Error: No TVDb ID Found for TMDb ID: 80685                                                 |
[2023-01-31 02:41:12,933] [builder.py:1361]           [ERROR]    | Convert Error: No TVDb ID Found for TMDb ID: 30743                                                 |
[2023-01-31 02:41:12,935] [builder.py:1275]           [DEBUG]    |                                                                                                    |
[2023-01-31 02:41:12,936] [builder.py:1276]           [DEBUG]    | Builder: tmdb_network: 244                                                                         |
[2023-01-31 02:41:12,936] [builder.py:1277]           [INFO]     |                                                                                                    |
[2023-01-31 02:41:14,477] [tmdb.py:282]               [INFO]     | Processing TMDb Network: (244) Investigation Discovery (270 Shows)                                 |
[2023-01-31 02:41:14,478] [builder.py:1282]           [DEBUG]    |                                                                                                    |
[2023-01-31 02:41:14,478] [builder.py:1283]           [DEBUG]    | 270 IDs Found: [(63451, 'tmdb_show'), (65824, 'tmdb_show'), (25181, 'tmdb_show'), (154485, 'tmdb_show'), (70249, 'tmdb_show'), (108464, 'tmdb_show'), (15948, 'tmdb_show'), (218835, 'tmdb_show'), (73320, 'tmdb_show'), (62168, 'tmdb_show'), (83131, 'tmdb_show'), (59708, 'tmdb_show'), (66006, 'tmdb_show'), (218982, 'tmdb_show'), (68486, 'tmdb_show'), (93005, 'tmdb_show'), (68549, 'tmdb_show'), (76458, 'tmdb_show'), (62416, 'tmdb_show'), (41580, 'tmdb_show'), (48736, 'tmdb_show'), (36154, 'tmdb_show'), (112535, 'tmdb_show'), (91183, 'tmdb_show'), (218502, 'tmdb_show'), (59679, 'tmdb_show'), (26728, 'tmdb_show'), (216320, 'tmdb_show'), (104698, 'tmdb_show'), (154877, 'tmdb_show'), (69056, 'tmdb_show'), (38534, 'tmdb_show'), (85041, 'tmdb_show'), (88880, 'tmdb_show'), (219146, 'tmdb_show'), (53100, 'tmdb_show'), (71450, 'tmdb_show'), (85250, 'tmdb_show'), (152547, 'tmdb_show'), (76402, 'tmdb_show'), (57552, 'tmdb_show'), (41552, 'tmdb_show'), (74910, 'tmdb_show'), (86054, 'tmdb_show'), (79360, 'tmdb_show'), (67749, 'tmdb_show'), (69688, 'tmdb_show'), (56988, 'tmdb_show'), (67152, 'tmdb_show'), (40189, 'tmdb_show'), (78602, 'tmdb_show'), (214646, 'tmdb_show'), (47986, 'tmdb_show'), (65067, 'tmdb_show'), (39538, 'tmdb_show'), (67633, 'tmdb_show'), (153263, 'tmdb_show'), (92815, 'tmdb_show'), (86818, 'tmdb_show'), (86152, 'tmdb_show'), (99653, 'tmdb_show'), (88356, 'tmdb_show'), (68401, 'tmdb_show'), (65368, 'tmdb_show'), (36111, 'tmdb_show'), (86223, 'tmdb_show'), (70582, 'tmdb_show'), (95978, 'tmdb_show'), (74285, 'tmdb_show'), (37332, 'tmdb_show'), (69544, 'tmdb_show'), (63424, 'tmdb_show'), (40490, 'tmdb_show'), (216516, 'tmdb_show'), (208006, 'tmdb_show'), (71266, 'tmdb_show'), (75222, 'tmdb_show'), (195754, 'tmdb_show'), (90299, 'tmdb_show'), (47044, 'tmdb_show'), (99420, 'tmdb_show'), (68934, 'tmdb_show'), (118381, 'tmdb_show'), (80029, 'tmdb_show'), (202884, 'tmdb_show'), (69888, 'tmdb_show'), (86660, 'tmdb_show'), (85164, 'tmdb_show'), (38674, 'tmdb_show'), (90634, 'tmdb_show'), (206936, 'tmdb_show'), (74586, 'tmdb_show'), (86217, 'tmdb_show'), (90456, 'tmdb_show'), (1932, 'tmdb_show'), (57649, 'tmdb_show'), (67759, 'tmdb_show'), (208721, 'tmdb_show'), (102767, 'tmdb_show'), (80099, 'tmdb_show'), (29097, 'tmdb_show'), (115067, 'tmdb_show'), (66002, 'tmdb_show'), (25979, 'tmdb_show'), (74532, 'tmdb_show'), (91462, 'tmdb_show'), (110558, 'tmdb_show'), (78821, 'tmdb_show'), (69861, 'tmdb_show'), (85430, 'tmdb_show'), (110287, 'tmdb_show'), (118236, 'tmdb_show'), (111622, 'tmdb_show'), (105776, 'tmdb_show'), (171398, 'tmdb_show'), (120285, 'tmdb_show'), (95973, 'tmdb_show'), (92025, 'tmdb_show'), (85281, 'tmdb_show'), (81766, 'tmdb_show'), (79361, 'tmdb_show'), (76555, 'tmdb_show'), (73159, 'tmdb_show'), (64974, 'tmdb_show'), (39500, 'tmdb_show'), (35693, 'tmdb_show'), (62788, 'tmdb_show'), (67440, 'tmdb_show'), (107874, 'tmdb_show'), (202583, 'tmdb_show'), (71768, 'tmdb_show'), (3706, 'tmdb_show'), (95658, 'tmdb_show'), (64807, 'tmdb_show'), (73448, 'tmdb_show'), (120508, 'tmdb_show'), (36829, 'tmdb_show'), (92129, 'tmdb_show'), (86220, 'tmdb_show'), (66508, 'tmdb_show'), (77281, 'tmdb_show'), (78188, 'tmdb_show'), (62248, 'tmdb_show'), (113226, 'tmdb_show'), (86216, 'tmdb_show'), (125848, 'tmdb_show'), (61639, 'tmdb_show'), (61277, 'tmdb_show'), (70433, 'tmdb_show'), (93791, 'tmdb_show'), (64843, 'tmdb_show'), (65007, 'tmdb_show'), (100045, 'tmdb_show'), (194482, 'tmdb_show'), (154388, 'tmdb_show'), (92263, 'tmdb_show'), (217628, 'tmdb_show'), (92743, 'tmdb_show'), (111118, 'tmdb_show'), (112316, 'tmdb_show'), (102950, 'tmdb_show'), (202960, 'tmdb_show'), (77669, 'tmdb_show'), (90072, 'tmdb_show'), (76832, 'tmdb_show'), (215949, 'tmdb_show'), (31968, 'tmdb_show'), (212750, 'tmdb_show'), (37933, 'tmdb_show'), (104256, 'tmdb_show'), (107873, 'tmdb_show'), (91324, 'tmdb_show'), (88446, 'tmdb_show'), (71296, 'tmdb_show'), (85429, 'tmdb_show'), (62398, 'tmdb_show'), (68308, 'tmdb_show'), (92688, 'tmdb_show'), (35666, 'tmdb_show'), (204768, 'tmdb_show'), (137154, 'tmdb_show'), (112367, 'tmdb_show'), (111473, 'tmdb_show'), (107878, 'tmdb_show'), (107875, 'tmdb_show'), (107854, 'tmdb_show'), (103415, 'tmdb_show'), (99876, 'tmdb_show'), (99150, 'tmdb_show'), (98475, 'tmdb_show'), (91212, 'tmdb_show'), (85492, 'tmdb_show'), (83945, 'tmdb_show'), (76770, 'tmdb_show'), (73751, 'tmdb_show'), (70230, 'tmdb_show'), (68721, 'tmdb_show'), (66704, 'tmdb_show'), (38021, 'tmdb_show'), (37941, 'tmdb_show'), (125842, 'tmdb_show'), (133228, 'tmdb_show'), (88610, 'tmdb_show'), (73364, 'tmdb_show'), (197345, 'tmdb_show'), (136725, 'tmdb_show'), (91080, 'tmdb_show'), (205829, 'tmdb_show'), (106133, 'tmdb_show'), (71123, 'tmdb_show'), (211264, 'tmdb_show'), (113585, 'tmdb_show'), (117562, 'tmdb_show'), (76810, 'tmdb_show'), (92420, 'tmdb_show'), (110314, 'tmdb_show'), (26921, 'tmdb_show'), (115929, 'tmdb_show'), (110732, 'tmdb_show'), (64983, 'tmdb_show'), (133946, 'tmdb_show'), (101885, 'tmdb_show'), (153372, 'tmdb_show'), (98255, 'tmdb_show'), (214232, 'tmdb_show'), (209800, 'tmdb_show'), (157336, 'tmdb_show'), (152257, 'tmdb_show'), (133941, 'tmdb_show'), (133415, 'tmdb_show'), (132357, 'tmdb_show'), (121956, 'tmdb_show'), (119889, 'tmdb_show'), (118739, 'tmdb_show'), (118232, 'tmdb_show'), (112811, 'tmdb_show'), (108395, 'tmdb_show'), (108077, 'tmdb_show'), (107962, 'tmdb_show'), (106756, 'tmdb_show'), (105736, 'tmdb_show'), (101290, 'tmdb_show'), (100340, 'tmdb_show'), (95694, 'tmdb_show'), (93488, 'tmdb_show'), (86219, 'tmdb_show'), (82064, 'tmdb_show'), (79879, 'tmdb_show'), (78023, 'tmdb_show'), (73596, 'tmdb_show'), (72130, 'tmdb_show'), (66143, 'tmdb_show'), (59228, 'tmdb_show'), (41606, 'tmdb_show'), (40451, 'tmdb_show'), (38718, 'tmdb_show'), (38475, 'tmdb_show'), (38385, 'tmdb_show'), (37812, 'tmdb_show'), (34298, 'tmdb_show'), (31473, 'tmdb_show'), (29498, 'tmdb_show'), (29401, 'tmdb_show'), (28121, 'tmdb_show'), (27912, 'tmdb_show'), (27202, 'tmdb_show'), (27109, 'tmdb_show'), (26342, 'tmdb_show'), (24492, 'tmdb_show'), (22356, 'tmdb_show')] |
[2023-01-31 02:41:14,478] [builder.py:1284]           [DEBUG]    |                                                                                                    |
[2023-01-31 02:41:14,604] [builder.py:1361]           [ERROR]    | Convert Error: No TVDb ID Found for TMDb ID: 154485                                                |
[2023-01-31 02:41:14,824] [builder.py:1361]           [ERROR]    | Convert Error: No TVDb ID Found for TMDb ID: 48736                                                 |
[2023-01-31 02:41:15,070] [builder.py:1361]           [ERROR]    | Convert Error: No TVDb ID Found for TMDb ID: 59679                                                 |
[2023-01-31 02:41:15,196] [builder.py:1361]           [ERROR]    | Convert Error: No TVDb ID Found for TMDb ID: 216320                                                |
[2023-01-31 02:41:15,305] [builder.py:1361]           [ERROR]    | Convert Error: No TVDb ID Found for TMDb ID: 88880                                                 |
[2023-01-31 02:41:15,425] [builder.py:1361]           [ERROR]    | Convert Error: No TVDb ID Found for TMDb ID: 86054                                                 |
[2023-01-31 02:41:15,523] [builder.py:1361]           [ERROR]    | Convert Error: No TVDb ID Found for TMDb ID: 65067                                                 |
[2023-01-31 02:41:15,628] [builder.py:1361]           [ERROR]    | Convert Error: No TVDb ID Found for TMDb ID: 67633                                                 |
[2023-01-31 02:41:15,754] [builder.py:1361]           [ERROR]    | Convert Error: No TVDb ID Found for TMDb ID: 86818                                                 |
[2023-01-31 02:41:15,863] [builder.py:1361]           [ERROR]    | Convert Error: No TVDb ID Found for TMDb ID: 216516                                                |
[2023-01-31 02:41:15,964] [builder.py:1361]           [ERROR]    | Convert Error: No TVDb ID Found for TMDb ID: 47044                                                 |
[2023-01-31 02:41:16,071] [builder.py:1361]           [ERROR]    | Convert Error: No TVDb ID Found for TMDb ID: 118381                                                |
[2023-01-31 02:41:16,205] [builder.py:1361]           [ERROR]    | Convert Error: No TVDb ID Found for TMDb ID: 206936                                                |
[2023-01-31 02:41:16,313] [builder.py:1361]           [ERROR]    | Convert Error: No TVDb ID Found for TMDb ID: 91462                                                 |
[2023-01-31 02:41:16,413] [builder.py:1361]           [ERROR]    | Convert Error: No TVDb ID Found for TMDb ID: 110287                                                |
[2023-01-31 02:41:16,521] [builder.py:1361]           [ERROR]    | Convert Error: No TVDb ID Found for TMDb ID: 111622                                                |
[2023-01-31 02:41:16,630] [builder.py:1361]           [ERROR]    | Convert Error: No TVDb ID Found for TMDb ID: 120285                                                |
[2023-01-31 02:41:16,739] [builder.py:1361]           [ERROR]    | Convert Error: No TVDb ID Found for TMDb ID: 92025                                                 |
[2023-01-31 02:41:16,841] [builder.py:1361]           [ERROR]    | Convert Error: No TVDb ID Found for TMDb ID: 81766                                                 |
[2023-01-31 02:41:16,948] [builder.py:1361]           [ERROR]    | Convert Error: No TVDb ID Found for TMDb ID: 67440                                                 |
[2023-01-31 02:41:17,057] [builder.py:1361]           [ERROR]    | Convert Error: No TVDb ID Found for TMDb ID: 107874                                                |
[2023-01-31 02:41:17,159] [builder.py:1361]           [ERROR]    | Convert Error: No TVDb ID Found for TMDb ID: 202583                                                |
[2023-01-31 02:41:17,264] [builder.py:1361]           [ERROR]    | Convert Error: No TVDb ID Found for TMDb ID: 86220                                                 |
[2023-01-31 02:41:17,372] [builder.py:1361]           [ERROR]    | Convert Error: No TVDb ID Found for TMDb ID: 78188                                                 |
[2023-01-31 02:41:17,474] [builder.py:1361]           [ERROR]    | Convert Error: No TVDb ID Found for TMDb ID: 62248                                                 |
[2023-01-31 02:41:17,572] [builder.py:1361]           [ERROR]    | Convert Error: No TVDb ID Found for TMDb ID: 194482                                                |
[2023-01-31 02:41:17,675] [builder.py:1361]           [ERROR]    | Convert Error: No TVDb ID Found for TMDb ID: 217628                                                |
[2023-01-31 02:41:17,780] [builder.py:1361]           [ERROR]    | Convert Error: No TVDb ID Found for TMDb ID: 102950                                                |
[2023-01-31 02:41:17,888] [builder.py:1361]           [ERROR]    | Convert Error: No TVDb ID Found for TMDb ID: 215949                                                |
[2023-01-31 02:41:17,988] [builder.py:1361]           [ERROR]    | Convert Error: No TVDb ID Found for TMDb ID: 212750                                                |
[2023-01-31 02:41:18,095] [builder.py:1361]           [ERROR]    | Convert Error: No TVDb ID Found for TMDb ID: 88446                                                 |
[2023-01-31 02:41:18,199] [builder.py:1361]           [ERROR]    | Convert Error: No TVDb ID Found for TMDb ID: 92688                                                 |
[2023-01-31 02:41:18,310] [builder.py:1361]           [ERROR]    | Convert Error: No TVDb ID Found for TMDb ID: 35666                                                 |
[2023-01-31 02:41:18,414] [builder.py:1361]           [ERROR]    | Convert Error: No TVDb ID Found for TMDb ID: 107878                                                |
[2023-01-31 02:41:18,527] [builder.py:1361]           [ERROR]    | Convert Error: No TVDb ID Found for TMDb ID: 107875                                                |
[2023-01-31 02:41:18,636] [builder.py:1361]           [ERROR]    | Convert Error: No TVDb ID Found for TMDb ID: 107854                                                |
[2023-01-31 02:41:18,732] [builder.py:1361]           [ERROR]    | Convert Error: No TVDb ID Found for TMDb ID: 99876                                                 |
[2023-01-31 02:41:18,851] [builder.py:1361]           [ERROR]    | Convert Error: No TVDb ID Found for TMDb ID: 91212                                                 |
[2023-01-31 02:41:18,957] [builder.py:1361]           [ERROR]    | Convert Error: No TVDb ID Found for TMDb ID: 68721                                                 |
[2023-01-31 02:41:19,054] [builder.py:1361]           [ERROR]    | Convert Error: No TVDb ID Found for TMDb ID: 37941                                                 |
[2023-01-31 02:41:19,170] [builder.py:1361]           [ERROR]    | Convert Error: No TVDb ID Found for TMDb ID: 106133                                                |
[2023-01-31 02:41:19,277] [builder.py:1361]           [ERROR]    | Convert Error: No TVDb ID Found for TMDb ID: 211264                                                |
[2023-01-31 02:41:19,383] [builder.py:1361]           [ERROR]    | Convert Error: No TVDb ID Found for TMDb ID: 117562                                                |
[2023-01-31 02:41:19,480] [builder.py:1361]           [ERROR]    | Convert Error: No TVDb ID Found for TMDb ID: 110314                                                |
[2023-01-31 02:41:19,590] [builder.py:1361]           [ERROR]    | Convert Error: No TVDb ID Found for TMDb ID: 26921                                                 |
[2023-01-31 02:41:19,701] [builder.py:1361]           [ERROR]    | Convert Error: No TVDb ID Found for TMDb ID: 133946                                                |
[2023-01-31 02:41:19,806] [builder.py:1361]           [ERROR]    | Convert Error: No TVDb ID Found for TMDb ID: 98255                                                 |
[2023-01-31 02:41:19,921] [builder.py:1361]           [ERROR]    | Convert Error: No TVDb ID Found for TMDb ID: 214232                                                |
[2023-01-31 02:41:20,025] [builder.py:1361]           [ERROR]    | Convert Error: No TVDb ID Found for TMDb ID: 209800                                                |
[2023-01-31 02:41:20,133] [builder.py:1361]           [ERROR]    | Convert Error: No TVDb ID Found for TMDb ID: 157336                                                |
[2023-01-31 02:41:20,240] [builder.py:1361]           [ERROR]    | Convert Error: No TVDb ID Found for TMDb ID: 121956                                                |
[2023-01-31 02:41:20,337] [builder.py:1361]           [ERROR]    | Convert Error: No TVDb ID Found for TMDb ID: 118739                                                |
[2023-01-31 02:41:20,438] [builder.py:1361]           [ERROR]    | Convert Error: No TVDb ID Found for TMDb ID: 112811                                                |
[2023-01-31 02:41:20,535] [builder.py:1361]           [ERROR]    | Convert Error: No TVDb ID Found for TMDb ID: 108395                                                |
[2023-01-31 02:41:20,656] [builder.py:1361]           [ERROR]    | Convert Error: No TVDb ID Found for TMDb ID: 108077                                                |
[2023-01-31 02:41:20,758] [builder.py:1361]           [ERROR]    | Convert Error: No TVDb ID Found for TMDb ID: 107962                                                |
[2023-01-31 02:41:20,871] [builder.py:1361]           [ERROR]    | Convert Error: No TVDb ID Found for TMDb ID: 105736                                                |
[2023-01-31 02:41:20,976] [builder.py:1361]           [ERROR]    | Convert Error: No TVDb ID Found for TMDb ID: 95694                                                 |
[2023-01-31 02:41:21,156] [builder.py:1361]           [ERROR]    | Convert Error: No TVDb ID Found for TMDb ID: 93488                                                 |
[2023-01-31 02:41:21,259] [builder.py:1361]           [ERROR]    | Convert Error: No TVDb ID Found for TMDb ID: 86219                                                 |
[2023-01-31 02:41:21,358] [builder.py:1361]           [ERROR]    | Convert Error: No TVDb ID Found for TMDb ID: 78023                                                 |
[2023-01-31 02:41:21,457] [builder.py:1361]           [ERROR]    | Convert Error: No TVDb ID Found for TMDb ID: 73596                                                 |
[2023-01-31 02:41:21,562] [builder.py:1361]           [ERROR]    | Convert Error: No TVDb ID Found for TMDb ID: 59228                                                 |
[2023-01-31 02:41:21,664] [builder.py:1361]           [ERROR]    | Convert Error: No TVDb ID Found for TMDb ID: 38718                                                 |
[2023-01-31 02:41:21,774] [builder.py:1361]           [ERROR]    | Convert Error: No TVDb ID Found for TMDb ID: 38385                                                 |
[2023-01-31 02:41:21,871] [builder.py:1361]           [ERROR]    | Convert Error: No TVDb ID Found for TMDb ID: 29498                                                 |
[2023-01-31 02:41:21,969] [builder.py:1361]           [ERROR]    | Convert Error: No TVDb ID Found for TMDb ID: 29401                                                 |
[2023-01-31 02:41:22,076] [builder.py:1361]           [ERROR]    | Convert Error: No TVDb ID Found for TMDb ID: 28121                                                 |
[2023-01-31 02:41:22,176] [builder.py:1361]           [ERROR]    | Convert Error: No TVDb ID Found for TMDb ID: 27202                                                 |
[2023-01-31 02:41:22,280] [builder.py:1361]           [ERROR]    | Convert Error: No TVDb ID Found for TMDb ID: 27109                                                 |
[2023-01-31 02:41:22,392] [builder.py:1361]           [ERROR]    | Convert Error: No TVDb ID Found for TMDb ID: 24492                                                 |
[2023-01-31 02:41:22,495] [builder.py:1361]           [ERROR]    | Convert Error: No TVDb ID Found for TMDb ID: 22356                                                 |
[2023-01-31 02:41:22,495] [builder.py:1275]           [DEBUG]    |                                                                                                    |
[2023-01-31 02:41:22,495] [builder.py:1276]           [DEBUG]    | Builder: tmdb_network: 626                                                                         |
[2023-01-31 02:41:22,496] [builder.py:1277]           [INFO]     |                                                                                                    |
[2023-01-31 02:41:22,692] [tmdb.py:282]               [INFO]     | Processing TMDb Network: (626) Discovery Real Time (6 Shows)                                       |
[2023-01-31 02:41:22,693] [builder.py:1282]           [DEBUG]    |                                                                                                    |
[2023-01-31 02:41:22,693] [builder.py:1283]           [DEBUG]    | 6 IDs Found: [(10710, 'tmdb_show'), (13974, 'tmdb_show'), (43245, 'tmdb_show'), (91617, 'tmdb_show'), (217002, 'tmdb_show'), (216998, 'tmdb_show')] |
[2023-01-31 02:41:22,693] [builder.py:1284]           [DEBUG]    |                                                                                                    |
[2023-01-31 02:41:22,795] [builder.py:1361]           [ERROR]    | Convert Error: No TVDb ID Found for TMDb ID: 216998                                                |
[2023-01-31 02:41:22,796] [builder.py:1275]           [DEBUG]    |                                                                                                    |
[2023-01-31 02:41:22,796] [builder.py:1276]           [DEBUG]    | Builder: tmdb_network: 670                                                                         |
[2023-01-31 02:41:22,796] [builder.py:1277]           [INFO]     |                                                                                                    |
[2023-01-31 02:41:23,001] [tmdb.py:282]               [INFO]     | Processing TMDb Network: (670) Discovery Life (3 Shows)                                            |
[2023-01-31 02:41:23,002] [builder.py:1282]           [DEBUG]    |                                                                                                    |
[2023-01-31 02:41:23,002] [builder.py:1283]           [DEBUG]    | 3 IDs Found: [(63451, 'tmdb_show'), (211099, 'tmdb_show'), (17360, 'tmdb_show')]                   |
[2023-01-31 02:41:23,002] [builder.py:1284]           [DEBUG]    |                                                                                                    |
[2023-01-31 02:41:23,110] [builder.py:1361]           [ERROR]    | Convert Error: No TVDb ID Found for TMDb ID: 211099                                                |
[2023-01-31 02:41:23,210] [builder.py:1361]           [ERROR]    | Convert Error: No TVDb ID Found for TMDb ID: 17360                                                 |
[2023-01-31 02:41:23,211] [builder.py:1275]           [DEBUG]    |                                                                                                    |
[2023-01-31 02:41:23,211] [builder.py:1276]           [DEBUG]    | Builder: tmdb_network: 1079                                                                        |
[2023-01-31 02:41:23,211] [builder.py:1277]           [INFO]     |                                                                                                    |
[2023-01-31 02:41:23,609] [tmdb.py:282]               [INFO]     | Processing TMDb Network: (1079) Discovery (52 Shows)                                               |
[2023-01-31 02:41:23,609] [builder.py:1282]           [DEBUG]    |                                                                                                    |
[2023-01-31 02:41:23,610] [builder.py:1283]           [DEBUG]    | 52 IDs Found: [(10710, 'tmdb_show'), (86479, 'tmdb_show'), (91724, 'tmdb_show'), (46837, 'tmdb_show'), (15761, 'tmdb_show'), (63375, 'tmdb_show'), (76674, 'tmdb_show'), (82710, 'tmdb_show'), (72438, 'tmdb_show'), (84583, 'tmdb_show'), (85472, 'tmdb_show'), (86538, 'tmdb_show'), (100156, 'tmdb_show'), (97414, 'tmdb_show'), (120720, 'tmdb_show'), (79862, 'tmdb_show'), (38116, 'tmdb_show'), (114542, 'tmdb_show'), (97979, 'tmdb_show'), (64789, 'tmdb_show'), (133445, 'tmdb_show'), (85474, 'tmdb_show'), (63243, 'tmdb_show'), (102354, 'tmdb_show'), (85406, 'tmdb_show'), (66035, 'tmdb_show'), (62345, 'tmdb_show'), (89551, 'tmdb_show'), (73483, 'tmdb_show'), (99161, 'tmdb_show'), (91036, 'tmdb_show'), (103283, 'tmdb_show'), (153760, 'tmdb_show'), (78520, 'tmdb_show'), (8868, 'tmdb_show'), (216251, 'tmdb_show'), (122628, 'tmdb_show'), (83622, 'tmdb_show'), (216991, 'tmdb_show'), (216987, 'tmdb_show'), (216986, 'tmdb_show'), (198020, 'tmdb_show'), (134250, 'tmdb_show'), (124737, 'tmdb_show'), (113421, 'tmdb_show'), (112934, 'tmdb_show'), (79232, 'tmdb_show'), (74512, 'tmdb_show'), (63218, 'tmdb_show'), (55918, 'tmdb_show'), (29696, 'tmdb_show'), (14965, 'tmdb_show')] |
[2023-01-31 02:41:23,610] [builder.py:1284]           [DEBUG]    |                                                                                                    |
[2023-01-31 02:41:23,704] [builder.py:1361]           [ERROR]    | Convert Error: No TVDb ID Found for TMDb ID: 82710                                                 |
[2023-01-31 02:41:23,809] [builder.py:1361]           [ERROR]    | Convert Error: No TVDb ID Found for TMDb ID: 72438                                                 |
[2023-01-31 02:41:23,920] [builder.py:1361]           [ERROR]    | Convert Error: No TVDb ID Found for TMDb ID: 85472                                                 |
[2023-01-31 02:41:24,037] [builder.py:1361]           [ERROR]    | Convert Error: No TVDb ID Found for TMDb ID: 85406                                                 |
[2023-01-31 02:41:24,153] [builder.py:1361]           [ERROR]    | Convert Error: No TVDb ID Found for TMDb ID: 66035                                                 |
[2023-01-31 02:41:24,373] [builder.py:1361]           [ERROR]    | Convert Error: No TVDb ID Found for TMDb ID: 198020                                                |
[2023-01-31 02:41:24,378] [builder.py:1275]           [DEBUG]    |                                                                                                    |
[2023-01-31 02:41:24,378] [builder.py:1276]           [DEBUG]    | Builder: tmdb_network: 1287                                                                        |
[2023-01-31 02:41:24,378] [builder.py:1277]           [INFO]     |                                                                                                    |
[2023-01-31 02:41:24,588] [tmdb.py:282]               [INFO]     | Processing TMDb Network: (1287) Discovery Family (8 Shows)                                         |
[2023-01-31 02:41:24,588] [builder.py:1282]           [DEBUG]    |                                                                                                    |
[2023-01-31 02:41:24,589] [builder.py:1283]           [DEBUG]    | 8 IDs Found: [(33765, 'tmdb_show'), (72499, 'tmdb_show'), (38881, 'tmdb_show'), (33965, 'tmdb_show'), (53113, 'tmdb_show'), (85521, 'tmdb_show'), (6941, 'tmdb_show'), (82256, 'tmdb_show')] |
[2023-01-31 02:41:24,589] [builder.py:1284]           [DEBUG]    |                                                                                                    |
[2023-01-31 02:41:24,593] [builder.py:1275]           [DEBUG]    |                                                                                                    |
[2023-01-31 02:41:24,593] [builder.py:1276]           [DEBUG]    | Builder: tmdb_network: 1534                                                                        |
[2023-01-31 02:41:24,593] [builder.py:1277]           [INFO]     |                                                                                                    |
[2023-01-31 02:41:24,799] [tmdb.py:282]               [INFO]     | Processing TMDb Network: (1534) Discovery World (3 Shows)                                          |
[2023-01-31 02:41:24,799] [builder.py:1282]           [DEBUG]    |                                                                                                    |
[2023-01-31 02:41:24,799] [builder.py:1283]           [DEBUG]    | 3 IDs Found: [(63889, 'tmdb_show'), (115326, 'tmdb_show'), (67184, 'tmdb_show')]                   |
[2023-01-31 02:41:24,800] [builder.py:1284]           [DEBUG]    |                                                                                                    |
[2023-01-31 02:41:24,904] [builder.py:1361]           [ERROR]    | Convert Error: No TVDb ID Found for TMDb ID: 115326                                                |
[2023-01-31 02:41:25,004] [builder.py:1361]           [ERROR]    | Convert Error: No TVDb ID Found for TMDb ID: 67184                                                 |
[2023-01-31 02:41:25,005] [builder.py:1275]           [DEBUG]    |                                                                                                    |
[2023-01-31 02:41:25,005] [builder.py:1276]           [DEBUG]    | Builder: tmdb_network: 2087                                                                        |
[2023-01-31 02:41:25,005] [builder.py:1277]           [INFO]     |                                                                                                    |
[2023-01-31 02:41:25,208] [tmdb.py:282]               [INFO]     | Processing TMDb Network: (2087) Discovery Channel (7 Shows)                                        |
[2023-01-31 02:41:25,209] [builder.py:1282]           [DEBUG]    |                                                                                                    |
[2023-01-31 02:41:25,209] [builder.py:1283]           [DEBUG]    | 7 IDs Found: [(77974, 'tmdb_show'), (198006, 'tmdb_show'), (215753, 'tmdb_show'), (76527, 'tmdb_show'), (73785, 'tmdb_show'), (73934, 'tmdb_show'), (119880, 'tmdb_show')] |
[2023-01-31 02:41:25,209] [builder.py:1284]           [DEBUG]    |                                                                                                    |
[2023-01-31 02:41:25,309] [builder.py:1361]           [ERROR]    | Convert Error: No TVDb ID Found for TMDb ID: 215753                                                |
[2023-01-31 02:41:25,311] [builder.py:1275]           [DEBUG]    |                                                                                                    |
[2023-01-31 02:41:25,312] [builder.py:1276]           [DEBUG]    | Builder: tmdb_network: 2480                                                                        |
[2023-01-31 02:41:25,312] [builder.py:1277]           [INFO]     |                                                                                                    |
[2023-01-31 02:41:25,523] [tmdb.py:282]               [INFO]     | Processing TMDb Network: (2480) Discovery Home (1 Show)                                            |
[2023-01-31 02:41:25,523] [builder.py:1282]           [DEBUG]    |                                                                                                    |
[2023-01-31 02:41:25,524] [builder.py:1283]           [DEBUG]    | 1 IDs Found: [(23833, 'tmdb_show')]                                                                |
[2023-01-31 02:41:25,524] [builder.py:1284]           [DEBUG]    |                                                                                                    |
[2023-01-31 02:41:25,635] [builder.py:1361]           [ERROR]    | Convert Error: No TVDb ID Found for TMDb ID: 23833                                                 |
[2023-01-31 02:41:25,636] [builder.py:1275]           [DEBUG]    |                                                                                                    |
[2023-01-31 02:41:25,636] [builder.py:1276]           [DEBUG]    | Builder: tmdb_network: 2692                                                                        |
[2023-01-31 02:41:25,636] [builder.py:1277]           [INFO]     |                                                                                                    |
[2023-01-31 02:41:25,869] [tmdb.py:282]               [INFO]     | Processing TMDb Network: (2692) Discovery Channel  (2 Shows)                                       |
[2023-01-31 02:41:25,870] [builder.py:1282]           [DEBUG]    |                                                                                                    |
[2023-01-31 02:41:25,870] [builder.py:1283]           [DEBUG]    | 2 IDs Found: [(132573, 'tmdb_show'), (82124, 'tmdb_show')]                                         |
[2023-01-31 02:41:25,870] [builder.py:1284]           [DEBUG]    |                                                                                                    |
[2023-01-31 02:41:25,977] [builder.py:1361]           [ERROR]    | Convert Error: No TVDb ID Found for TMDb ID: 132573                                                |
[2023-01-31 02:41:26,086] [builder.py:1361]           [ERROR]    | Convert Error: No TVDb ID Found for TMDb ID: 82124                                                 |
[2023-01-31 02:41:26,086] [builder.py:1275]           [DEBUG]    |                                                                                                    |
[2023-01-31 02:41:26,087] [builder.py:1276]           [DEBUG]    | Builder: tmdb_network: 3045                                                                        |
[2023-01-31 02:41:26,087] [builder.py:1277]           [INFO]     |                                                                                                    |
[2023-01-31 02:41:26,293] [tmdb.py:282]               [INFO]     | Processing TMDb Network: (3045) Discovery Channel (15 Shows)                                       |
[2023-01-31 02:41:26,293] [builder.py:1282]           [DEBUG]    |                                                                                                    |
[2023-01-31 02:41:26,293] [builder.py:1283]           [DEBUG]    | 15 IDs Found: [(215614, 'tmdb_show'), (88437, 'tmdb_show'), (94514, 'tmdb_show'), (99881, 'tmdb_show'), (114423, 'tmdb_show'), (215617, 'tmdb_show'), (127534, 'tmdb_show'), (112355, 'tmdb_show'), (98593, 'tmdb_show'), (94766, 'tmdb_show'), (94030, 'tmdb_show'), (88789, 'tmdb_show'), (88481, 'tmdb_show'), (77188, 'tmdb_show'), (66770, 'tmdb_show')] |
[2023-01-31 02:41:26,294] [builder.py:1284]           [DEBUG]    |                                                                                                    |
[2023-01-31 02:41:26,393] [builder.py:1361]           [ERROR]    | Convert Error: No TVDb ID Found for TMDb ID: 94514                                                 |
[2023-01-31 02:41:26,490] [builder.py:1361]           [ERROR]    | Convert Error: No TVDb ID Found for TMDb ID: 99881                                                 |
[2023-01-31 02:41:26,590] [builder.py:1361]           [ERROR]    | Convert Error: No TVDb ID Found for TMDb ID: 114423                                                |
[2023-01-31 02:41:26,685] [builder.py:1361]           [ERROR]    | Convert Error: No TVDb ID Found for TMDb ID: 127534                                                |
[2023-01-31 02:41:26,792] [builder.py:1361]           [ERROR]    | Convert Error: No TVDb ID Found for TMDb ID: 112355                                                |
[2023-01-31 02:41:26,896] [builder.py:1361]           [ERROR]    | Convert Error: No TVDb ID Found for TMDb ID: 98593                                                 |
[2023-01-31 02:41:26,996] [builder.py:1361]           [ERROR]    | Convert Error: No TVDb ID Found for TMDb ID: 94766                                                 |
[2023-01-31 02:41:27,094] [builder.py:1361]           [ERROR]    | Convert Error: No TVDb ID Found for TMDb ID: 88789                                                 |
[2023-01-31 02:41:27,195] [builder.py:1361]           [ERROR]    | Convert Error: No TVDb ID Found for TMDb ID: 88481                                                 |
[2023-01-31 02:41:27,298] [builder.py:1361]           [ERROR]    | Convert Error: No TVDb ID Found for TMDb ID: 77188                                                 |
[2023-01-31 02:41:27,299] [builder.py:1275]           [DEBUG]    |                                                                                                    |
[2023-01-31 02:41:27,299] [builder.py:1276]           [DEBUG]    | Builder: tmdb_network: 3591                                                                        |
[2023-01-31 02:41:27,299] [builder.py:1277]           [INFO]     |                                                                                                    |
[2023-01-31 02:41:27,502] [tmdb.py:282]               [INFO]     | Processing TMDb Network: (3591) Discovery Science (3 Shows)                                        |
[2023-01-31 02:41:27,503] [builder.py:1282]           [DEBUG]    |                                                                                                    |
[2023-01-31 02:41:27,503] [builder.py:1283]           [DEBUG]    | 3 IDs Found: [(118101, 'tmdb_show'), (57488, 'tmdb_show'), (46784, 'tmdb_show')]                   |
[2023-01-31 02:41:27,503] [builder.py:1284]           [DEBUG]    |                                                                                                    |
[2023-01-31 02:41:27,604] [builder.py:1361]           [ERROR]    | Convert Error: No TVDb ID Found for TMDb ID: 57488                                                 |
[2023-01-31 02:41:27,734] [builder.py:1361]           [ERROR]    | Convert Error: No TVDb ID Found for TMDb ID: 46784                                                 |
[2023-01-31 02:41:27,735] [builder.py:1275]           [DEBUG]    |                                                                                                    |
[2023-01-31 02:41:27,735] [builder.py:1276]           [DEBUG]    | Builder: tmdb_network: 3900                                                                        |
[2023-01-31 02:41:27,735] [builder.py:1277]           [INFO]     |                                                                                                    |
[2023-01-31 02:41:27,960] [tmdb.py:282]               [INFO]     | Processing TMDb Network: (3900) Discovery (14 Shows)                                               |
[2023-01-31 02:41:27,960] [builder.py:1282]           [DEBUG]    |                                                                                                    |
[2023-01-31 02:41:27,960] [builder.py:1283]           [DEBUG]    | 14 IDs Found: [(103972, 'tmdb_show'), (123995, 'tmdb_show'), (139529, 'tmdb_show'), (156505, 'tmdb_show'), (208472, 'tmdb_show'), (104541, 'tmdb_show'), (111538, 'tmdb_show'), (216696, 'tmdb_show'), (157495, 'tmdb_show'), (157494, 'tmdb_show'), (155251, 'tmdb_show'), (139207, 'tmdb_show'), (117036, 'tmdb_show'), (104725, 'tmdb_show')] |
[2023-01-31 02:41:27,961] [builder.py:1284]           [DEBUG]    |                                                                                                    |
[2023-01-31 02:41:28,060] [builder.py:1361]           [ERROR]    | Convert Error: No TVDb ID Found for TMDb ID: 123995                                                |
[2023-01-31 02:41:28,195] [builder.py:1361]           [ERROR]    | Convert Error: No TVDb ID Found for TMDb ID: 156505                                                |
[2023-01-31 02:41:28,301] [builder.py:1361]           [ERROR]    | Convert Error: No TVDb ID Found for TMDb ID: 208472                                                |
[2023-01-31 02:41:28,403] [builder.py:1361]           [ERROR]    | Convert Error: No TVDb ID Found for TMDb ID: 157495                                                |
[2023-01-31 02:41:28,510] [builder.py:1361]           [ERROR]    | Convert Error: No TVDb ID Found for TMDb ID: 157494                                                |
[2023-01-31 02:41:28,611] [builder.py:1361]           [ERROR]    | Convert Error: No TVDb ID Found for TMDb ID: 155251                                                |
[2023-01-31 02:41:28,726] [builder.py:1361]           [ERROR]    | Convert Error: No TVDb ID Found for TMDb ID: 139207                                                |
[2023-01-31 02:41:28,836] [builder.py:1361]           [ERROR]    | Convert Error: No TVDb ID Found for TMDb ID: 117036                                                |
[2023-01-31 02:41:28,837] [builder.py:1275]           [DEBUG]    |                                                                                                    |
[2023-01-31 02:41:28,838] [builder.py:1276]           [DEBUG]    | Builder: tmdb_network: 3953                                                                        |
[2023-01-31 02:41:28,838] [builder.py:1277]           [INFO]     |                                                                                                    |
[2023-01-31 02:41:29,046] [tmdb.py:282]               [INFO]     | Processing TMDb Network: (3953) Discovery (11 Shows)                                               |
[2023-01-31 02:41:29,047] [builder.py:1282]           [DEBUG]    |                                                                                                    |
[2023-01-31 02:41:29,047] [builder.py:1283]           [DEBUG]    | 11 IDs Found: [(119854, 'tmdb_show'), (120479, 'tmdb_show'), (122463, 'tmdb_show'), (119072, 'tmdb_show'), (124395, 'tmdb_show'), (216251, 'tmdb_show'), (103588, 'tmdb_show'), (209279, 'tmdb_show'), (209229, 'tmdb_show'), (121043, 'tmdb_show'), (107482, 'tmdb_show')] |
[2023-01-31 02:41:29,047] [builder.py:1284]           [DEBUG]    |                                                                                                    |
[2023-01-31 02:41:29,151] [builder.py:1361]           [ERROR]    | Convert Error: No TVDb ID Found for TMDb ID: 209229                                                |
[2023-01-31 02:41:29,152] [builder.py:1275]           [DEBUG]    |                                                                                                    |
[2023-01-31 02:41:29,152] [builder.py:1276]           [DEBUG]    | Builder: tmdb_network: 4440                                                                        |
[2023-01-31 02:41:29,153] [builder.py:1277]           [INFO]     |                                                                                                    |
[2023-01-31 02:41:29,537] [tmdb.py:282]               [INFO]     | Processing TMDb Network: (4440) Discovery+ (55 Shows)                                              |
[2023-01-31 02:41:29,538] [builder.py:1282]           [DEBUG]    |                                                                                                    |
[2023-01-31 02:41:29,538] [builder.py:1283]           [DEBUG]    | 55 IDs Found: [(110170, 'tmdb_show'), (36463, 'tmdb_show'), (94323, 'tmdb_show'), (196000, 'tmdb_show'), (118141, 'tmdb_show'), (102667, 'tmdb_show'), (157791, 'tmdb_show'), (152266, 'tmdb_show'), (135171, 'tmdb_show'), (132621, 'tmdb_show'), (104345, 'tmdb_show'), (98961, 'tmdb_show'), (122229, 'tmdb_show'), (104347, 'tmdb_show'), (116657, 'tmdb_show'), (138360, 'tmdb_show'), (109314, 'tmdb_show'), (130832, 'tmdb_show'), (103567, 'tmdb_show'), (116716, 'tmdb_show'), (208417, 'tmdb_show'), (146105, 'tmdb_show'), (121446, 'tmdb_show'), (100456, 'tmdb_show'), (213280, 'tmdb_show'), (207791, 'tmdb_show'), (201321, 'tmdb_show'), (197000, 'tmdb_show'), (135221, 'tmdb_show'), (127677, 'tmdb_show'), (208745, 'tmdb_show'), (104343, 'tmdb_show'), (208362, 'tmdb_show'), (207294, 'tmdb_show'), (203219, 'tmdb_show'), (201731, 'tmdb_show'), (201176, 'tmdb_show'), (197985, 'tmdb_show'), (197091, 'tmdb_show'), (154368, 'tmdb_show'), (139504, 'tmdb_show'), (137143, 'tmdb_show'), (135073, 'tmdb_show'), (132733, 'tmdb_show'), (127683, 'tmdb_show'), (127221, 'tmdb_show'), (126498, 'tmdb_show'), (126246, 'tmdb_show'), (124878, 'tmdb_show'), (123884, 'tmdb_show'), (123792, 'tmdb_show'), (120560, 'tmdb_show'), (119189, 'tmdb_show'), (118436, 'tmdb_show'), (104492, 'tmdb_show')] |
[2023-01-31 02:41:29,538] [builder.py:1284]           [DEBUG]    |                                                                                                    |
[2023-01-31 02:41:29,642] [builder.py:1361]           [ERROR]    | Convert Error: No TVDb ID Found for TMDb ID: 94323                                                 |
[2023-01-31 02:41:29,747] [builder.py:1361]           [ERROR]    | Convert Error: No TVDb ID Found for TMDb ID: 157791                                                |
[2023-01-31 02:41:29,853] [builder.py:1361]           [ERROR]    | Convert Error: No TVDb ID Found for TMDb ID: 152266                                                |
[2023-01-31 02:41:29,946] [builder.py:1361]           [ERROR]    | Convert Error: No TVDb ID Found for TMDb ID: 135171                                                |
[2023-01-31 02:41:30,058] [builder.py:1361]           [ERROR]    | Convert Error: No TVDb ID Found for TMDb ID: 132621                                                |
[2023-01-31 02:41:30,165] [builder.py:1361]           [ERROR]    | Convert Error: No TVDb ID Found for TMDb ID: 98961                                                 |
[2023-01-31 02:41:30,289] [builder.py:1361]           [ERROR]    | Convert Error: No TVDb ID Found for TMDb ID: 122229                                                |
[2023-01-31 02:41:30,391] [builder.py:1361]           [ERROR]    | Convert Error: No TVDb ID Found for TMDb ID: 138360                                                |
[2023-01-31 02:41:30,492] [builder.py:1361]           [ERROR]    | Convert Error: No TVDb ID Found for TMDb ID: 130832                                                |
[2023-01-31 02:41:30,589] [builder.py:1361]           [ERROR]    | Convert Error: No TVDb ID Found for TMDb ID: 103567                                                |
[2023-01-31 02:41:30,699] [builder.py:1361]           [ERROR]    | Convert Error: No TVDb ID Found for TMDb ID: 116716                                                |
[2023-01-31 02:41:30,808] [builder.py:1361]           [ERROR]    | Convert Error: No TVDb ID Found for TMDb ID: 208417                                                |
[2023-01-31 02:41:30,911] [builder.py:1361]           [ERROR]    | Convert Error: No TVDb ID Found for TMDb ID: 146105                                                |
[2023-01-31 02:41:31,033] [builder.py:1361]           [ERROR]    | Convert Error: No TVDb ID Found for TMDb ID: 121446                                                |
[2023-01-31 02:41:31,143] [builder.py:1361]           [ERROR]    | Convert Error: No TVDb ID Found for TMDb ID: 100456                                                |
[2023-01-31 02:41:31,270] [builder.py:1361]           [ERROR]    | Convert Error: No TVDb ID Found for TMDb ID: 201321                                                |
[2023-01-31 02:41:31,378] [builder.py:1361]           [ERROR]    | Convert Error: No TVDb ID Found for TMDb ID: 197000                                                |
[2023-01-31 02:41:31,475] [builder.py:1361]           [ERROR]    | Convert Error: No TVDb ID Found for TMDb ID: 135221                                                |
[2023-01-31 02:41:31,613] [builder.py:1361]           [ERROR]    | Convert Error: No TVDb ID Found for TMDb ID: 127677                                                |
[2023-01-31 02:41:31,715] [builder.py:1361]           [ERROR]    | Convert Error: No TVDb ID Found for TMDb ID: 104343                                                |
[2023-01-31 02:41:31,813] [builder.py:1361]           [ERROR]    | Convert Error: No TVDb ID Found for TMDb ID: 208362                                                |
[2023-01-31 02:41:31,938] [builder.py:1361]           [ERROR]    | Convert Error: No TVDb ID Found for TMDb ID: 207294                                                |
[2023-01-31 02:41:32,036] [builder.py:1361]           [ERROR]    | Convert Error: No TVDb ID Found for TMDb ID: 203219                                                |
[2023-01-31 02:41:32,161] [builder.py:1361]           [ERROR]    | Convert Error: No TVDb ID Found for TMDb ID: 201731                                                |
[2023-01-31 02:41:32,258] [builder.py:1361]           [ERROR]    | Convert Error: No TVDb ID Found for TMDb ID: 201176                                                |
[2023-01-31 02:41:32,363] [builder.py:1361]           [ERROR]    | Convert Error: No TVDb ID Found for TMDb ID: 197091                                                |
[2023-01-31 02:41:32,471] [builder.py:1361]           [ERROR]    | Convert Error: No TVDb ID Found for TMDb ID: 154368                                                |
[2023-01-31 02:41:32,579] [builder.py:1361]           [ERROR]    | Convert Error: No TVDb ID Found for TMDb ID: 139504                                                |
[2023-01-31 02:41:32,674] [builder.py:1361]           [ERROR]    | Convert Error: No TVDb ID Found for TMDb ID: 137143                                                |
[2023-01-31 02:41:32,788] [builder.py:1361]           [ERROR]    | Convert Error: No TVDb ID Found for TMDb ID: 135073                                                |
[2023-01-31 02:41:32,888] [builder.py:1361]           [ERROR]    | Convert Error: No TVDb ID Found for TMDb ID: 132733                                                |
[2023-01-31 02:41:32,989] [builder.py:1361]           [ERROR]    | Convert Error: No TVDb ID Found for TMDb ID: 127683                                                |
[2023-01-31 02:41:33,097] [builder.py:1361]           [ERROR]    | Convert Error: No TVDb ID Found for TMDb ID: 127221                                                |
[2023-01-31 02:41:33,199] [builder.py:1361]           [ERROR]    | Convert Error: No TVDb ID Found for TMDb ID: 126498                                                |
[2023-01-31 02:41:33,307] [builder.py:1361]           [ERROR]    | Convert Error: No TVDb ID Found for TMDb ID: 124878                                                |
[2023-01-31 02:41:33,412] [builder.py:1361]           [ERROR]    | Convert Error: No TVDb ID Found for TMDb ID: 123884                                                |
[2023-01-31 02:41:33,511] [builder.py:1361]           [ERROR]    | Convert Error: No TVDb ID Found for TMDb ID: 123792                                                |
[2023-01-31 02:41:33,618] [builder.py:1361]           [ERROR]    | Convert Error: No TVDb ID Found for TMDb ID: 120560                                                |
[2023-01-31 02:41:33,720] [builder.py:1361]           [ERROR]    | Convert Error: No TVDb ID Found for TMDb ID: 119189                                                |
[2023-01-31 02:41:33,819] [builder.py:1361]           [ERROR]    | Convert Error: No TVDb ID Found for TMDb ID: 118436                                                |
[2023-01-31 02:41:33,920] [builder.py:1361]           [ERROR]    | Convert Error: No TVDb ID Found for TMDb ID: 104492                                                |
[2023-01-31 02:41:33,921] [builder.py:1275]           [DEBUG]    |                                                                                                    |
[2023-01-31 02:41:33,921] [builder.py:1276]           [DEBUG]    | Builder: tmdb_network: 4462                                                                        |
[2023-01-31 02:41:33,921] [builder.py:1277]           [INFO]     |                                                                                                    |
[2023-01-31 02:41:34,212] [tmdb.py:282]               [INFO]     | Processing TMDb Network: (4462) Discovery+ (24 Shows)                                              |
[2023-01-31 02:41:34,212] [builder.py:1282]           [DEBUG]    |                                                                                                    |
[2023-01-31 02:41:34,213] [builder.py:1283]           [DEBUG]    | 24 IDs Found: [(87362, 'tmdb_show'), (77473, 'tmdb_show'), (110170, 'tmdb_show'), (212239, 'tmdb_show'), (153248, 'tmdb_show'), (60529, 'tmdb_show'), (133574, 'tmdb_show'), (122428, 'tmdb_show'), (194675, 'tmdb_show'), (153855, 'tmdb_show'), (210802, 'tmdb_show'), (118631, 'tmdb_show'), (157352, 'tmdb_show'), (128526, 'tmdb_show'), (27165, 'tmdb_show'), (117128, 'tmdb_show'), (119593, 'tmdb_show'), (136113, 'tmdb_show'), (196246, 'tmdb_show'), (74333, 'tmdb_show'), (128173, 'tmdb_show'), (137351, 'tmdb_show'), (119929, 'tmdb_show'), (136109, 'tmdb_show')] |
[2023-01-31 02:41:34,213] [builder.py:1284]           [DEBUG]    |                                                                                                    |
[2023-01-31 02:41:34,315] [builder.py:1361]           [ERROR]    | Convert Error: No TVDb ID Found for TMDb ID: 133574                                                |
[2023-01-31 02:41:34,417] [builder.py:1361]           [ERROR]    | Convert Error: No TVDb ID Found for TMDb ID: 136113                                                |
[2023-01-31 02:41:34,515] [builder.py:1361]           [ERROR]    | Convert Error: No TVDb ID Found for TMDb ID: 74333                                                 |
[2023-01-31 02:41:34,613] [builder.py:1361]           [ERROR]    | Convert Error: No TVDb ID Found for TMDb ID: 137351                                                |
[2023-01-31 02:41:34,718] [builder.py:1361]           [ERROR]    | Convert Error: No TVDb ID Found for TMDb ID: 119929                                                |
[2023-01-31 02:41:34,815] [builder.py:1361]           [ERROR]    | Convert Error: No TVDb ID Found for TMDb ID: 136109                                                |
[2023-01-31 02:41:34,816] [builder.py:1275]           [DEBUG]    |                                                                                                    |
[2023-01-31 02:41:34,816] [builder.py:1276]           [DEBUG]    | Builder: tmdb_network: 4741                                                                        |
[2023-01-31 02:41:34,816] [builder.py:1277]           [INFO]     |                                                                                                    |
[2023-01-31 02:41:35,021] [tmdb.py:282]               [INFO]     | Processing TMDb Network: (4741) Discovery+ (20 Shows)                                              |
[2023-01-31 02:41:35,022] [builder.py:1282]           [DEBUG]    |                                                                                                    |
[2023-01-31 02:41:35,022] [builder.py:1283]           [DEBUG]    | 20 IDs Found: [(118421, 'tmdb_show'), (125353, 'tmdb_show'), (96229, 'tmdb_show'), (127841, 'tmdb_show'), (211031, 'tmdb_show'), (196090, 'tmdb_show'), (155538, 'tmdb_show'), (210671, 'tmdb_show'), (138127, 'tmdb_show'), (203838, 'tmdb_show'), (205995, 'tmdb_show'), (130269, 'tmdb_show'), (91617, 'tmdb_show'), (154650, 'tmdb_show'), (124383, 'tmdb_show'), (138645, 'tmdb_show'), (127623, 'tmdb_show'), (197871, 'tmdb_show'), (194543, 'tmdb_show'), (219478, 'tmdb_show')] |
[2023-01-31 02:41:35,023] [builder.py:1284]           [DEBUG]    |                                                                                                    |
[2023-01-31 02:41:35,125] [builder.py:1361]           [ERROR]    | Convert Error: No TVDb ID Found for TMDb ID: 211031                                                |
[2023-01-31 02:41:35,227] [builder.py:1361]           [ERROR]    | Convert Error: No TVDb ID Found for TMDb ID: 196090                                                |
[2023-01-31 02:41:35,325] [builder.py:1361]           [ERROR]    | Convert Error: No TVDb ID Found for TMDb ID: 155538                                                |
[2023-01-31 02:41:35,421] [builder.py:1361]           [ERROR]    | Convert Error: No TVDb ID Found for TMDb ID: 210671                                                |
[2023-01-31 02:41:35,522] [builder.py:1361]           [ERROR]    | Convert Error: No TVDb ID Found for TMDb ID: 138127                                                |
[2023-01-31 02:41:35,620] [builder.py:1361]           [ERROR]    | Convert Error: No TVDb ID Found for TMDb ID: 203838                                                |
[2023-01-31 02:41:35,712] [builder.py:1361]           [ERROR]    | Convert Error: No TVDb ID Found for TMDb ID: 205995                                                |
[2023-01-31 02:41:35,812] [builder.py:1361]           [ERROR]    | Convert Error: No TVDb ID Found for TMDb ID: 130269                                                |
[2023-01-31 02:41:35,906] [builder.py:1361]           [ERROR]    | Convert Error: No TVDb ID Found for TMDb ID: 154650                                                |
[2023-01-31 02:41:36,008] [builder.py:1361]           [ERROR]    | Convert Error: No TVDb ID Found for TMDb ID: 197871                                                |
[2023-01-31 02:41:36,133] [builder.py:1361]           [ERROR]    | Convert Error: No TVDb ID Found for TMDb ID: 194543                                                |
[2023-01-31 02:41:36,236] [builder.py:1361]           [ERROR]    | Convert Error: No TVDb ID Found for TMDb ID: 219478                                                |
[2023-01-31 02:41:36,236] [plex_meta_manager.py:797]  [INFO]     |                                                                                                    |
[2023-01-31 02:41:36,237] [plex_meta_manager.py:798]  [INFO]     | Collection Minimum: 1 not met for Discovery Collection                                             |
[2023-01-31 02:41:36,237] [builder.py:1969]           [INFO]     |                                                                                                    |
[2023-01-31 02:41:36,237] [util.py:216]               [INFO]     |============================== Missing Shows from Library: Discovery ===============================|
[2023-01-31 02:41:36,237] [builder.py:1971]           [INFO]     |                                                                                                    |
[2023-01-31 02:41:36,592] [builder.py:1982]           [INFO]     | Discovery Collection | ? | Dr. G: Medical Examiner (TVDB: 250448)                                  |
[2023-01-31 02:41:36,770] [builder.py:1982]           [INFO]     | Discovery Collection | ? | Deliver Me: Home Edition (TVDB: 157751)                                 |
[2023-01-31 02:41:36,972] [builder.py:1982]           [INFO]     | Discovery Collection | ? | Impact: Stories of Survival (TVDB: 74424)                               |
[2023-01-31 02:41:37,127] [builder.py:1982]           [INFO]     | Discovery Collection | ? | Strictly Sex with Dr. Drew (TVDB: 84605)                                |
[2023-01-31 02:41:37,463] [builder.py:1982]           [INFO]     | Discovery Collection | ? | Jon & Kate Plus 8 (TVDB: 80450)                                         |
[2023-01-31 02:41:37,778] [builder.py:1982]           [INFO]     | Discovery Collection | ? | Mystery Diagnosis (TVDB: 236691)                                        |
[2023-01-31 02:41:37,944] [builder.py:1982]           [INFO]     | Discovery Collection | ? | I'm Pregnant And... (TVDB: 171991)                                      |
[2023-01-31 02:41:38,089] [builder.py:1982]           [INFO]     | Discovery Collection | ? | Body In Numbers (TVDB: 171891)                                          |
[2023-01-31 02:41:38,546] [builder.py:1982]           [INFO]     | Discovery Collection | ? | Wild Kratts (TVDB: 216851)                                              |
[2023-01-31 02:41:38,756] [builder.py:1982]           [INFO]     | Discovery Collection | ? | Tutenstein (TVDB: 73039)                                                |
[2023-01-31 02:41:39,012] [builder.py:1982]           [INFO]     | Discovery Collection | ? | Hi-5 (US) (TVDB: 84248)                                                 |
[2023-01-31 02:41:39,235] [builder.py:1982]           [INFO]     | Discovery Collection | ? | The Future is Wild (2007) (TVDB: 248881)                                |
[2023-01-31 02:41:39,482] [builder.py:1982]           [INFO]     | Discovery Collection | ? | Popular Mechanics for Kids (TVDB: 76291)                                |
[2023-01-31 02:41:39,665] [builder.py:1982]           [INFO]     | Discovery Collection | ? | Growing Up Creepie (TVDB: 92341)                                        |
[2023-01-31 02:41:39,932] [builder.py:1982]           [INFO]     | Discovery Collection | ? | Flight 29 Down (TVDB: 75829)                                            |
[2023-01-31 02:41:40,144] [builder.py:1982]           [INFO]     | Discovery Collection | ? | Big Top Academy (TVDB: 354288)                                          |
[2023-01-31 02:41:40,337] [builder.py:1982]           [INFO]     | Discovery Collection | ? | Bindi, the Jungle Girl (TVDB: 80218)                                    |
[2023-01-31 02:41:40,574] [builder.py:1982]           [INFO]     | Discovery Collection | ? | Kenny the Shark (TVDB: 73316)                                           |
[2023-01-31 02:41:40,787] [builder.py:1982]           [INFO]     | Discovery Collection | ? | Real Kids, Real Adventures (TVDB: 76492)                                |
[2023-01-31 02:41:41,092] [builder.py:1982]           [INFO]     | Discovery Collection | ? | Endurance (TVDB: 71264)                                                 |
[2023-01-31 02:41:41,304] [builder.py:1982]           [INFO]     | Discovery Collection | ? | Toddworld (TVDB: 75337)                                                 |
[2023-01-31 02:41:41,480] [builder.py:1982]           [INFO]     | Discovery Collection | ? | Bigfoot Presents: Meteor and the Mighty Monster Trucks (TVDB: 136201)   |
[2023-01-31 02:41:41,734] [builder.py:1982]           [INFO]     | Discovery Collection | ? | Mystery Hunters (TVDB: 71537)                                           |
[2023-01-31 02:41:41,958] [builder.py:1982]           [INFO]     | Discovery Collection | ? | Time Warp Trio (TVDB: 264277)                                           |
[2023-01-31 02:41:42,147] [builder.py:1982]           [INFO]     | Discovery Collection | ? | Truth or Scare (TVDB: 71391)                                            |
[2023-01-31 02:41:42,392] [builder.py:1982]           [INFO]     | Discovery Collection | ? | Trading Spaces: Boys vs. Girls (TVDB: 72568)                            |
[2023-01-31 02:41:42,622] [builder.py:1982]           [INFO]     | Discovery Collection | ? | Screech Owls (TVDB: 251902)                                             |
[2023-01-31 02:41:43,211] [builder.py:1982]           [INFO]     | Discovery Collection | ? | MythBusters (TVDB: 73388)                                               |
[2023-01-31 02:41:43,812] [builder.py:1982]           [INFO]     | Discovery Collection | ? | Gold Rush (TVDB: 208111)                                                |
[2023-01-31 02:41:44,243] [builder.py:1982]           [INFO]     | Discovery Collection | ? | Naked and Afraid (TVDB: 270693)                                         |
[2023-01-31 02:41:44,551] [builder.py:1982]           [INFO]     | Discovery Collection | ? | Aussie Gold Hunters (TVDB: 315976)                                      |
[2023-01-31 02:41:44,990] [builder.py:1982]           [INFO]     | Discovery Collection | ? | Bering Sea Gold (TVDB: 254203)                                          |
[2023-01-31 02:41:45,858] [builder.py:1982]           [INFO]     | Discovery Collection | ? | Nature (TVDB: 81157)                                                    |
[2023-01-31 02:41:46,170] [builder.py:1982]           [INFO]     | Discovery Collection | ? | Manhunt (TVDB: 326288)                                                  |
[2023-01-31 02:41:46,629] [builder.py:1982]           [INFO]     | Discovery Collection | ? | Man vs. Wild (TVDB: 79545)                                              |
[2023-01-31 02:41:47,380] [builder.py:1982]           [INFO]     | Discovery Collection | ? | Dirty Jobs (TVDB: 78904)                                                |
[2023-01-31 02:41:47,953] [builder.py:1982]           [INFO]     | Discovery Collection | ? | How the Universe Works (TVDB: 159651)                                   |
[2023-01-31 02:41:48,580] [builder.py:1982]           [INFO]     | Discovery Collection | ? | Deadliest Catch (TVDB: 78957)                                           |
[2023-01-31 02:41:49,103] [builder.py:1982]           [INFO]     | Discovery Collection | ? | Street Outlaws (TVDB: 270202)                                           |
[2023-01-31 02:41:49,553] [builder.py:1982]           [INFO]     | Discovery Collection | ? | Moonshiners (TVDB: 253695)                                              |
[2023-01-31 02:41:49,991] [builder.py:1982]           [INFO]     | Discovery Collection | ? | A Haunting (TVDB: 79535)                                                |
[2023-01-31 02:41:50,501] [builder.py:1982]           [INFO]     | Discovery Collection | ? | Fast N' Loud (TVDB: 259393)                                             |
[2023-01-31 02:41:50,848] [builder.py:1982]           [INFO]     | Discovery Collection | ? | BattleBots (2015) (TVDB: 294206)                                        |
[2023-01-31 02:41:51,150] [builder.py:1982]           [INFO]     | Discovery Collection | ? | Gold Rush: White Water (TVDB: 339227)                                   |
[2023-01-31 02:41:51,422] [builder.py:1982]           [INFO]     | Discovery Collection | ? | Harley and the Davidsons (TVDB: 312865)                                 |
[2023-01-31 02:41:51,892] [builder.py:1982]           [INFO]     | Discovery Collection | ? | American Chopper (TVDB: 73104)                                          |
[2023-01-31 02:41:52,070] [builder.py:1982]           [INFO]     | Discovery Collection | ? | Sewer Divers (TVDB: 428781)                                             |
[2023-01-31 02:41:52,433] [builder.py:1982]           [INFO]     | Discovery Collection | ? | Overhaulin' (TVDB: 74618)                                               |
[2023-01-31 02:41:52,826] [builder.py:1982]           [INFO]     | Discovery Collection | ? | Alaska: The Last Frontier (TVDB: 254738)                                |
[2023-01-31 02:41:53,291] [builder.py:1982]           [INFO]     | Discovery Collection | ? | Alaskan Bush People (TVDB: 281414)                                      |
[2023-01-31 02:41:53,736] [builder.py:1982]           [INFO]     | Discovery Collection | ? | How Do They Do It? (TVDB: 80038)                                        |
[2023-01-31 02:41:53,931] [builder.py:1982]           [INFO]     | Discovery Collection | ? | Finding Escobar's Millions (TVDB: 336738)                               |
[2023-01-31 02:41:54,325] [builder.py:1982]           [INFO]     | Discovery Collection | ? | Expedition Unknown (TVDB: 280316)                                       |
[2023-01-31 02:41:54,565] [builder.py:1982]           [INFO]     | Discovery Collection | ? | Curiosity (TVDB: 250572)                                                |
[2023-01-31 02:41:55,214] [builder.py:1982]           [INFO]     | Discovery Collection | ? | Shark Week (TVDB: 125051)                                               |
[2023-01-31 02:41:55,396] [builder.py:1982]           [INFO]     | Discovery Collection | ? | Gold, Lies & Videotape (TVDB: 429019)                                   |
[2023-01-31 02:41:55,818] [builder.py:1982]           [INFO]     | Discovery Collection | ? | Salvage Hunters (TVDB: 256816)                                          |
[2023-01-31 02:41:56,035] [builder.py:1982]           [INFO]     | Discovery Collection | ? | Undercover Billionaire (TVDB: 366322)                                   |
[2023-01-31 02:41:56,394] [builder.py:1982]           [INFO]     | Discovery Collection | ? | Dual Survival (TVDB: 166991)                                            |
[2023-01-31 02:41:56,662] [builder.py:1982]           [INFO]     | Discovery Collection | ? | Moonshiners: Master Distiller (TVDB: 378065)                            |
[2023-01-31 02:41:56,887] [builder.py:1982]           [INFO]     | Discovery Collection | ? | Klondike (2014) (TVDB: 274129)                                          |
[2023-01-31 02:41:57,151] [builder.py:1982]           [INFO]     | Discovery Collection | ? | Into the Universe with Stephen Hawking (TVDB: 159461)                   |
[2023-01-31 02:41:57,471] [builder.py:1982]           [INFO]     | Discovery Collection | ? | Gold Rush: The Dirt (TVDB: 308178)                                      |
[2023-01-31 02:41:57,771] [builder.py:1982]           [INFO]     | Discovery Collection | ? | The FBI Files (TVDB: 104781)                                            |
[2023-01-31 02:41:58,027] [builder.py:1982]           [INFO]     | Discovery Collection | ? | Expedition X (TVDB: 375704)                                             |
[2023-01-31 02:41:58,360] [builder.py:1982]           [INFO]     | Discovery Collection | ? | American Hot Rod (TVDB: 80389)                                          |
[2023-01-31 02:41:58,572] [builder.py:1982]           [INFO]     | Discovery Collection | ? | Guardians of the Glades (TVDB: 364812)                                  |
[2023-01-31 02:41:58,816] [builder.py:1982]           [INFO]     | Discovery Collection | ? | Everest Beyond the Limit (TVDB: 79693)                                  |
[2023-01-31 02:41:59,138] [builder.py:1982]           [INFO]     | Discovery Collection | ? | Homestead Rescue (TVDB: 312961)                                         |
[2023-01-31 02:41:59,317] [builder.py:1982]           [INFO]     | Discovery Collection | ? | Cal Fire (TVDB: 392552)                                                 |
[2023-01-31 02:41:59,691] [builder.py:1982]           [INFO]     | Discovery Collection | ? | I Shouldn't Be Alive (TVDB: 80983)                                      |
[2023-01-31 02:41:59,972] [builder.py:1982]           [INFO]     | Discovery Collection | ? | Inside West Coast Customs (TVDB: 247965)                                |
[2023-01-31 02:42:00,334] [builder.py:1982]           [INFO]     | Discovery Collection | ? | The New Detectives (TVDB: 83283)                                        |
[2023-01-31 02:42:00,635] [builder.py:1982]           [INFO]     | Discovery Collection | ? | Gold Rush: Parker's Trail (TVDB: 379221)                                |
[2023-01-31 02:42:00,986] [builder.py:1982]           [INFO]     | Discovery Collection | ? | American Chopper: Senior vs Junior (TVDB: 181321)                       |
[2023-01-31 02:42:01,252] [builder.py:1982]           [INFO]     | Discovery Collection | ? | After the Catch (TVDB: 82391)                                           |
[2023-01-31 02:42:01,515] [builder.py:1982]           [INFO]     | Discovery Collection | ? | Auction Kings (TVDB: 201771)                                            |
[2023-01-31 02:42:01,881] [builder.py:1982]           [INFO]     | Discovery Collection | ? | Gold Rush: Dave Turin's Lost Mine (TVDB: 360432)                        |
[2023-01-31 02:42:02,246] [builder.py:1982]           [INFO]     | Discovery Collection | ? | Survivorman (TVDB: 79203)                                               |
[2023-01-31 02:42:02,514] [builder.py:1982]           [INFO]     | Discovery Collection | ? | The Last Alaskans (TVDB: 295784)                                        |
[2023-01-31 02:42:02,729] [builder.py:1982]           [INFO]     | Discovery Collection | ? | Garage Rehab (TVDB: 333566)                                             |
[2023-01-31 02:42:03,003] [builder.py:1982]           [INFO]     | Discovery Collection | ? | Street Outlaws: Memphis (TVDB: 340321)                                  |
[2023-01-31 02:42:03,291] [builder.py:1982]           [INFO]     | Discovery Collection | ? | Diesel Brothers (TVDB: 304932)                                          |
[2023-01-31 02:42:03,864] [builder.py:1982]           [INFO]     | Discovery Collection | ? | Chasing Classic Cars (TVDB: 172181)                                     |
[2023-01-31 02:42:04,131] [builder.py:1982]           [INFO]     | Discovery Collection | ? | Man, Woman, Wild (TVDB: 176011)                                         |
[2023-01-31 02:42:04,379] [builder.py:1982]           [INFO]     | Discovery Collection | ? | Deadliest Catch: Bloodline (TVDB: 378919)                               |
[2023-01-31 02:42:04,604] [builder.py:1982]           [INFO]     | Discovery Collection | ? | Cooper's Treasure (TVDB: 326692)                                        |
[2023-01-31 02:42:04,789] [builder.py:1982]           [INFO]     | Discovery Collection | ? | Bad Chad Customs (TVDB: 357146)                                         |
[2023-01-31 02:42:05,125] [builder.py:1982]           [INFO]     | Discovery Collection | ? | Monster House (TVDB: 72838)                                             |
[2023-01-31 02:42:05,334] [builder.py:1982]           [INFO]     | Discovery Collection | ? | Mystery at Blind Frog Ranch (TVDB: 393865)                              |
[2023-01-31 02:42:05,555] [builder.py:1982]           [INFO]     | Discovery Collection | ? | Amish Mafia (TVDB: 264416)                                              |
[2023-01-31 02:42:05,770] [builder.py:1982]           [INFO]     | Discovery Collection | ? | When We Left Earth: The NASA Missions (TVDB: 82232)                     |
[2023-01-31 02:42:06,035] [builder.py:1982]           [INFO]     | Discovery Collection | ? | It's Christopher Lowell (TVDB: 77555)                                   |
[2023-01-31 02:42:06,322] [builder.py:1982]           [INFO]     | Discovery Collection | ? | Sons of Guns (TVDB: 209361)                                             |
[2023-01-31 02:42:06,538] [builder.py:1982]           [INFO]     | Discovery Collection | ? | Street Outlaws: America's List (TVDB: 400572)                           |
[2023-01-31 02:42:06,782] [builder.py:1982]           [INFO]     | Discovery Collection | ? | The Amazing Race (Latin America) (TVDB: 263212)                         |
[2023-01-31 02:42:06,983] [builder.py:1982]           [INFO]     | Discovery Collection | ? | Getaway Driver (TVDB: 406306)                                           |
[2023-01-31 02:42:07,261] [builder.py:1982]           [INFO]     | Discovery Collection | ? | Yukon Men (TVDB: 261445)                                                |
[2023-01-31 02:42:07,458] [builder.py:1982]           [INFO]     | Discovery Collection | ? | American Guns (TVDB: 252571)                                            |
[2023-01-31 02:42:07,662] [builder.py:1982]           [INFO]     | Discovery Collection | ? | Tickle (TVDB: 271994)                                                   |
[2023-01-31 02:42:08,132] [builder.py:1982]           [INFO]     | Discovery Collection | ? | Cash Cab (US) (TVDB: 338879)                                            |
[2023-01-31 02:42:08,430] [builder.py:1982]           [INFO]     | Discovery Collection | ? | Extreme Engineering (TVDB: 72702)                                       |
[2023-01-31 02:42:08,689] [builder.py:1982]           [INFO]     | Discovery Collection | ? | Mysteries of the Deep (TVDB: 377790)                                    |
[2023-01-31 02:42:08,902] [builder.py:1982]           [INFO]     | Discovery Collection | ? | Treasure Quest: Snake Island (TVDB: 297539)                             |
[2023-01-31 02:42:09,160] [builder.py:1982]           [INFO]     | Discovery Collection | ? | Secrets In The Ice (TVDB: 383398)                                       |
[2023-01-31 02:42:09,502] [builder.py:1982]           [INFO]     | Discovery Collection | ? | Monster Garage (TVDB: 73080)                                            |
[2023-01-31 02:42:09,764] [builder.py:1982]           [INFO]     | Discovery Collection | ? | Too Cute (TVDB: 257804)                                                 |
[2023-01-31 02:42:09,957] [builder.py:1982]           [INFO]     | Discovery Collection | ? | Deadliest Catch: Dungeon Cove (TVDB: 315156)                            |
[2023-01-31 02:42:10,163] [builder.py:1982]           [INFO]     | Discovery Collection | ? | Gold Rush: Winter's Fortune (TVDB: 405899)                              |
[2023-01-31 02:42:10,373] [builder.py:1982]           [INFO]     | Discovery Collection | ? | Stephen Hawking's Grand Design (TVDB: 259980)                           |
[2023-01-31 02:42:10,607] [builder.py:1982]           [INFO]     | Discovery Collection | ? | Street Outlaws: Fastest in America (TVDB: 375134)                       |
[2023-01-31 02:42:10,817] [builder.py:1982]           [INFO]     | Discovery Collection | ? | The Adventures of A.R.K. (TVDB: 76105)                                  |
[2023-01-31 02:42:11,011] [builder.py:1982]           [INFO]     | Discovery Collection | ? | Some Assembly Required (TVDB: 82957)                                    |
[2023-01-31 02:42:11,207] [builder.py:1982]           [INFO]     | Discovery Collection | ? | Louisiana Law (TVDB: 402488)                                            |
[2023-01-31 02:42:11,365] [builder.py:1982]           [INFO]     | Discovery Collection | ? | Discovery 2057 (TVDB: 79816)                                            |
[2023-01-31 02:42:11,591] [builder.py:1982]           [INFO]     | Discovery Collection | ? | Airplane Repo (TVDB: 220661)                                            |
[2023-01-31 02:42:11,785] [builder.py:1982]           [INFO]     | Discovery Collection | ? | The Colony (TVDB: 105521)                                               |
[2023-01-31 02:42:12,000] [builder.py:1982]           [INFO]     | Discovery Collection | ? | Flying Wild Alaska (TVDB: 214531)                                       |
[2023-01-31 02:42:12,176] [builder.py:1982]           [INFO]     | Discovery Collection | ? | Dinosaur Planet (TVDB: 80528)                                           |
[2023-01-31 02:42:12,366] [builder.py:1982]           [INFO]     | Discovery Collection | ? | Race to Mars (TVDB: 80638)                                              |
[2023-01-31 02:42:12,559] [builder.py:1982]           [INFO]     | Discovery Collection | ? | Mummies Unwrapped (TVDB: 362153)                                        |
[2023-01-31 02:42:12,731] [builder.py:1982]           [INFO]     | Discovery Collection | ? | American Treasures (TVDB: 232941)                                       |
[2023-01-31 02:42:12,921] [builder.py:1982]           [INFO]     | Discovery Collection | ? | American Casino (TVDB: 274530)                                          |
[2023-01-31 02:42:13,112] [builder.py:1982]           [INFO]     | Discovery Collection | ? | Deadliest Catch: The Viking Returns (TVDB: 423865)                      |
[2023-01-31 02:42:13,288] [builder.py:1982]           [INFO]     | Discovery Collection | ? | Contact (2019) (TVDB: 367525)                                           |
[2023-01-31 02:42:13,527] [builder.py:1982]           [INFO]     | Discovery Collection | ? | Surviving the Cut (TVDB: 181331)                                        |
[2023-01-31 02:42:13,702] [builder.py:1982]           [INFO]     | Discovery Collection | ? | Austin Stevens - Snakemaster (TVDB: 81027)                              |
[2023-01-31 02:42:13,909] [builder.py:1982]           [INFO]     | Discovery Collection | ? | Discovery Atlas (TVDB: 82854)                                           |
[2023-01-31 02:42:13,958] [builder.py:1977]           [ERROR]    | TVDb Error: Could not find a TVDb Series using TVDb Series ID: 80058                               |
[2023-01-31 02:42:14,232] [builder.py:1982]           [INFO]     | Discovery Collection | ? | Deadliest Catch: The Bait (TVDB: 308215)                                |
[2023-01-31 02:42:14,468] [builder.py:1982]           [INFO]     | Discovery Collection | ? | Killing Fields (TVDB: 304951)                                           |
[2023-01-31 02:42:14,669] [builder.py:1982]           [INFO]     | Discovery Collection | ? | Crimes That Shook the World (TVDB: 80997)                               |
[2023-01-31 02:42:14,898] [builder.py:1982]           [INFO]     | Discovery Collection | ? | Wings (1995) (TVDB: 249907)                                             |
[2023-01-31 02:42:15,126] [builder.py:1982]           [INFO]     | Discovery Collection | ? | Mighty Planes (TVDB: 256986)                                            |
[2023-01-31 02:42:15,305] [builder.py:1982]           [INFO]     | Discovery Collection | ? | Walking the Amazon (TVDB: 229761)                                       |
[2023-01-31 02:42:15,498] [builder.py:1982]           [INFO]     | Discovery Collection | ? | Tesla's Death Ray: A Murder Declassified (TVDB: 339627)                 |
[2023-01-31 02:42:15,704] [builder.py:1982]           [INFO]     | Discovery Collection | ? | Shifting Gears With Aaron Kaufman (TVDB: 341390)                        |
[2023-01-31 02:42:15,887] [builder.py:1982]           [INFO]     | Discovery Collection | ? | Amazing Earth (TVDB: 246091)                                            |
[2023-01-31 02:42:16,058] [builder.py:1982]           [INFO]     | Discovery Collection | ? | One Man Army (TVDB: 249975)                                             |
[2023-01-31 02:42:16,273] [builder.py:1982]           [INFO]     | Discovery Collection | ? | Into the Unknown with Josh Bernstein (TVDB: 85212)                      |
[2023-01-31 02:42:16,503] [builder.py:1982]           [INFO]     | Discovery Collection | ? | Operação Policial - Nova Geração (TVDB: 376481)                         |
[2023-01-31 02:42:16,702] [builder.py:1982]           [INFO]     | Discovery Collection | ? | Dino Hunters (TVDB: 383841)                                             |
[2023-01-31 02:42:16,943] [builder.py:1982]           [INFO]     | Discovery Collection | ? | Factory Made (TVDB: 185791)                                             |
[2023-01-31 02:42:17,118] [builder.py:1982]           [INFO]     | Discovery Collection | ? | Expedition Borneo (TVDB: 80545)                                         |
[2023-01-31 02:42:17,375] [builder.py:1982]           [INFO]     | Discovery Collection | ? | Josh Gates Tonight (TVDB: 392198)                                       |
[2023-01-31 02:42:17,558] [builder.py:1982]           [INFO]     | Discovery Collection | ? | Bushcraft Build-Off (TVDB: 337616)                                      |
[2023-01-31 02:42:17,794] [builder.py:1982]           [INFO]     | Discovery Collection | ? | Industrial Revelations (TVDB: 81880)                                    |
[2023-01-31 02:42:17,973] [builder.py:1982]           [INFO]     | Discovery Collection | ? | Outlaw Empires (TVDB: 258455)                                           |
[2023-01-31 02:42:18,193] [builder.py:1982]           [INFO]     | Discovery Collection | ? | Aircrash Confidential (TVDB: 228251)                                    |
[2023-01-31 02:42:18,402] [builder.py:1982]           [INFO]     | Discovery Collection | ? | Animal X (TVDB: 76125)                                                  |
[2023-01-31 02:42:18,581] [builder.py:1982]           [INFO]     | Discovery Collection | ? | Mars Rising (TVDB: 80699)                                               |
[2023-01-31 02:42:18,808] [builder.py:1982]           [INFO]     | Discovery Collection | ? | Swords: Life on the Line (TVDB: 109531)                                 |
[2023-01-31 02:42:19,010] [builder.py:1982]           [INFO]     | Discovery Collection | ? | Futurescape (TVDB: 274861)                                              |
[2023-01-31 02:42:19,193] [builder.py:1982]           [INFO]     | Discovery Collection | ? | Wildest Islands (TVDB: 271481)                                          |
[2023-01-31 02:42:19,391] [builder.py:1982]           [INFO]     | Discovery Collection | ? | First in Human: The Trials of Building 10 (TVDB: 327804)                |
[2023-01-31 02:42:19,599] [builder.py:1982]           [INFO]     | Discovery Collection | ? | The Demon Files (TVDB: 302087)                                          |
[2023-01-31 02:42:19,832] [builder.py:1982]           [INFO]     | Discovery Collection | ? | The RVers (TVDB: 370776)                                                |
[2023-01-31 02:42:20,042] [builder.py:1982]           [INFO]     | Discovery Collection | ? | Moon Machines (TVDB: 105721)                                            |
[2023-01-31 02:42:20,229] [builder.py:1982]           [INFO]     | Discovery Collection | ? | Growing Belushi (TVDB: 387007)                                          |
[2023-01-31 02:42:20,411] [builder.py:1982]           [INFO]     | Discovery Collection | ? | Supercar Superbuild (TVDB: 288237)                                      |
[2023-01-31 02:42:20,605] [builder.py:1982]           [INFO]     | Discovery Collection | ? | Deadliest Catch: On Deck (TVDB: 281343)                                 |
[2023-01-31 02:42:20,803] [builder.py:1982]           [INFO]     | Discovery Collection | ? | North America (TVDB: 269494)                                            |
[2023-01-31 02:42:21,056] [builder.py:1982]           [INFO]     | Discovery Collection | ? | Biker Build-Off (TVDB: 83137)                                           |
[2023-01-31 02:42:21,223] [builder.py:1982]           [INFO]     | Discovery Collection | ? | X-Ray Mega Airport (TVDB: 296127)                                       |
[2023-01-31 02:42:21,415] [builder.py:1982]           [INFO]     | Discovery Collection | ? | Journeys to the Ends of the Earth (TVDB: 80998)                         |
[2023-01-31 02:42:21,655] [builder.py:1982]           [INFO]     | Discovery Collection | ? | Storm Chasers (TVDB: 83498)                                             |
[2023-01-31 02:42:21,870] [builder.py:1982]           [INFO]     | Discovery Collection | ? | It Takes a Thief (2005) (TVDB: 75857)                                   |
[2023-01-31 02:42:22,044] [builder.py:1982]           [INFO]     | Discovery Collection | ? | Clash of the Dinosaurs (TVDB: 128551)                                   |
[2023-01-31 02:42:22,212] [builder.py:1982]           [INFO]     | Discovery Collection | ? | Pushing the Line (TVDB: 404370)                                         |
[2023-01-31 02:42:22,448] [builder.py:1982]           [INFO]     | Discovery Collection | ? | Savage Builds (TVDB: 363058)                                            |
[2023-01-31 02:42:22,641] [builder.py:1982]           [INFO]     | Discovery Collection | ? | The Devils Ride (TVDB: 258549)                                          |
[2023-01-31 02:42:22,855] [builder.py:1982]           [INFO]     | Discovery Collection | ? | Great Planes (2008) (TVDB: 84973)                                       |
[2023-01-31 02:42:23,029] [builder.py:1982]           [INFO]     | Discovery Collection | ? | Shark Academy (2021) (TVDB: 405796)                                     |
[2023-01-31 02:42:23,196] [builder.py:1982]           [INFO]     | Discovery Collection | ? | Blue Collar Backers (TVDB: 315867)                                      |
[2023-01-31 02:42:23,368] [builder.py:1982]           [INFO]     | Discovery Collection | ? | Test Drive (TVDB: 292597)                                               |
[2023-01-31 02:42:23,537] [builder.py:1982]           [INFO]     | Discovery Collection | ? | Siberian Cut (TVDB: 282188)                                             |
[2023-01-31 02:42:23,721] [builder.py:1982]           [INFO]     | Discovery Collection | ? | Penn & Teller Tell a Lie (TVDB: 251756)                                 |
[2023-01-31 02:42:23,910] [builder.py:1982]           [INFO]     | Discovery Collection | ? | Terry Jones' Ancient Inventions (TVDB: 72110)                           |
[2023-01-31 02:42:24,164] [builder.py:1982]           [INFO]     | Discovery Collection | ? | Hoffman Family Gold (TVDB: 410486)                                      |
[2023-01-31 02:42:24,343] [builder.py:1982]           [INFO]     | Discovery Collection | ? | Race Night at Bowman Gray (TVDB: 354621)                                |
[2023-01-31 02:42:24,549] [builder.py:1982]           [INFO]     | Discovery Collection | ? | Destroyed in Seconds (TVDB: 84921)                                      |
[2023-01-31 02:42:24,723] [builder.py:1982]           [INFO]     | Discovery Collection | ? | Dodgeball Thunderdome (TVDB: 386682)                                    |
[2023-01-31 02:42:24,898] [builder.py:1982]           [INFO]     | Discovery Collection | ? | Man vs. Bear (TVDB: 372901)                                             |
[2023-01-31 02:42:25,076] [builder.py:1982]           [INFO]     | Discovery Collection | ? | Uncovering Aliens (TVDB: 276337)                                        |
[2023-01-31 02:42:25,248] [builder.py:1982]           [INFO]     | Discovery Collection | ? | Darkness (TVDB: 332152)                                                 |
[2023-01-31 02:42:25,423] [builder.py:1982]           [INFO]     | Discovery Collection | ? | Evil Talks: Chilling Confessions (TVDB: 339962)                         |
[2023-01-31 02:42:25,599] [builder.py:1982]           [INFO]     | Discovery Collection | ? | The Wheel (TVDB: 321810)                                                |
[2023-01-31 02:42:25,782] [builder.py:1982]           [INFO]     | Discovery Collection | ? | Sacred Steel Bikes (TVDB: 316627)                                       |
[2023-01-31 02:42:25,989] [builder.py:1982]           [INFO]     | Discovery Collection | ? | Venom Hunters (TVDB: 307187)                                            |
[2023-01-31 02:42:26,179] [builder.py:1982]           [INFO]     | Discovery Collection | ? | Final Offer (TVDB: 259431)                                              |
[2023-01-31 02:42:26,391] [builder.py:1982]           [INFO]     | Discovery Collection | ? | Cuban Chrome (TVDB: 297511)                                             |
[2023-01-31 02:42:26,561] [builder.py:1982]           [INFO]     | Discovery Collection | ? | Beasts of the Bayou (TVDB: 283728)                                      |
[2023-01-31 02:42:26,760] [builder.py:1982]           [INFO]     | Discovery Collection | ? | How Booze Built America (TVDB: 262466)                                  |
[2023-01-31 02:42:26,919] [builder.py:1982]           [INFO]     | Discovery Collection | ? | U.S. Marshals: Operation Falcon (TVDB: 155491)                          |
[2023-01-31 02:42:27,149] [builder.py:1982]           [INFO]     | Discovery Collection | ? | Chop Shop London Garage (TVDB: 83755)                                   |
[2023-01-31 02:42:27,324] [builder.py:1982]           [INFO]     | Discovery Collection | ? | Science of the Movies (TVDB: 119021)                                    |
[2023-01-31 02:42:27,493] [builder.py:1982]           [INFO]     | Discovery Collection | ? | The Battle For Rome (TVDB: 251331)                                      |
[2023-01-31 02:42:27,544] [builder.py:1977]           [ERROR]    | TVDb Error: Could not find a TVDb Series using TVDb Series ID: 84943                               |
[2023-01-31 02:42:27,718] [builder.py:1982]           [INFO]     | Discovery Collection | ? | Road Trip USA (TVDB: 139121)                                            |
[2023-01-31 02:42:27,917] [builder.py:1982]           [INFO]     | Discovery Collection | ? | Why We Hate (TVDB: 370277)                                              |
[2023-01-31 02:42:28,111] [builder.py:1982]           [INFO]     | Discovery Collection | ? | Swamp Loggers (TVDB: 101671)                                            |
[2023-01-31 02:42:28,273] [builder.py:1982]           [INFO]     | Discovery Collection | ? | Weapon Masters (TVDB: 81258)                                            |
[2023-01-31 02:42:28,462] [builder.py:1982]           [INFO]     | Discovery Collection | ? | Raging Planet (TVDB: 145461)                                            |
[2023-01-31 02:42:28,635] [builder.py:1982]           [INFO]     | Discovery Collection | ? | Gold Rush: The Dirt: The Hoffman Story (TVDB: 414300)                   |
[2023-01-31 02:42:28,806] [builder.py:1982]           [INFO]     | Discovery Collection | ? | Rome: Power & Glory (TVDB: 81623)                                       |
[2023-01-31 02:42:28,977] [builder.py:1982]           [INFO]     | Discovery Collection | ? | Desert Car Kings (TVDB: 214841)                                         |
[2023-01-31 02:42:29,201] [builder.py:1982]           [INFO]     | Discovery Collection | ? | A 4x4 Is Born (TVDB: 79958)                                             |
[2023-01-31 02:42:29,376] [builder.py:1982]           [INFO]     | Discovery Collection | ? | Ultimate 10 (TVDB: 342064)                                              |
[2023-01-31 02:42:29,574] [builder.py:1982]           [INFO]     | Discovery Collection | ? | Tunnels (TVDB: 403912)                                                  |
[2023-01-31 02:42:29,744] [builder.py:1982]           [INFO]     | Discovery Collection | ? | American Tarzan (TVDB: 313280)                                          |
[2023-01-31 02:42:29,918] [builder.py:1982]           [INFO]     | Discovery Collection | ? | Legends of the Wild (TVDB: 379492)                                      |
[2023-01-31 02:42:30,076] [builder.py:1982]           [INFO]     | Discovery Collection | ? | A Dog's Life (TVDB: 102321)                                             |
[2023-01-31 02:42:30,269] [builder.py:1982]           [INFO]     | Discovery Collection | ? | Brew Masters (TVDB: 203331)                                             |
[2023-01-31 02:42:30,447] [builder.py:1982]           [INFO]     | Discovery Collection | ? | Aerial Spain (TVDB: 299764)                                             |
[2023-01-31 02:42:30,635] [builder.py:1982]           [INFO]     | Discovery Collection | ? | True Horror (TVDB: 75352)                                               |
[2023-01-31 02:42:30,810] [builder.py:1982]           [INFO]     | Discovery Collection | ? | American Muscle (TVDB: 283211)                                          |
[2023-01-31 02:42:31,048] [builder.py:1982]           [INFO]     | Discovery Collection | ? | Future Weapons (TVDB: 80037)                                            |
[2023-01-31 02:42:31,239] [builder.py:1982]           [INFO]     | Discovery Collection | ? | Sci-Fi Saved My Life (TVDB: 80992)                                      |
[2023-01-31 02:42:31,449] [builder.py:1982]           [INFO]     | Discovery Collection | ? | Dude, You're Screwed (TVDB: 275788)                                     |
[2023-01-31 02:42:31,500] [builder.py:1977]           [ERROR]    | TVDb Error: Could not find a TVDb Series using TVDb Series ID: 300663                              |
[2023-01-31 02:42:31,670] [builder.py:1982]           [INFO]     | Discovery Collection | ? | The Garage (TVDB: 85039)                                                |
[2023-01-31 02:42:31,846] [builder.py:1982]           [INFO]     | Discovery Collection | ? | Tales from the Explorers Club (TVDB: 423602)                            |
[2023-01-31 02:42:32,027] [builder.py:1982]           [INFO]     | Discovery Collection | ? | Still Alive (TVDB: 316809)                                              |
[2023-01-31 02:42:32,184] [builder.py:1982]           [INFO]     | Discovery Collection | ? | Perfect Disaster (TVDB: 79315)                                          |
[2023-01-31 02:42:32,352] [builder.py:1982]           [INFO]     | Discovery Collection | ? | How The West Was Lost (TVDB: 155761)                                    |
[2023-01-31 02:42:32,522] [builder.py:1982]           [INFO]     | Discovery Collection | ? | Human Body: Pushing the Limits (TVDB: 81454)                            |
[2023-01-31 02:42:32,726] [builder.py:1982]           [INFO]     | Discovery Collection | ? | American Loggers (TVDB: 85317)                                          |
[2023-01-31 02:42:32,938] [builder.py:1982]           [INFO]     | Discovery Collection | ? | Pitchmen (TVDB: 90001)                                                  |
[2023-01-31 02:42:33,141] [builder.py:1982]           [INFO]     | Discovery Collection | ? | Time Warp (TVDB: 82682)                                                 |
[2023-01-31 02:42:33,311] [builder.py:1982]           [INFO]     | Discovery Collection | ? | The Great Egyptians (TVDB: 82248)                                       |
[2023-01-31 02:42:33,492] [builder.py:1982]           [INFO]     | Discovery Collection | ? | Ghost Lab (TVDB: 117651)                                                |
[2023-01-31 02:42:33,660] [builder.py:1982]           [INFO]     | Discovery Collection | ? | Undercover Billionaire: Comeback City (TVDB: 394713)                    |
[2023-01-31 02:42:33,835] [builder.py:1982]           [INFO]     | Discovery Collection | ? | Fearless Planet (TVDB: 81181)                                           |
[2023-01-31 02:42:34,023] [builder.py:1982]           [INFO]     | Discovery Collection | ? | BattleBots Resurrection (TVDB: 354732)                                  |
[2023-01-31 02:42:34,222] [builder.py:1982]           [INFO]     | Discovery Collection | ? | Homestead Rescue: Raney Ranch (TVDB: 389651)                            |
[2023-01-31 02:42:34,410] [builder.py:1982]           [INFO]     | Discovery Collection | ? | Unchained Reaction (TVDB: 256404)                                       |
[2023-01-31 02:42:34,559] [builder.py:1982]           [INFO]     | Discovery Collection | ? | Koppel on Discovery (TVDB: 222631)                                      |
[2023-01-31 02:42:34,728] [builder.py:1982]           [INFO]     | Discovery Collection | ? | Outback Lockdown (TVDB: 385649)                                         |
[2023-01-31 02:42:34,940] [builder.py:1982]           [INFO]     | Discovery Collection | ? | Fat N' Furious: Rolling Thunder (TVDB: 283073)                          |
[2023-01-31 02:42:35,104] [builder.py:1982]           [INFO]     | Discovery Collection | ? | The Impossible Row (TVDB: 397009)                                       |
[2023-01-31 02:42:35,269] [builder.py:1982]           [INFO]     | Discovery Collection | ? | Where Do We Go From Here? (TVDB: 383799)                                |
[2023-01-31 02:42:35,475] [builder.py:1982]           [INFO]     | Discovery Collection | ? | Ultimate Car Build Off (TVDB: 171391)                                   |
[2023-01-31 02:42:35,646] [builder.py:1982]           [INFO]     | Discovery Collection | ? | Dirty Jobs: Rowe'd Trip (TVDB: 384563)                                  |
[2023-01-31 02:42:35,810] [builder.py:1982]           [INFO]     | Discovery Collection | ? | Masters of Survival (TVDB: 221591)                                      |
[2023-01-31 02:42:35,975] [builder.py:1982]           [INFO]     | Discovery Collection | ? | Exodus Earth (TVDB: 101421)                                             |
[2023-01-31 02:42:36,138] [builder.py:1982]           [INFO]     | Discovery Collection | ? | Cash Cab Chicago (TVDB: 257787)                                         |
[2023-01-31 02:42:36,314] [builder.py:1982]           [INFO]     | Discovery Collection | ? | Beverly Hills Vet (TVDB: 73206)                                         |
[2023-01-31 02:42:36,485] [builder.py:1982]           [INFO]     | Discovery Collection | ? | The Detonators (TVDB: 84879)                                            |
[2023-01-31 02:42:36,675] [builder.py:1982]           [INFO]     | Discovery Collection | ? | Masters of Disaster (TVDB: 362032)                                      |
[2023-01-31 02:42:36,857] [builder.py:1982]           [INFO]     | Discovery Collection | ? | Game of Stones (TVDB: 278339)                                           |
[2023-01-31 02:42:37,036] [builder.py:1982]           [INFO]     | Discovery Collection | ? | Naked and Afraid: Alone (TVDB: 374884)                                  |
[2023-01-31 02:42:37,208] [builder.py:1982]           [INFO]     | Discovery Collection | ? | This Came Out of Me (TVDB: 414172)                                      |
[2023-01-31 02:42:37,382] [builder.py:1982]           [INFO]     | Discovery Collection | ? | Ultimate Ninja Challenge (TVDB: 351080)                                 |
[2023-01-31 02:42:37,562] [builder.py:1982]           [INFO]     | Discovery Collection | ? | Naked and Afraid: Savage (TVDB: 348358)                                 |
[2023-01-31 02:42:37,729] [builder.py:1982]           [INFO]     | Discovery Collection | ? | Head Games (TVDB: 259377)                                               |
[2023-01-31 02:42:37,945] [builder.py:1982]           [INFO]     | Discovery Collection | ? | Street Outlaws: Mega Cash Days (TVDB: 395062)                           |
[2023-01-31 02:42:38,123] [builder.py:1982]           [INFO]     | Discovery Collection | ? | All on the Line (2020) (TVDB: 382503)                                   |
[2023-01-31 02:42:38,306] [builder.py:1982]           [INFO]     | Discovery Collection | ? | Egypt Uncovered (TVDB: 81989)                                           |
[2023-01-31 02:42:38,473] [builder.py:1982]           [INFO]     | Discovery Collection | ? | Rob Riggle: Global Investigator (TVDB: 377207)                          |
[2023-01-31 02:42:38,642] [builder.py:1982]           [INFO]     | Discovery Collection | ? | River of No Return (TVDB: 370271)                                       |
[2023-01-31 02:42:38,812] [builder.py:1982]           [INFO]     | Discovery Collection | ? | Gear Dogs (TVDB: 334021)                                                |
[2023-01-31 02:42:39,012] [builder.py:1982]           [INFO]     | Discovery Collection | ? | Street Justice: The Bronx (TVDB: 335196)                                |
[2023-01-31 02:42:39,204] [builder.py:1982]           [INFO]     | Discovery Collection | ? | Arctic Rescue (TVDB: 294117)                                            |
[2023-01-31 02:42:39,364] [builder.py:1982]           [INFO]     | Discovery Collection | ? | Dark Woods Justice (TVDB: 312217)                                       |
[2023-01-31 02:42:39,537] [builder.py:1982]           [INFO]     | Discovery Collection | ? | Classic British Aircraft (TVDB: 183431)                                 |
[2023-01-31 02:42:39,707] [builder.py:1982]           [INFO]     | Discovery Collection | ? | What the Ancients Knew (TVDB: 92631)                                    |
[2023-01-31 02:42:39,929] [builder.py:1982]           [INFO]     | Discovery Collection | ? | Before We Ruled The Earth (TVDB: 82239)                                 |
[2023-01-31 02:42:40,112] [builder.py:1982]           [INFO]     | Discovery Collection | ? | Construction Intervention (TVDB: 274031)                                |
[2023-01-31 02:42:40,316] [builder.py:1982]           [INFO]     | Discovery Collection | ? | Rise of the Video Game (TVDB: 80877)                                    |
[2023-01-31 02:42:40,531] [builder.py:1982]           [INFO]     | Discovery Collection | ? | Fight Quest (TVDB: 81359)                                               |
[2023-01-31 02:42:40,822] [builder.py:1982]           [INFO]     | Discovery Collection | ? | Build it Bigger (TVDB: 80355)                                           |
[2023-01-31 02:42:41,026] [builder.py:1982]           [INFO]     | Discovery Collection | ? | Corwin's Quest (TVDB: 139571)                                           |
[2023-01-31 02:42:41,215] [builder.py:1982]           [INFO]     | Discovery Collection | ? | Really Big Things (TVDB: 80597)                                         |
[2023-01-31 02:42:41,379] [builder.py:1982]           [INFO]     | Discovery Collection | ? | Rogue Nature (TVDB: 123031)                                             |
[2023-01-31 02:42:41,563] [builder.py:1982]           [INFO]     | Discovery Collection | ? | Al Murray's Road to Berlin (TVDB: 82105)                                |
[2023-01-31 02:42:41,800] [builder.py:1982]           [INFO]     | Discovery Collection | ? | Doing DaVinci (TVDB: 90731)                                             |
[2023-01-31 02:42:41,967] [builder.py:1982]           [INFO]     | Discovery Collection | ? | Sons of Winter (TVDB: 295071)                                           |
[2023-01-31 02:42:42,137] [builder.py:1982]           [INFO]     | Discovery Collection | ? | Bullet Points (TVDB: 276677)                                            |
[2023-01-31 02:42:42,349] [builder.py:1982]           [INFO]     | Discovery Collection | ? | Solving History with Olly Steeds (TVDB: 135961)                         |
[2023-01-31 02:42:42,530] [builder.py:1982]           [INFO]     | Discovery Collection | ? | Great Bear Stakeout (TVDB: 269108)                                      |
[2023-01-31 02:42:42,816] [builder.py:1982]           [INFO]     | Discovery Collection | ? | Verminators (TVDB: 101801)                                              |
[2023-01-31 02:42:43,101] [builder.py:1982]           [INFO]     | Discovery Collection | ? | Fast N' Loud: Demolition Theater (TVDB: 287572)                         |
[2023-01-31 02:42:43,293] [builder.py:1982]           [INFO]     | Discovery Collection | ? | Wreckreation Nation (TVDB: 84603)                                       |
[2023-01-31 02:42:43,460] [builder.py:1982]           [INFO]     | Discovery Collection | ? | Mongrel Nation (TVDB: 159481)                                           |
[2023-01-31 02:42:43,640] [builder.py:1982]           [INFO]     | Discovery Collection | ? | Worst Case Scenario (TVDB: 161471)                                      |
[2023-01-31 02:42:43,838] [builder.py:1982]           [INFO]     | Discovery Collection | ? | Reclaimed (TVDB: 373949)                                                |
[2023-01-31 02:42:44,006] [builder.py:1982]           [INFO]     | Discovery Collection | ? | Last Day of the Dinosaurs (TVDB: 186161)                                |
[2023-01-31 02:42:44,185] [builder.py:1982]           [INFO]     | Discovery Collection | ? | Weed Wars (TVDB: 253718)                                                |
[2023-01-31 02:42:44,413] [builder.py:1982]           [INFO]     | Discovery Collection | ? | Dinosaur Revolution (TVDB: 251627)                                      |
[2023-01-31 02:42:44,669] [builder.py:1982]           [INFO]     | Discovery Collection | ? | Ray Mears' Extreme Survival (TVDB: 81261)                               |
[2023-01-31 02:42:44,845] [builder.py:1982]           [INFO]     | Discovery Collection | ? | Just Friends (TVDB: 424294)                                             |
[2023-01-31 02:42:45,020] [builder.py:1982]           [INFO]     | Discovery Collection | ? | Bee Czar (TVDB: 417453)                                                 |
[2023-01-31 02:42:45,200] [builder.py:1982]           [INFO]     | Discovery Collection | ? | Hard to Kill (TVDB: 350451)                                             |
[2023-01-31 02:42:45,422] [builder.py:1982]           [INFO]     | Discovery Collection | ? | Lone Target (TVDB: 276429)                                              |
[2023-01-31 02:42:45,606] [builder.py:1982]           [INFO]     | Discovery Collection | ? | Live To Farm (TVDB: 425831)                                             |
[2023-01-31 02:42:45,758] [builder.py:1982]           [INFO]     | Discovery Collection | ? | What You Can't See (TVDB: 252122)                                       |
[2023-01-31 02:42:45,915] [builder.py:1982]           [INFO]     | Discovery Collection | ? | The Big Question (TVDB: 109791)                                         |
[2023-01-31 02:42:46,113] [builder.py:1982]           [INFO]     | Discovery Collection | ? | Jungle Gold (TVDB: 263296)                                              |
[2023-01-31 02:42:46,305] [builder.py:1982]           [INFO]     | Discovery Collection | ? | Raising Wild (TVDB: 364305)                                             |
[2023-01-31 02:42:46,470] [builder.py:1982]           [INFO]     | Discovery Collection | ? | Taking Fire (TVDB: 316780)                                              |
[2023-01-31 02:42:46,685] [builder.py:1982]           [INFO]     | Discovery Collection | ? | Lobstermen (TVDB: 119191)                                               |
[2023-01-31 02:42:46,861] [builder.py:1982]           [INFO]     | Discovery Collection | ? | Bad Universe (TVDB: 184341)                                             |
[2023-01-31 02:42:47,036] [builder.py:1982]           [INFO]     | Discovery Collection | ? | Insectia (TVDB: 81771)                                                  |
[2023-01-31 02:42:47,208] [builder.py:1982]           [INFO]     | Discovery Collection | ? | Bounty Wars (TVDB: 260605)                                              |
[2023-01-31 02:42:47,440] [builder.py:1982]           [INFO]     | Discovery Collection | ? | Prototype This (TVDB: 83452)                                            |
[2023-01-31 02:42:47,652] [builder.py:1982]           [INFO]     | Discovery Collection | ? | Twin Turbos (TVDB: 342092)                                              |
[2023-01-31 02:42:47,839] [builder.py:1982]           [INFO]     | Discovery Collection | ? | Machines! (TVDB: 148701)                                                |
[2023-01-31 02:42:48,025] [builder.py:1982]           [INFO]     | Discovery Collection | ? | Ray Mears' Bushcraft (TVDB: 81209)                                      |
[2023-01-31 02:42:48,231] [builder.py:1982]           [INFO]     | Discovery Collection | ? | Expedition to the Edge (TVDB: 387080)                                   |
[2023-01-31 02:42:48,436] [builder.py:1982]           [INFO]     | Discovery Collection | ? | Black Sky (TVDB: 178751)                                                |
[2023-01-31 02:42:48,613] [builder.py:1982]           [INFO]     | Discovery Collection | ? | I Survived an Animal Attack (TVDB: 334160)                              |
[2023-01-31 02:42:48,803] [builder.py:1982]           [INFO]     | Discovery Collection | ? | Naked and Afraid: Foreign Exchange (TVDB: 384068)                       |
[2023-01-31 02:42:49,003] [builder.py:1982]           [INFO]     | Discovery Collection | ? | Green Paradise (TVDB: 261927)                                           |
[2023-01-31 02:42:49,196] [builder.py:1982]           [INFO]     | Discovery Collection | ? | The Prosecutors: In Pursuit Of Justice (TVDB: 287987)                   |
[2023-01-31 02:42:49,394] [builder.py:1982]           [INFO]     | Discovery Collection | ? | Sticker Shock (TVDB: 346836)                                            |
[2023-01-31 02:42:49,571] [builder.py:1982]           [INFO]     | Discovery Collection | ? | Shark Attack Files (TVDB: 407384)                                       |
[2023-01-31 02:42:49,747] [builder.py:1982]           [INFO]     | Discovery Collection | ? | Men, Women, Wild (TVDB: 302553)                                         |
[2023-01-31 02:42:49,950] [builder.py:1982]           [INFO]     | Discovery Collection | ? | Dirty Mudder Truckers (TVDB: 364685)                                    |
[2023-01-31 02:42:50,117] [builder.py:1982]           [INFO]     | Discovery Collection | ? | Invisible Killers (TVDB: 345830)                                        |
[2023-01-31 02:42:50,275] [builder.py:1982]           [INFO]     | Discovery Collection | ? | Deranged Killers (TVDB: 175981)                                         |
[2023-01-31 02:42:50,448] [builder.py:1982]           [INFO]     | Discovery Collection | ? | Everest Rescue (TVDB: 322368)                                           |
[2023-01-31 02:42:50,607] [builder.py:1982]           [INFO]     | Discovery Collection | ? | Deadliest Job Interview (TVDB: 306178)                                  |
[2023-01-31 02:42:50,815] [builder.py:1982]           [INFO]     | Discovery Collection | ? | Street Outlaws: New Orleans (TVDB: 305279)                              |
[2023-01-31 02:42:51,004] [builder.py:1982]           [INFO]     | Discovery Collection | ? | Dangerous Flights (TVDB: 259359)                                        |
[2023-01-31 02:42:51,234] [builder.py:1982]           [INFO]     | Discovery Collection | ? | One Car Too Far (TVDB: 261489)                                          |
[2023-01-31 02:42:51,408] [builder.py:1982]           [INFO]     | Discovery Collection | ? | World's Toughest Trucker (TVDB: 254968)                                 |
[2023-01-31 02:42:51,585] [builder.py:1982]           [INFO]     | Discovery Collection | ? | Wreck Chasers (TVDB: 202361)                                            |
[2023-01-31 02:42:51,783] [builder.py:1982]           [INFO]     | Discovery Collection | ? | An MG Is Born (TVDB: 79959)                                             |
[2023-01-31 02:42:52,021] [builder.py:1982]           [INFO]     | Discovery Collection | ? | South Beach Classics (TVDB: 243681)                                     |
[2023-01-31 02:42:52,182] [builder.py:1982]           [INFO]     | Discovery Collection | ? | Get Out Alive (TVDB: 208731)                                            |
[2023-01-31 02:42:52,347] [builder.py:1982]           [INFO]     | Discovery Collection | ? | Cops & Coyotes (TVDB: 254769)                                           |
[2023-01-31 02:42:52,511] [builder.py:1982]           [INFO]     | Discovery Collection | ? | Catchin' Air (TVDB: 223851)                                             |
[2023-01-31 02:42:52,673] [builder.py:1982]           [INFO]     | Discovery Collection | ? | Deadliest Catch: Bristol Bay Brawl (TVDB: 259742)                       |
[2023-01-31 02:42:52,845] [builder.py:1982]           [INFO]     | Discovery Collection | ? | Colossal Construction (TVDB: 149231)                                    |
[2023-01-31 02:42:52,999] [builder.py:1982]           [INFO]     | Discovery Collection | ? | Heartland Thunder (TVDB: 263412)                                        |
[2023-01-31 02:42:53,190] [builder.py:1982]           [INFO]     | Discovery Collection | ? | Mega Beasts (TVDB: 264001)                                              |
[2023-01-31 02:42:53,352] [builder.py:1982]           [INFO]     | Discovery Collection | ? | Flipped: A Mobster Tells All (TVDB: 335296)                             |
[2023-01-31 02:42:53,531] [builder.py:1982]           [INFO]     | Discovery Collection | ? | Howe And Howe Tech (TVDB: 133501)                                       |
[2023-01-31 02:42:53,734] [builder.py:1982]           [INFO]     | Discovery Collection | ? | Local Knowledge (TVDB: 317971)                                          |
[2023-01-31 02:42:53,898] [builder.py:1982]           [INFO]     | Discovery Collection | ? | Motor City Motors (TVDB: 130791)                                        |
[2023-01-31 02:42:54,077] [builder.py:1982]           [INFO]     | Discovery Collection | ? | Shimmy (TVDB: 178731)                                                   |
[2023-01-31 02:42:54,290] [builder.py:1982]           [INFO]     | Discovery Collection | ? | Future Car (TVDB: 80187)                                                |
[2023-01-31 02:42:54,477] [builder.py:1982]           [INFO]     | Discovery Collection | ? | How Stuff Works (TVDB: 83851)                                           |
[2023-01-31 02:42:54,678] [builder.py:1982]           [INFO]     | Discovery Collection | ? | Mega Engineering (TVDB: 220951)                                         |
[2023-01-31 02:42:54,847] [builder.py:1982]           [INFO]     | Discovery Collection | ? | Weaponizers (TVDB: 92451)                                               |
[2023-01-31 02:42:55,020] [builder.py:1982]           [INFO]     | Discovery Collection | ? | Beirut to Bosnia (TVDB: 81078)                                          |
[2023-01-31 02:42:55,228] [builder.py:1982]           [INFO]     | Discovery Collection | ? | Extreme Loggers (TVDB: 83881)                                           |
[2023-01-31 02:42:55,386] [builder.py:1982]           [INFO]     | Discovery Collection | ? | Last One Standing (TVDB: 80664)                                         |
[2023-01-31 02:42:55,548] [builder.py:1982]           [INFO]     | Discovery Collection | ? | Building the Future (TVDB: 80230)                                       |
[2023-01-31 02:42:55,698] [builder.py:1982]           [INFO]     | Discovery Collection | ? | Epicurious (TVDB: 94591)                                                |
[2023-01-31 02:42:55,955] [builder.py:1982]           [INFO]     | Discovery Collection | ? | Everything You Need to Know (TVDB: 82414)                               |
[2023-01-31 02:42:56,119] [builder.py:1982]           [INFO]     | Discovery Collection | ? | One Way Out (TVDB: 88941)                                               |
[2023-01-31 02:42:56,287] [builder.py:1982]           [INFO]     | Discovery Collection | ? | Unearthed (2015) (TVDB: 294888)                                         |
[2023-01-31 02:42:56,453] [builder.py:1982]           [INFO]     | Discovery Collection | ? | Auto Trader (TVDB: 91461)                                               |
[2023-01-31 02:42:56,624] [builder.py:1982]           [INFO]     | Discovery Collection | ? | Bone Detectives (TVDB: 232401)                                          |
[2023-01-31 02:42:56,814] [builder.py:1982]           [INFO]     | Discovery Collection | ? | Wrecks to Riches (TVDB: 129271)                                         |
[2023-01-31 02:42:56,984] [builder.py:1982]           [INFO]     | Discovery Collection | ? | Lobster Wars (TVDB: 80537)                                              |
[2023-01-31 02:42:57,162] [builder.py:1982]           [INFO]     | Discovery Collection | ? | Best Evidence (TVDB: 100691)                                            |
[2023-01-31 02:42:57,317] [builder.py:1982]           [INFO]     | Discovery Collection | ? | MegaScience (TVDB: 131161)                                              |
[2023-01-31 02:42:57,488] [builder.py:1982]           [INFO]     | Discovery Collection | ? | Ray Mears' Wild Food (TVDB: 80862)                                      |
[2023-01-31 02:42:57,663] [builder.py:1982]           [INFO]     | Discovery Collection | ? | Treasure Quest (TVDB: 84657)                                            |
[2023-01-31 02:42:57,844] [builder.py:1982]           [INFO]     | Discovery Collection | ? | Wild Discovery (TVDB: 125951)                                           |
[2023-01-31 02:42:58,061] [builder.py:1982]           [INFO]     | Discovery Collection | ? | Unsolved History (TVDB: 73482)                                          |
[2023-01-31 02:42:58,301] [builder.py:1982]           [INFO]     | Discovery Collection | ? | Lonely Planet Six Degrees (TVDB: 249357)                                |
[2023-01-31 02:42:58,489] [builder.py:1982]           [INFO]     | Discovery Collection | ? | Cool Stuff And How It Works (TVDB: 122401)                              |
[2023-01-31 02:42:58,659] [builder.py:1982]           [INFO]     | Discovery Collection | ? | Buggin' with Ruud (TVDB: 123461)                                        |
[2023-01-31 02:42:58,854] [builder.py:1982]           [INFO]     | Discovery Collection | ? | Out of the Wild (2008) (TVDB: 89991)                                    |
[2023-01-31 02:42:59,052] [builder.py:1982]           [INFO]     | Discovery Collection | ? | Smash Lab (TVDB: 81047)                                                 |
[2023-01-31 02:42:59,210] [builder.py:1982]           [INFO]     | Discovery Collection | ? | Iditarod: Toughest Race on Earth (TVDB: 83442)                          |
[2023-01-31 02:42:59,261] [builder.py:1977]           [ERROR]    | TVDb Error: Could not find a TVDb Series using TVDb Series ID: 159961                              |
[2023-01-31 02:43:00,350] [builder.py:1982]           [INFO]     | Discovery Collection | ? | Mayday (TVDB: 79771)                                                    |
[2023-01-31 02:43:00,624] [builder.py:1982]           [INFO]     | Discovery Collection | ? | Heavy Rescue: 401 (TVDB: 318268)                                        |
[2023-01-31 02:43:00,988] [builder.py:1982]           [INFO]     | Discovery Collection | ? | Frontier (2016) (TVDB: 316517)                                          |
[2023-01-31 02:43:02,006] [builder.py:1982]           [INFO]     | Discovery Collection | ? | How It's Made (TVDB: 79485)                                             |
[2023-01-31 02:43:02,360] [builder.py:1982]           [INFO]     | Discovery Collection | ? | Highway Thru Hell (TVDB: 262152)                                        |
[2023-01-31 02:43:02,605] [builder.py:1982]           [INFO]     | Discovery Collection | ? | The Sex Files (TVDB: 79080)                                             |
[2023-01-31 02:43:02,969] [builder.py:1982]           [INFO]     | Discovery Collection | ? | Canada's Worst Driver (TVDB: 83642)                                     |
[2023-01-31 02:43:03,318] [builder.py:1982]           [INFO]     | Discovery Collection | ? | Mighty Ships (TVDB: 153531)                                             |
[2023-01-31 02:43:03,580] [builder.py:1982]           [INFO]     | Discovery Collection | ? | Canada's Worst Handyman (TVDB: 83644)                                   |
[2023-01-31 02:43:03,864] [builder.py:1982]           [INFO]     | Discovery Collection | ? | Cash Cab (CA) (TVDB: 318726)                                            |
[2023-01-31 02:43:04,103] [builder.py:1982]           [INFO]     | Discovery Collection | ? | Mighty Trains (TVDB: 321766)                                            |
[2023-01-31 02:43:04,313] [builder.py:1982]           [INFO]     | Discovery Collection | ? | Daily Planet (TVDB: 83356)                                              |
[2023-01-31 02:43:04,572] [builder.py:1982]           [INFO]     | Discovery Collection | ? | Mega Builders (TVDB: 80993)                                             |
[2023-01-31 02:43:04,787] [builder.py:1982]           [INFO]     | Discovery Collection | ? | F2: Forensic Factor (TVDB: 157251)                                      |
[2023-01-31 02:43:05,019] [builder.py:1982]           [INFO]     | Discovery Collection | ? | Mighty Cruise Ships (TVDB: 288313)                                      |
[2023-01-31 02:43:05,231] [builder.py:1982]           [INFO]     | Discovery Collection | ? | Strip the City (TVDB: 266258)                                           |
[2023-01-31 02:43:05,412] [builder.py:1982]           [INFO]     | Discovery Collection | ? | Miracle Planet (TVDB: 79100)                                            |
[2023-01-31 02:43:05,675] [builder.py:1982]           [INFO]     | Discovery Collection | ? | Jade Fever (TVDB: 307494)                                               |
[2023-01-31 02:43:05,880] [builder.py:1982]           [INFO]     | Discovery Collection | ? | Licence to Drill (TVDB: 250622)                                         |
[2023-01-31 02:43:06,065] [builder.py:1982]           [INFO]     | Discovery Collection | ? | Jetstream (TVDB: 102421)                                                |
[2023-01-31 02:43:06,295] [builder.py:1982]           [INFO]     | Discovery Collection | ? | Mud Mountain Haulers (TVDB: 395251)                                     |
[2023-01-31 02:43:06,502] [builder.py:1982]           [INFO]     | Discovery Collection | ? | The World's Strangest UFO Stories (TVDB: 250083)                        |
[2023-01-31 02:43:06,723] [builder.py:1982]           [INFO]     | Discovery Collection | ? | Guinea Pig (TVDB: 85591)                                                |
[2023-01-31 02:43:06,930] [builder.py:1982]           [INFO]     | Discovery Collection | ? | Ultimate Survival: Everest (TVDB: 84343)                                |
[2023-01-31 02:43:07,173] [builder.py:1982]           [INFO]     | Discovery Collection | ? | Chasing Monsters (TVDB: 299587)                                         |
[2023-01-31 02:43:07,360] [builder.py:1982]           [INFO]     | Discovery Collection | ? | Curious and Unusual Deaths (TVDB: 243981)                               |
[2023-01-31 02:43:07,495] [builder.py:1982]           [INFO]     | Discovery Collection | ? | Paradise Lost (2008) (TVDB: 366054)                                     |
[2023-01-31 02:43:07,676] [builder.py:1982]           [INFO]     | Discovery Collection | ? | A Cut Above (TVDB: 423280)                                              |
[2023-01-31 02:43:07,850] [builder.py:1982]           [INFO]     | Discovery Collection | ? | Warrior Women with Lucy Lawless (TVDB: 79006)                           |
[2023-01-31 02:43:08,027] [builder.py:1982]           [INFO]     | Discovery Collection | ? | Rocky Mountain Railroad (TVDB: 339257)                                  |
[2023-01-31 02:43:08,211] [builder.py:1982]           [INFO]     | Discovery Collection | ? | Nuclear Sharks - Cold War Submarine Adventures (TVDB: 380123)           |
[2023-01-31 02:43:08,451] [builder.py:1982]           [INFO]     | Discovery Collection | ? | Last Stop Garage (TVDB: 339242)                                         |
[2023-01-31 02:43:08,625] [builder.py:1982]           [INFO]     | Discovery Collection | ? | Rogue Earth (TVDB: 343847)                                              |
[2023-01-31 02:43:08,812] [builder.py:1982]           [INFO]     | Discovery Collection | ? | Blueprint for Disaster (TVDB: 81533)                                    |
[2023-01-31 02:43:09,022] [builder.py:1982]           [INFO]     | Discovery Collection | ? | Patent Bending (TVDB: 79427)                                            |
[2023-01-31 02:43:09,185] [builder.py:1982]           [INFO]     | Discovery Collection | ? | Combat School (TVDB: 86431)                                             |
[2023-01-31 02:43:09,523] [builder.py:1982]           [INFO]     | Discovery Collection | ? | Naked and Afraid XL (TVDB: 297369)                                      |
[2023-01-31 02:43:09,909] [builder.py:1982]           [INFO]     | Discovery Collection | ? | See No Evil (TVDB: 291760)                                              |
[2023-01-31 02:43:10,518] [builder.py:1982]           [INFO]     | Discovery Collection | ? | On the Case with Paula Zahn (TVDB: 272540)                              |
[2023-01-31 02:43:10,886] [builder.py:1982]           [INFO]     | Discovery Collection | ? | Evil Lives Here (TVDB: 306194)                                          |
[2023-01-31 02:43:11,114] [builder.py:1982]           [INFO]     | Discovery Collection | ? | Signs Of A Psychopath (TVDB: 387339)                                    |
[2023-01-31 02:43:11,497] [builder.py:1982]           [INFO]     | Discovery Collection | ? | Deadly Women (TVDB: 182401)                                             |
[2023-01-31 02:43:11,690] [builder.py:1982]           [INFO]     | Discovery Collection | ? | Death by Fame (TVDB: 428876)                                            |
[2023-01-31 02:43:12,009] [builder.py:1982]           [INFO]     | Discovery Collection | ? | American Monster (TVDB: 312576)                                         |
[2023-01-31 02:43:12,335] [builder.py:1982]           [INFO]     | Discovery Collection | ? | Homicide Hunter: Lt. Joe Kenda (TVDB: 264994)                           |
[2023-01-31 02:43:12,506] [builder.py:1982]           [INFO]     | Discovery Collection | ? | Horror at the Cecil Hotel (TVDB: 335933)                                |
[2023-01-31 02:43:12,748] [builder.py:1982]           [INFO]     | Discovery Collection | ? | Scorned: Love Kills (TVDB: 255307)                                      |
[2023-01-31 02:43:13,025] [builder.py:1982]           [INFO]     | Discovery Collection | ? | Web of Lies (TVDB: 278659)                                              |
[2023-01-31 02:43:13,213] [builder.py:1982]           [INFO]     | Discovery Collection | ? | The Playboy Murders (TVDB: 428875)                                      |
[2023-01-31 02:43:13,414] [builder.py:1982]           [INFO]     | Discovery Collection | ? | A Stranger in My Home (TVDB: 282156)                                    |
[2023-01-31 02:43:13,731] [builder.py:1982]           [INFO]     | Discovery Collection | ? | The Murder Tapes (TVDB: 367649)                                         |
[2023-01-31 02:43:13,968] [builder.py:1982]           [INFO]     | Discovery Collection | ? | A Crime to Remember (TVDB: 275245)                                      |
[2023-01-31 02:43:14,225] [builder.py:1982]           [INFO]     | Discovery Collection | ? | People Magazine Investigates (TVDB: 319556)                             |
[2023-01-31 02:43:14,504] [builder.py:1982]           [INFO]     | Discovery Collection | ? | Fear Thy Neighbor (TVDB: 280967)                                        |
[2023-01-31 02:43:14,814] [builder.py:1982]           [INFO]     | Discovery Collection | ? | Unusual Suspects (TVDB: 174531)                                         |
[2023-01-31 02:43:15,114] [builder.py:1982]           [INFO]     | Discovery Collection | ? | Who The (Bleep) Did I Marry? (TVDB: 185611)                             |
[2023-01-31 02:43:15,383] [builder.py:1982]           [INFO]     | Discovery Collection | ? | Evil Lives Here: Shadows of Death (TVDB: 391143)                        |
[2023-01-31 02:43:15,666] [builder.py:1982]           [INFO]     | Discovery Collection | ? | Body Cam (TVDB: 355125)                                                 |
[2023-01-31 02:43:15,853] [builder.py:1982]           [INFO]     | Discovery Collection | ? | The Price of Glee (TVDB: 428126)                                        |
[2023-01-31 02:43:16,176] [builder.py:1982]           [INFO]     | Discovery Collection | ? | Disappeared (TVDB: 203411)                                              |
[2023-01-31 02:43:16,474] [builder.py:1982]           [INFO]     | Discovery Collection | ? | A Time to Kill (TVDB: 383451)                                           |
[2023-01-31 02:43:16,663] [builder.py:1982]           [INFO]     | Discovery Collection | ? | Murder Under the Friday Night Lights (TVDB: 413532)                     |
[2023-01-31 02:43:16,856] [builder.py:1982]           [INFO]     | Discovery Collection | ? | The 1980s: The Deadliest Decade (TVDB: 319812)                          |
[2023-01-31 02:43:17,164] [builder.py:1982]           [INFO]     | Discovery Collection | ? | Nightmare Next Door (TVDB: 226811)                                      |
[2023-01-31 02:43:17,424] [builder.py:1982]           [INFO]     | Discovery Collection | ? | Murder in the Heartland (2017) (TVDB: 338572)                           |
[2023-01-31 02:43:17,473] [builder.py:1977]           [ERROR]    | TVDb Error: Could not find a TVDb Series using TVDb Series ID: 430258                              |
[2023-01-31 02:43:17,699] [builder.py:1982]           [INFO]     | Discovery Collection | ? | Swamp Murders (TVDB: 270476)                                            |
[2023-01-31 02:43:17,961] [builder.py:1982]           [INFO]     | Discovery Collection | ? | Reasonable Doubt (TVDB: 327759)                                         |
[2023-01-31 02:43:18,163] [builder.py:1982]           [INFO]     | Discovery Collection | ? | American Nightmare (TVDB: 357393)                                       |
[2023-01-31 02:43:18,354] [builder.py:1982]           [INFO]     | Discovery Collection | ? | Deadly Affairs: Betrayed by Love (TVDB: 413153)                         |
[2023-01-31 02:43:18,525] [builder.py:1982]           [INFO]     | Discovery Collection | ? | Jodi Arias: An American Murder Mystery (TVDB: 340204)                   |
[2023-01-31 02:43:18,584] [builder.py:1977]           [ERROR]    | TVDb Error: Could not find a TVDb Series using TVDb Series ID: 258253                              |
[2023-01-31 02:43:18,869] [builder.py:1982]           [INFO]     | Discovery Collection | ? | I (Almost) Got Away With It (TVDB: 142721)                              |
[2023-01-31 02:43:19,085] [builder.py:1982]           [INFO]     | Discovery Collection | ? | Evil, I (TVDB: 266138)                                                  |
[2023-01-31 02:43:19,281] [builder.py:1982]           [INFO]     | Discovery Collection | ? | The Killer Beside Me (TVDB: 346598)                                     |
[2023-01-31 02:43:19,507] [builder.py:1982]           [INFO]     | Discovery Collection | ? | Killer Instinct with Chris Hansen (TVDB: 299843)                        |
[2023-01-31 02:43:19,699] [builder.py:1982]           [INFO]     | Discovery Collection | ? | Is O.J. Innocent? The Missing Evidence (TVDB: 322776)                   |
[2023-01-31 02:43:19,887] [builder.py:1982]           [INFO]     | Discovery Collection | ? | On Death Row (TVDB: 257463)                                             |
[2023-01-31 02:43:20,096] [builder.py:1982]           [INFO]     | Discovery Collection | ? | The Coroner: I Speak for the Dead (TVDB: 314536)                        |
[2023-01-31 02:43:20,290] [builder.py:1982]           [INFO]     | Discovery Collection | ? | I Married A Mobster (TVDB: 250338)                                      |
[2023-01-31 02:43:20,463] [builder.py:1982]           [INFO]     | Discovery Collection | ? | An American Murder Mystery: The Staircase (TVDB: 344953)                |
[2023-01-31 02:43:20,666] [builder.py:1982]           [INFO]     | Discovery Collection | ? | The Tetris Murders (TVDB: 427015)                                       |
[2023-01-31 02:43:20,931] [builder.py:1982]           [INFO]     | Discovery Collection | ? | Obsession: Dark Desires (TVDB: 284772)                                  |
[2023-01-31 02:43:21,196] [builder.py:1982]           [INFO]     | Discovery Collection | ? | Wicked Attraction (TVDB: 217931)                                        |
[2023-01-31 02:43:21,378] [builder.py:1982]           [INFO]     | Discovery Collection | ? | Ken and Barbie Killers: The Lost Murder Tapes (TVDB: 412667)            |
[2023-01-31 02:43:21,572] [builder.py:1982]           [INFO]     | Discovery Collection | ? | The Case That Haunts Me (TVDB: 354419)                                  |
[2023-01-31 02:43:21,830] [builder.py:1982]           [INFO]     | Discovery Collection | ? | In Pursuit with John Walsh (TVDB: 358009)                               |
[2023-01-31 02:43:22,030] [builder.py:1982]           [INFO]     | Discovery Collection | ? | Inside the Mind of a Serial Killer (TVDB: 304302)                       |
[2023-01-31 02:43:22,243] [builder.py:1982]           [INFO]     | Discovery Collection | ? | Homicide City (TVDB: 340317)                                            |
[2023-01-31 02:43:22,472] [builder.py:1982]           [INFO]     | Discovery Collection | ? | Dead Silent (TVDB: 319051)                                              |
[2023-01-31 02:43:22,667] [builder.py:1982]           [INFO]     | Discovery Collection | ? | Real Detective (TVDB: 305718)                                           |
[2023-01-31 02:43:22,934] [builder.py:1982]           [INFO]     | Discovery Collection | ? | Twisted (TVDB: 184081)                                                  |
[2023-01-31 02:43:23,114] [builder.py:1982]           [INFO]     | Discovery Collection | ? | The Devil Speaks (TVDB: 350199)                                         |
[2023-01-31 02:43:23,357] [builder.py:1982]           [INFO]     | Discovery Collection | ? | Murder Comes to Town (TVDB: 277503)                                     |
[2023-01-31 02:43:23,518] [builder.py:1982]           [INFO]     | Discovery Collection | ? | The Murder Castle (TVDB: 337050)                                        |
[2023-01-31 02:43:23,821] [builder.py:1982]           [INFO]     | Discovery Collection | ? | Evil Twins (TVDB: 265690)                                               |
[2023-01-31 02:43:24,051] [builder.py:1982]           [INFO]     | Discovery Collection | ? | The Will: Family Secrets Revealed (TVDB: 264175)                        |
[2023-01-31 02:43:24,253] [builder.py:1982]           [INFO]     | Discovery Collection | ? | Murder Chose Me (TVDB: 322110)                                          |
[2023-01-31 02:43:24,492] [builder.py:1982]           [INFO]     | Discovery Collection | ? | The Perfect Murder (TVDB: 281147)                                       |
[2023-01-31 02:43:24,716] [builder.py:1982]           [INFO]     | Discovery Collection | ? | Behind Mansion Walls (TVDB: 249411)                                     |
[2023-01-31 02:43:24,888] [builder.py:1982]           [INFO]     | Discovery Collection | ? | Deadly Sins: No Forgiveness (TVDB: 422842)                              |
[2023-01-31 02:43:25,075] [builder.py:1982]           [INFO]     | Discovery Collection | ? | The Real Story with Maria Elena Salinas (TVDB: 328169)                  |
[2023-01-31 02:43:25,250] [builder.py:1982]           [INFO]     | Discovery Collection | ? | Village of the Damned (TVDB: 338027)                                    |
[2023-01-31 02:43:25,447] [builder.py:1982]           [INFO]     | Discovery Collection | ? | Caught in the Net (TVDB: 417811)                                        |
[2023-01-31 02:43:25,619] [builder.py:1982]           [INFO]     | Discovery Collection | ? | Murder Loves Company (TVDB: 364332)                                     |
[2023-01-31 02:43:25,799] [builder.py:1982]           [INFO]     | Discovery Collection | ? | Man With A Van (2020) (TVDB: 377051)                                    |
[2023-01-31 02:43:25,977] [builder.py:1982]           [INFO]     | Discovery Collection | ? | Grave Secrets (TVDB: 319249)                                            |
[2023-01-31 02:43:26,211] [builder.py:1982]           [INFO]     | Discovery Collection | ? | The Wonderland Murders (TVDB: 348625)                                   |
[2023-01-31 02:43:26,384] [builder.py:1982]           [INFO]     | Discovery Collection | ? | Murdaugh Murders: Deadly Dynasty (TVDB: 420688)                         |
[2023-01-31 02:43:26,596] [builder.py:1982]           [INFO]     | Discovery Collection | ? | Murder Calls (TVDB: 322106)                                             |
[2023-01-31 02:43:26,811] [builder.py:1982]           [INFO]     | Discovery Collection | ? | Dead of Winter (TVDB: 358010)                                           |
[2023-01-31 02:43:26,995] [builder.py:1982]           [INFO]     | Discovery Collection | ? | Secrets of the Morgue (TVDB: 356738)                                    |
[2023-01-31 02:43:27,243] [builder.py:1982]           [INFO]     | Discovery Collection | ? | Stalked: Someone's Watching (TVDB: 264284)                              |
[2023-01-31 02:43:27,429] [builder.py:1982]           [INFO]     | Discovery Collection | ? | People Magazine Investigates: Cults (TVDB: 348513)                      |
[2023-01-31 02:43:27,637] [builder.py:1982]           [INFO]     | Discovery Collection | ? | Home Alone (TVDB: 335775)                                               |
[2023-01-31 02:43:27,837] [builder.py:1982]           [INFO]     | Discovery Collection | ? | The Lake Erie Murders (TVDB: 356962)                                    |
[2023-01-31 02:43:28,087] [builder.py:1982]           [INFO]     | Discovery Collection | ? | Still A Mystery (TVDB: 364334)                                          |
[2023-01-31 02:43:28,306] [builder.py:1982]           [INFO]     | Discovery Collection | ? | Most Evil (TVDB: 80743)                                                 |
[2023-01-31 02:43:28,515] [builder.py:1982]           [INFO]     | Discovery Collection | ? | Surviving Evil (TVDB: 271956)                                           |
[2023-01-31 02:43:28,722] [builder.py:1982]           [INFO]     | Discovery Collection | ? | JonBenét: An American Murder Mystery (TVDB: 316532)                     |
[2023-01-31 02:43:28,935] [builder.py:1982]           [INFO]     | Discovery Collection | ? | Devil in Suburbia (TVDB: 422670)                                        |
[2023-01-31 02:43:29,108] [builder.py:1982]           [INFO]     | Discovery Collection | ? | Southern Gothic (TVDB: 381309)                                          |
[2023-01-31 02:43:29,294] [builder.py:1982]           [INFO]     | Discovery Collection | ? | The Mind of a Murderer (TVDB: 292454)                                   |
[2023-01-31 02:43:29,508] [builder.py:1982]           [INFO]     | Discovery Collection | ? | Very Bad Men (TVDB: 162911)                                             |
[2023-01-31 02:43:29,678] [builder.py:1982]           [INFO]     | Discovery Collection | ? | Doomsday: The Missing Children (TVDB: 393451)                           |
[2023-01-31 02:43:29,883] [builder.py:1982]           [INFO]     | Discovery Collection | ? | Evil Stepmothers (TVDB: 310285)                                         |
[2023-01-31 02:43:30,144] [builder.py:1982]           [INFO]     | Discovery Collection | ? | True Crime with Aphrodite Jones (TVDB: 266839)                          |
[2023-01-31 02:43:30,402] [builder.py:1982]           [INFO]     | Discovery Collection | ? | Deadline: Crime with Tamron Hall (TVDB: 282732)                         |
[2023-01-31 02:43:30,601] [builder.py:1982]           [INFO]     | Discovery Collection | ? | Crimes Gone Viral (TVDB: 387648)                                        |
[2023-01-31 02:43:30,795] [builder.py:1982]           [INFO]     | Discovery Collection | ? | Breaking Homicide (TVDB: 344851)                                        |
[2023-01-31 02:43:31,032] [builder.py:1982]           [INFO]     | Discovery Collection | ? | Vanity Fair Confidential (TVDB: 291337)                                 |
[2023-01-31 02:43:31,205] [builder.py:1982]           [INFO]     | Discovery Collection | ? | Killing Time (2019) (TVDB: 357392)                                      |
[2023-01-31 02:43:31,408] [builder.py:1982]           [INFO]     | Discovery Collection | ? | Cry Wolfe (TVDB: 282187)                                                |
[2023-01-31 02:43:31,593] [builder.py:1982]           [INFO]     | Discovery Collection | ? | The 1990s: The Deadliest Decade (TVDB: 354610)                          |
[2023-01-31 02:43:31,781] [builder.py:1982]           [INFO]     | Discovery Collection | ? | Crime Scene Confidential (TVDB: 416743)                                 |
[2023-01-31 02:43:31,984] [builder.py:1982]           [INFO]     | Discovery Collection | ? | Murder in Amish Country (TVDB: 370515)                                  |
[2023-01-31 02:43:32,176] [builder.py:1982]           [INFO]     | Discovery Collection | ? | The Night That Didn't End (TVDB: 356055)                                |
[2023-01-31 02:43:32,357] [builder.py:1982]           [INFO]     | Discovery Collection | ? | Dead Of Night (2018) (TVDB: 346650)                                     |
[2023-01-31 02:43:32,538] [builder.py:1982]           [INFO]     | Discovery Collection | ? | James Patterson's Murder Is Forever (TVDB: 340180)                      |
[2023-01-31 02:43:32,716] [builder.py:1982]           [INFO]     | Discovery Collection | ? | Gone (TVDB: 332413)                                                     |
[2023-01-31 02:43:32,914] [builder.py:1982]           [INFO]     | Discovery Collection | ? | House of Horrors: Kidnapped (TVDB: 279540)                              |
[2023-01-31 02:43:33,132] [builder.py:1982]           [INFO]     | Discovery Collection | ? | The Devil You Know (TVDB: 249595)                                       |
[2023-01-31 02:43:33,341] [builder.py:1982]           [INFO]     | Discovery Collection | ? | The Shift (TVDB: 252600)                                                |
[2023-01-31 02:43:33,511] [builder.py:1982]           [INFO]     | Discovery Collection | ? | Devil in the Details (TVDB: 282319)                                     |
[2023-01-31 02:43:33,685] [builder.py:1982]           [INFO]     | Discovery Collection | ? | Hear No Evil (TVDB: 328706)                                             |
[2023-01-31 02:43:33,843] [builder.py:1982]           [INFO]     | Discovery Collection | ? | Conspiracy Files (TVDB: 257148)                                         |
[2023-01-31 02:43:34,004] [builder.py:1982]           [INFO]     | Discovery Collection | ? | Truth About Murder with Sunny Hostin (TVDB: 371128)                     |
[2023-01-31 02:43:34,204] [builder.py:1982]           [INFO]     | Discovery Collection | ? | Mystery Files (TVDB: 167031)                                            |
[2023-01-31 02:43:34,406] [builder.py:1982]           [INFO]     | Discovery Collection | ? | Shattered (2017) (TVDB: 333850)                                         |
[2023-01-31 02:43:34,569] [builder.py:1982]           [INFO]     | Discovery Collection | ? | The Chameleon Killer (TVDB: 397211)                                     |
[2023-01-31 02:43:34,807] [builder.py:1982]           [INFO]     | Discovery Collection | ? | Cold Blood (2008) (TVDB: 84953)                                         |
[2023-01-31 02:43:34,974] [builder.py:1982]           [INFO]     | Discovery Collection | ? | The Shadows of Death (TVDB: 365695)                                     |
[2023-01-31 02:43:35,173] [builder.py:1982]           [INFO]     | Discovery Collection | ? | In the Line of Fire (2016) (TVDB: 311802)                               |
[2023-01-31 02:43:35,410] [builder.py:1982]           [INFO]     | Discovery Collection | ? | True Conviction (TVDB: 340182)                                          |
[2023-01-31 02:43:35,634] [builder.py:1982]           [INFO]     | Discovery Collection | ? | Death in the Bayou: The Jennings 8 (TVDB: 365266)                       |
[2023-01-31 02:43:35,812] [builder.py:1982]           [INFO]     | Discovery Collection | ? | Deadly Legacy (TVDB: 356536)                                            |
[2023-01-31 02:43:35,971] [builder.py:1982]           [INFO]     | Discovery Collection | ? | Do Not Disturb: Hotel Horrors (TVDB: 322161)                            |
[2023-01-31 02:43:36,163] [builder.py:1982]           [INFO]     | Discovery Collection | ? | Inside Homicide (TVDB: 286796)                                          |
[2023-01-31 02:43:36,376] [builder.py:1982]           [INFO]     | Discovery Collection | ? | Murder in Paradise (TVDB: 272659)                                       |
[2023-01-31 02:43:36,614] [builder.py:1982]           [INFO]     | Discovery Collection | ? | Ice Cold Killers (TVDB: 260075)                                         |
[2023-01-31 02:43:36,803] [builder.py:1982]           [INFO]     | Discovery Collection | ? | Someone You Thought You Knew (TVDB: 350198)                             |
[2023-01-31 02:43:36,990] [builder.py:1982]           [INFO]     | Discovery Collection | ? | True Nightmares (TVDB: 302009)                                          |
[2023-01-31 02:43:37,175] [builder.py:1982]           [INFO]     | Discovery Collection | ? | Nowhere To Hide (TVDB: 284681)                                          |
[2023-01-31 02:43:37,365] [builder.py:1982]           [INFO]     | Discovery Collection | ? | Twisted Love (TVDB: 376457)                                             |
[2023-01-31 02:43:37,539] [builder.py:1982]           [INFO]     | Discovery Collection | ? | The Hillside Strangler (TVDB: 413980)                                   |
[2023-01-31 02:43:37,735] [builder.py:1982]           [INFO]     | Discovery Collection | ? | Twisted Sisters (TVDB: 351639)                                          |
[2023-01-31 02:43:37,904] [builder.py:1982]           [INFO]     | Discovery Collection | ? | Children of the Snow (TVDB: 359278)                                     |
[2023-01-31 02:43:38,075] [builder.py:1982]           [INFO]     | Discovery Collection | ? | Joe Exotic: Tigers, Lies and Cover-Up (TVDB: 389183)                    |
[2023-01-31 02:43:38,252] [builder.py:1982]           [INFO]     | Discovery Collection | ? | Hate in America (TVDB: 308200)                                          |
[2023-01-31 02:43:38,431] [builder.py:1982]           [INFO]     | Discovery Collection | ? | Devil in the Web (TVDB: 420161)                                         |
[2023-01-31 02:43:38,620] [builder.py:1982]           [INFO]     | Discovery Collection | ? | The Golden State Killer: It's Not Over (TVDB: 343700)                   |
[2023-01-31 02:43:38,820] [builder.py:1982]           [INFO]     | Discovery Collection | ? | Lone Star Justice (TVDB: 365005)                                        |
[2023-01-31 02:43:38,976] [builder.py:1982]           [INFO]     | Discovery Collection | ? | The Perfect Suspect (TVDB: 339237)                                      |
[2023-01-31 02:43:39,187] [builder.py:1982]           [INFO]     | Discovery Collection | ? | Solved (TVDB: 171161)                                                   |
[2023-01-31 02:43:39,429] [builder.py:1982]           [INFO]     | Discovery Collection | ? | Solved: Extreme Forensics (TVDB: 303882)                                |
[2023-01-31 02:43:39,633] [builder.py:1982]           [INFO]     | Discovery Collection | ? | Dead Reckoning (2020) (TVDB: 383467)                                    |
[2023-01-31 02:43:39,808] [builder.py:1982]           [INFO]     | Discovery Collection | ? | Heart of Darkness (TVDB: 358441)                                        |
[2023-01-31 02:43:39,997] [builder.py:1982]           [INFO]     | Discovery Collection | ? | Dark Waters: Murder In The Deep (TVDB: 350197)                          |
[2023-01-31 02:43:40,172] [builder.py:1982]           [INFO]     | Discovery Collection | ? | Killing Richard Glossip (TVDB: 326763)                                  |
[2023-01-31 02:43:40,384] [builder.py:1982]           [INFO]     | Discovery Collection | ? | Deadly Secrets (TVDB: 357391)                                           |
[2023-01-31 02:43:40,573] [builder.py:1982]           [INFO]     | Discovery Collection | ? | Did He Do It? (TVDB: 294113)                                            |
[2023-01-31 02:43:40,761] [builder.py:1982]           [INFO]     | Discovery Collection | ? | Suspicion (2015) (TVDB: 300628)                                         |
[2023-01-31 02:43:40,933] [builder.py:1982]           [INFO]     | Discovery Collection | ? | I Went Undercover (TVDB: 420164)                                        |
[2023-01-31 02:43:41,102] [builder.py:1982]           [INFO]     | Discovery Collection | ? | True Nightmares: Tales of Terror (TVDB: 360891)                         |
[2023-01-31 02:43:41,271] [builder.py:1982]           [INFO]     | Discovery Collection | ? | Hell House (TVDB: 310738)                                               |
[2023-01-31 02:43:41,447] [builder.py:1982]           [INFO]     | Discovery Collection | ? | Suspicious Minds (2020) (TVDB: 389781)                                  |
[2023-01-31 02:43:41,616] [builder.py:1982]           [INFO]     | Discovery Collection | ? | If I Should Die (TVDB: 379511)                                          |
[2023-01-31 02:43:41,793] [builder.py:1982]           [INFO]     | Discovery Collection | ? | Murder Comes Home (TVDB: 376426)                                        |
[2023-01-31 02:43:41,973] [builder.py:1982]           [INFO]     | Discovery Collection | ? | Homicide City: Charlotte (TVDB: 372132)                                 |
[2023-01-31 02:43:42,162] [builder.py:1982]           [INFO]     | Discovery Collection | ? | Hometown Homicide (TVDB: 357394)                                        |
[2023-01-31 02:43:42,336] [builder.py:1982]           [INFO]     | Discovery Collection | ? | Blood Runs Cold (TVDB: 352354)                                          |
[2023-01-31 02:43:42,502] [builder.py:1982]           [INFO]     | Discovery Collection | ? | Bride Killa (TVDB: 340184)                                              |
[2023-01-31 02:43:42,691] [builder.py:1982]           [INFO]     | Discovery Collection | ? | Grave Mysteries (TVDB: 333865)                                          |
[2023-01-31 02:43:42,884] [builder.py:1982]           [INFO]     | Discovery Collection | ? | I, Witness (TVDB: 321203)                                               |
[2023-01-31 02:43:43,052] [builder.py:1982]           [INFO]     | Discovery Collection | ? | The Vanishing Women (TVDB: 312710)                                      |
[2023-01-31 02:43:43,294] [builder.py:1982]           [INFO]     | Discovery Collection | ? | Facing Evil (TVDB: 265326)                                              |
[2023-01-31 02:43:43,487] [builder.py:1982]           [INFO]     | Discovery Collection | ? | People Magazine Investigates: Crimes of Fashion (TVDB: 349947)          |
[2023-01-31 02:43:43,796] [builder.py:1982]           [INFO]     | Discovery Collection | ? | 20/20 on ID (TVDB: 277819)                                              |
[2023-01-31 02:43:44,031] [builder.py:1982]           [INFO]     | Discovery Collection | ? | The Atlanta Child Murders (2019) (TVDB: 361473)                         |
[2023-01-31 02:43:44,249] [builder.py:1982]           [INFO]     | Discovery Collection | ? | Murder by Numbers (TVDB: 331111)                                        |
[2023-01-31 02:43:44,439] [builder.py:1982]           [INFO]     | Discovery Collection | ? | Crimes Gone Viral: Eyewitness (TVDB: 418833)                            |
[2023-01-31 02:43:44,649] [builder.py:1982]           [INFO]     | Discovery Collection | ? | Detective Diaries (TVDB: 410004)                                        |
[2023-01-31 02:43:44,854] [builder.py:1982]           [INFO]     | Discovery Collection | ? | Murder Board (TVDB: 366268)                                             |
[2023-01-31 02:43:45,072] [builder.py:1982]           [INFO]     | Discovery Collection | ? | Deadly Women: Fatal Instincts (TVDB: 420479)                            |
[2023-01-31 02:43:45,249] [builder.py:1982]           [INFO]     | Discovery Collection | ? | Scene of the Crime with Tony Harris (TVDB: 327104)                      |
[2023-01-31 02:43:45,425] [builder.py:1982]           [INFO]     | Discovery Collection | ? | The Crimes That Changed Us (TVDB: 391761)                               |
[2023-01-31 02:43:45,622] [builder.py:1982]           [INFO]     | Discovery Collection | ? | Who Killed Jane Doe? (TVDB: 322105)                                     |
[2023-01-31 02:43:45,867] [builder.py:1982]           [INFO]     | Discovery Collection | ? | Extreme Measures (TVDB: 348084)                                         |
[2023-01-31 02:43:46,036] [builder.py:1982]           [INFO]     | Discovery Collection | ? | Fear Thy Roommate (TVDB: 394164)                                        |
[2023-01-31 02:43:46,083] [builder.py:1977]           [ERROR]    | TVDb Error: Could not find a TVDb Series using TVDb Series ID: 388537                              |
[2023-01-31 02:43:46,285] [builder.py:1982]           [INFO]     | Discovery Collection | ? | Dark Minds (TVDB: 255676)                                               |
[2023-01-31 02:43:46,459] [builder.py:1982]           [INFO]     | Discovery Collection | ? | Raw Terror (TVDB: 380139)                                               |
[2023-01-31 02:43:46,636] [builder.py:1982]           [INFO]     | Discovery Collection | ? | Home Sweet Homicide (TVDB: 370201)                                      |
[2023-01-31 02:43:46,821] [builder.py:1982]           [INFO]     | Discovery Collection | ? | Murder U (TVDB: 311084)                                                 |
[2023-01-31 02:43:46,990] [builder.py:1982]           [INFO]     | Discovery Collection | ? | Before I Die (TVDB: 373945)                                             |
[2023-01-31 02:43:47,154] [builder.py:1982]           [INFO]     | Discovery Collection | ? | Stalked: Followed By Fear (TVDB: 409172)                                |
[2023-01-31 02:43:47,342] [builder.py:1982]           [INFO]     | Discovery Collection | ? | True Grime: Crime Scene Cleanup (TVDB: 250386)                          |
[2023-01-31 02:43:47,520] [builder.py:1982]           [INFO]     | Discovery Collection | ? | Unseamly: The Investigation of Peter Nygard (TVDB: 394195)              |
[2023-01-31 02:43:47,754] [builder.py:1982]           [INFO]     | Discovery Collection | ? | Fatal Encounters (TVDB: 265366)                                         |
[2023-01-31 02:43:47,916] [builder.py:1982]           [INFO]     | Discovery Collection | ? | My Family's Deadly Secret (TVDB: 382160)                                |
[2023-01-31 02:43:48,093] [builder.py:1982]           [INFO]     | Discovery Collection | ? | Torn from the Headlines: New York Post Reports (TVDB: 378549)           |
[2023-01-31 02:43:48,289] [builder.py:1982]           [INFO]     | Discovery Collection | ? | My Murder Story (TVDB: 377990)                                          |
[2023-01-31 02:43:48,455] [builder.py:1982]           [INFO]     | Discovery Collection | ? | Bloodlands (TVDB: 284617)                                               |
[2023-01-31 02:43:48,637] [builder.py:1982]           [INFO]     | Discovery Collection | ? | Dead North (TVDB: 347893)                                               |
[2023-01-31 02:43:48,843] [builder.py:1982]           [INFO]     | Discovery Collection | ? | Sin City Justice (TVDB: 329846)                                         |
[2023-01-31 02:43:49,024] [builder.py:1982]           [INFO]     | Discovery Collection | ? | Deadly Demands (TVDB: 309016)                                           |
[2023-01-31 02:43:49,422] [builder.py:1982]           [INFO]     | Discovery Collection | ? | Main Street Mysteries (TVDB: 227021)                                    |
[2023-01-31 02:43:49,658] [builder.py:1982]           [INFO]     | Discovery Collection | ? | Stolen Voices, Buried Secrets (TVDB: 222831)                            |
[2023-01-31 02:43:49,837] [builder.py:1982]           [INFO]     | Discovery Collection | ? | Cuff Me If You Can (TVDB: 250707)                                       |
[2023-01-31 02:43:50,024] [builder.py:1982]           [INFO]     | Discovery Collection | ? | Hookers: Saved on the Strip (TVDB: 225051)                              |
[2023-01-31 02:43:50,203] [builder.py:1982]           [INFO]     | Discovery Collection | ? | Hardcover Mysteries (TVDB: 244221)                                      |
[2023-01-31 02:43:50,404] [builder.py:1982]           [INFO]     | Discovery Collection | ? | Fraud Squad TV (TVDB: 166131)                                           |
[2023-01-31 02:43:50,583] [builder.py:1982]           [INFO]     | Discovery Collection | ? | Off To War - From Rural Arkansas To Iraq (TVDB: 119641)                 |
[2023-01-31 02:43:50,752] [builder.py:1982]           [INFO]     | Discovery Collection | ? | Escaped (TVDB: 109361)                                                  |
[2023-01-31 02:43:51,278] [builder.py:1982]           [INFO]     | Discovery Collection | ? | Wheeler Dealers (TVDB: 81320)                                           |
[2023-01-31 02:43:51,526] [builder.py:1982]           [INFO]     | Discovery Collection | ? | London Ink (TVDB: 81279)                                                |
[2023-01-31 02:43:51,741] [builder.py:1982]           [INFO]     | Discovery Collection | ? | A Plane Is Born (TVDB: 79952)                                           |
[2023-01-31 02:43:52,033] [builder.py:1982]           [INFO]     | Discovery Collection | ? | Il castello delle cerimonie (TVDB: 336436)                              |
[2023-01-31 02:43:52,214] [builder.py:1982]           [INFO]     | Discovery Collection | ? | A Car Is Reborn (TVDB: 79954)                                           |
[2023-01-31 02:43:52,415] [builder.py:1982]           [INFO]     | Discovery Collection | ? | Ed Stafford: First Man Out (TVDB: 358440)                               |
[2023-01-31 02:43:52,602] [builder.py:1982]           [INFO]     | Discovery Collection | ? | Greatest Events of WWII in Colour (TVDB: 372318)                        |
[2023-01-31 02:43:52,854] [builder.py:1982]           [INFO]     | Discovery Collection | ? | Marooned with Ed Stafford (TVDB: 267542)                                |
[2023-01-31 02:43:53,093] [builder.py:1982]           [INFO]     | Discovery Collection | ? | Extreme Machines (2010) (TVDB: 202851)                                  |
[2023-01-31 02:43:53,296] [builder.py:1982]           [INFO]     | Discovery Collection | ? | Bear Grylls: Escape From Hell (TVDB: 274052)                            |
[2023-01-31 02:43:53,482] [builder.py:1982]           [INFO]     | Discovery Collection | ? | Ed Stafford: Into The Unknown (TVDB: 299771)                            |
[2023-01-31 02:43:53,644] [builder.py:1982]           [INFO]     | Discovery Collection | ? | Alone In The Wild (TVDB: 376874)                                        |
[2023-01-31 02:43:53,848] [builder.py:1982]           [INFO]     | Discovery Collection | ? | Engineering the World Rally (TVDB: 82238)                               |
[2023-01-31 02:43:54,100] [builder.py:1982]           [INFO]     | Discovery Collection | ? | Massive Engineering Mistakes (TVDB: 369458)                             |
[2023-01-31 02:43:54,325] [builder.py:1982]           [INFO]     | Discovery Collection | ? | Wheeler Dealers: Dream Car (TVDB: 373992)                               |
[2023-01-31 02:43:54,566] [builder.py:1982]           [INFO]     | Discovery Collection | ? | Blowing Up History (TVDB: 323202)                                       |
[2023-01-31 02:43:54,732] [builder.py:1982]           [INFO]     | Discovery Collection | ? | Ed Stafford: Left For Dead (TVDB: 334782)                               |
[2023-01-31 02:43:54,915] [builder.py:1982]           [INFO]     | Discovery Collection | ? | The Most Evil Men and Women in History (TVDB: 84623)                    |
[2023-01-31 02:43:55,082] [builder.py:1982]           [INFO]     | Discovery Collection | ? | Chasing Ocean Giants (TVDB: 392466)                                     |
[2023-01-31 02:43:55,270] [builder.py:1982]           [INFO]     | Discovery Collection | ? | Richard Hammond's BIG (TVDB: 373355)                                    |
[2023-01-31 02:43:55,449] [builder.py:1982]           [INFO]     | Discovery Collection | ? | Bear Grylls Breaking Point (TVDB: 292916)                               |
[2023-01-31 02:43:55,670] [builder.py:1982]           [INFO]     | Discovery Collection | ? | Killers of the Cosmos (TVDB: 409829)                                    |
[2023-01-31 02:43:55,837] [builder.py:1982]           [INFO]     | Discovery Collection | ? | WWII: The Complete History (TVDB: 121281)                               |
[2023-01-31 02:43:56,015] [builder.py:1982]           [INFO]     | Discovery Collection | ? | Idris Elba: No Limits (TVDB: 297991)                                    |
[2023-01-31 02:43:56,203] [builder.py:1982]           [INFO]     | Discovery Collection | ? | Wildest Indochina (TVDB: 282879)                                        |
[2023-01-31 02:43:56,403] [builder.py:1982]           [INFO]     | Discovery Collection | ? | Tony Robinson's World War I (TVDB: 288555)                              |
[2023-01-31 02:43:56,580] [builder.py:1982]           [INFO]     | Discovery Collection | ? | HMS Ark Royal (TVDB: 252103)                                            |
[2023-01-31 02:43:56,762] [builder.py:1982]           [INFO]     | Discovery Collection | ? | Bear Grylls Extreme Survival Caught on Camera (TVDB: 280435)            |
[2023-01-31 02:43:56,954] [builder.py:1982]           [INFO]     | Discovery Collection | ? | Disasters Engineered (TVDB: 375980)                                     |
[2023-01-31 02:43:57,134] [builder.py:1982]           [INFO]     | Discovery Collection | ? | Arabia with Levison Wood (TVDB: 365105)                                 |
[2023-01-31 02:43:57,311] [builder.py:1982]           [INFO]     | Discovery Collection | ? | Gamechangers: inventions for a better world (TVDB: 339345)              |
[2023-01-31 02:43:57,484] [builder.py:1982]           [INFO]     | Discovery Collection | ? | Out of Stock: Supply Chain Crisis (TVDB: 413590)                        |
[2023-01-31 02:43:57,708] [builder.py:1982]           [INFO]     | Discovery Collection | ? | Incredible Engineering Blunders: Fixed (TVDB: 300292)                   |
[2023-01-31 02:43:57,943] [builder.py:1982]           [INFO]     | Discovery Collection | ? | Ghosthunters (TVDB: 195011)                                             |
[2023-01-31 02:43:58,143] [builder.py:1982]           [INFO]     | Discovery Collection | ? | Dirty Jobs with Peter Schmeichel (TVDB: 304714)                         |
[2023-01-31 02:43:58,299] [builder.py:1982]           [INFO]     | Discovery Collection | ? | million 2 one (TVDB: 162581)                                            |
[2023-01-31 02:43:58,457] [builder.py:1982]           [INFO]     | Discovery Collection | ? | What Happened Next? (TVDB: 287479)                                      |
[2023-01-31 02:43:58,632] [builder.py:1982]           [INFO]     | Discovery Collection | ? | A Chopper Is Born (TVDB: 79956)                                         |
[2023-01-31 02:43:58,807] [builder.py:1982]           [INFO]     | Discovery Collection | ? | A Bike is Born (TVDB: 79957)                                            |
[2023-01-31 02:43:58,992] [builder.py:1982]           [INFO]     | Discovery Collection | ? | Remember, Hari (TVDB: 365465)                                           |
[2023-01-31 02:43:59,173] [builder.py:1982]           [INFO]     | Discovery Collection | ? | Prisoner of Love (TVDB: 409039)                                         |
[2023-01-31 02:43:59,355] [builder.py:1982]           [INFO]     | Discovery Collection | ? | War Stories (TVDB: 378035)                                              |
[2023-01-31 02:43:59,550] [builder.py:1982]           [INFO]     | Discovery Collection | ? | We Built This City (TVDB: 234581)                                       |
[2023-01-31 02:43:59,751] [builder.py:1982]           [INFO]     | Discovery Collection | ? | Swimming With Monsters (TVDB: 268584)                                   |
[2023-01-31 02:43:59,916] [builder.py:1982]           [INFO]     | Discovery Collection | ? | Snow Leopards Of Leafy London (TVDB: 344297)                            |
[2023-01-31 02:44:00,120] [builder.py:1982]           [INFO]     | Discovery Collection | ? | Falklands Hero: Bravo November (TVDB: 257950)                           |
[2023-01-31 02:44:00,303] [builder.py:1982]           [INFO]     | Discovery Collection | ? | Body Invaders (2012) (TVDB: 262842)                                     |
[2023-01-31 02:44:00,500] [builder.py:1982]           [INFO]     | Discovery Collection | ? | Blood Road Bomb Squad (TVDB: 271255)                                    |
[2023-01-31 02:44:00,661] [builder.py:1982]           [INFO]     | Discovery Collection | ? | Who Was Jesus (TVDB: 103841)                                            |
[2023-01-31 02:44:00,815] [builder.py:1982]           [INFO]     | Discovery Collection | ? | Great Battles (TVDB: 84987)                                             |
[2023-01-31 02:44:01,441] [builder.py:1982]           [INFO]     | Discovery Collection | ? | My Little Pony: Friendship Is Magic (TVDB: 212171)                      |
[2023-01-31 02:44:01,820] [builder.py:1982]           [INFO]     | Discovery Collection | ? | My Little Pony: Equestria Girls (TVDB: 333783)                          |
[2023-01-31 02:44:02,532] [builder.py:1982]           [INFO]     | Discovery Collection | ? | Transformers: Rescue Bots (TVDB: 256349)                                |
[2023-01-31 02:44:02,927] [builder.py:1982]           [INFO]     | Discovery Collection | ? | Littlest Pet Shop (2012) (TVDB: 264017)                                 |
[2023-01-31 02:44:03,137] [builder.py:1982]           [INFO]     | Discovery Collection | ? | The New Adventures of Peter Pan (TVDB: 266080)                          |
[2023-01-31 02:44:03,389] [builder.py:1982]           [INFO]     | Discovery Collection | ? | Transformers: Rescue Bots Academy (TVDB: 356622)                        |
[2023-01-31 02:44:03,624] [builder.py:1982]           [INFO]     | Discovery Collection | ? | Blazing Team: Masters of Yo Kwon Do (TVDB: 306379)                      |
[2023-01-31 02:44:03,793] [builder.py:1982]           [INFO]     | Discovery Collection | ? | Bake It Like Buddy (TVDB: 352710)                                       |
[2023-01-31 02:44:04,120] [builder.py:1982]           [INFO]     | Discovery Collection | ? | Outback Opal Hunters (TVDB: 344503)                                     |
[2023-01-31 02:44:04,294] [builder.py:1982]           [INFO]     | Discovery Collection | ? | Aussie Gold Hunters: Mine SOS (TVDB: 419136)                            |
[2023-01-31 02:44:04,463] [builder.py:1982]           [INFO]     | Discovery Collection | ? | Sydney Harbour Patrol (TVDB: 319251)                                    |
[2023-01-31 02:44:04,660] [builder.py:1982]           [INFO]     | Discovery Collection | ? | Railroad Australia (TVDB: 309080)                                       |
[2023-01-31 02:44:04,838] [builder.py:1982]           [INFO]     | Discovery Collection | ? | Megatrains (TVDB: 335037)                                               |
[2023-01-31 02:44:05,041] [builder.py:1982]           [INFO]     | Discovery Collection | ? | Robson Green's Australian Adventure (TVDB: 309494)                      |
[2023-01-31 02:44:05,269] [builder.py:1982]           [INFO]     | Discovery Collection | ? | 18 Wheels Across America (TVDB: 352814)                                 |
[2023-01-31 02:44:05,633] [builder.py:1982]           [INFO]     | Discovery Collection | ? | Junkyard (TVDB: 319295)                                                 |
[2023-01-31 02:44:05,816] [builder.py:1982]           [INFO]     | Discovery Collection | ? | Ciężarówką przez Wietnam (TVDB: 361058)                                 |
[2023-01-31 02:44:05,983] [builder.py:1982]           [INFO]     | Discovery Collection | ? | Ciężarówką przez Indonezję (TVDB: 381531)                               |
[2023-01-31 02:44:06,134] [builder.py:1982]           [INFO]     | Discovery Collection | ? | The Airport: Warsaw (TVDB: 313058)                                      |
[2023-01-31 02:44:06,331] [builder.py:1982]           [INFO]     | Discovery Collection | ? | Hackers (TVDB: 370984)                                                  |
[2023-01-31 02:44:06,562] [builder.py:1982]           [INFO]     | Discovery Collection | ? | Airport: Restricted Area (TVDB: 345706)                                 |
[2023-01-31 02:44:06,727] [builder.py:1982]           [INFO]     | Discovery Collection | ? | Batalha Makers Brasil (TVDB: 395114)                                    |
[2023-01-31 02:44:06,943] [builder.py:1982]           [INFO]     | Discovery Collection | ? | Dual Survival Brazil (TVDB: 272302)                                     |
[2023-01-31 02:44:07,122] [builder.py:1982]           [INFO]     | Discovery Collection | ? | Operation Frontier - South America (TVDB: 382961)                       |
[2023-01-31 02:44:07,298] [builder.py:1982]           [INFO]     | Discovery Collection | ? | Celebrities Challenge (TVDB: 318598)                                    |
[2023-01-31 02:44:07,463] [builder.py:1982]           [INFO]     | Discovery Collection | ? | Historic Farms (TVDB: 384059)                                           |
[2023-01-31 02:44:07,678] [builder.py:1982]           [INFO]     | Discovery Collection | ? | Prime Suspect: The Madeleine McCann Case (TVDB: 397697)                 |
[2023-01-31 02:44:07,837] [builder.py:1982]           [INFO]     | Discovery Collection | ? | Mordet på massageklinikken (TVDB: 398247)                               |
[2023-01-31 02:44:07,998] [builder.py:1982]           [INFO]     | Discovery Collection | ? | Hvordan køber man en baby? (TVDB: 400464)                               |
[2023-01-31 02:44:08,179] [builder.py:1982]           [INFO]     | Discovery Collection | ? | Philip May & Simone (TVDB: 397087)                                      |
[2023-01-31 02:44:08,345] [builder.py:1982]           [INFO]     | Discovery Collection | ? | Transplantes (2019) (TVDB: 394450)                                      |
[2023-01-31 02:44:08,565] [builder.py:1982]           [INFO]     | Discovery Collection | ? | Seriemordere med Sebastian Richelsen (TVDB: 380348)                     |
[2023-01-31 02:44:08,747] [builder.py:1982]           [INFO]     | Discovery Collection | ? | Gennem Grand Canyon - Det vildeste eventyr (TVDB: 423506)               |
[2023-01-31 02:44:08,930] [builder.py:1982]           [INFO]     | Discovery Collection | ? | Kanal 5 Afslører (TVDB: 371603)                                         |
[2023-01-31 02:44:09,231] [builder.py:1982]           [INFO]     | Discovery Collection | ? | Klædt af mod toppen med familien Wozniacki (TVDB: 386809)               |
[2023-01-31 02:44:09,440] [builder.py:1982]           [INFO]     | Discovery Collection | ? | Estonia (TVDB: 389244)                                                  |
[2023-01-31 02:44:10,247] [builder.py:1982]           [INFO]     | Discovery Collection | ? | De Unge Mødre (TVDB: 104951)                                            |
[2023-01-31 02:44:10,443] [builder.py:1982]           [INFO]     | Discovery Collection | ? | Fatal Injections (TVDB: 418377)                                         |
[2023-01-31 02:44:10,645] [builder.py:1982]           [INFO]     | Discovery Collection | ? | Stjerner i trøjen (TVDB: 395971)                                        |
[2023-01-31 02:44:10,896] [builder.py:1982]           [INFO]     | Discovery Collection | ? | Fanget På Politiets Kamera (TVDB: 369085)                               |
[2023-01-31 02:44:11,166] [builder.py:1982]           [INFO]     | Discovery Collection | ? | Efter ex (TVDB: 365052)                                                 |
[2023-01-31 02:44:11,428] [builder.py:1982]           [INFO]     | Discovery Collection | ? | Forbrydelser der rystede Danmark (TVDB: 361637)                         |
[2023-01-31 02:44:11,627] [builder.py:1982]           [INFO]     | Discovery Collection | ? | Hunted wild: Celebrities on the run (TVDB: 394752)                      |
[2023-01-31 02:44:11,838] [builder.py:1982]           [INFO]     | Discovery Collection | ? | De hemmelige optagelser med Peter Madsen (TVDB: 388174)                 |
[2023-01-31 02:44:12,081] [builder.py:1982]           [INFO]     | Discovery Collection | ? | The Inept (TVDB: 426125)                                                |
[2023-01-31 02:44:12,247] [builder.py:1982]           [INFO]     | Discovery Collection | ? | Grænseløst forelsket (TVDB: 423169)                                     |
[2023-01-31 02:44:12,418] [builder.py:1982]           [INFO]     | Discovery Collection | ? | Vanvidsbilisterne (TVDB: 423509)                                        |
[2023-01-31 02:44:12,647] [builder.py:1982]           [INFO]     | Discovery Collection | ? | Bro and Jasmin (TVDB: 418397)                                           |
[2023-01-31 02:44:12,858] [builder.py:1982]           [INFO]     | Discovery Collection | ? | Prince Charming (DK) (TVDB: 403387)                                     |
[2023-01-31 02:44:13,218] [builder.py:1982]           [INFO]     | Discovery Collection | ? | All against all with Filip and Fredrik (TVDB: 360541)                   |
[2023-01-31 02:44:13,506] [builder.py:1982]           [INFO]     | Discovery Collection | ? | Summer with the Family (TVDB: 325414)                                   |
[2023-01-31 02:44:13,703] [builder.py:1982]           [INFO]     | Discovery Collection | ? | BIANCA (TVDB: 425757)                                                   |
[2023-01-31 02:44:13,869] [builder.py:1982]           [INFO]     | Discovery Collection | ? | The Dark Heart (TVDB: 416139)                                           |
[2023-01-31 02:44:14,179] [builder.py:1982]           [INFO]     | Discovery Collection | ? | Vem tror du att du är? (TVDB: 261851)                                   |
[2023-01-31 02:44:14,389] [builder.py:1982]           [INFO]     | Discovery Collection | ? | Odd weeks (TVDB: 400322)                                                |
[2023-01-31 02:44:14,577] [builder.py:1982]           [INFO]     | Discovery Collection | ? | Naked Attraction Sverige (TVDB: 417608)                                 |
[2023-01-31 02:44:14,765] [builder.py:1982]           [INFO]     | Discovery Collection | ? | Over Her (TVDB: 413657)                                                 |
[2023-01-31 02:44:14,967] [builder.py:1982]           [INFO]     | Discovery Collection | ? | Kompani Svan (TVDB: 425189)                                             |
[2023-01-31 02:44:15,145] [builder.py:1982]           [INFO]     | Discovery Collection | ? | Everyone But Us (TVDB: 395637)                                          |
[2023-01-31 02:44:15,342] [builder.py:1982]           [INFO]     | Discovery Collection | ? | The Island Sweden (TVDB: 416062)                                        |
[2023-01-31 02:44:15,517] [builder.py:1982]           [INFO]     | Discovery Collection | ? | Skitsamma (TVDB: 402268)                                                |
[2023-01-31 02:44:15,735] [builder.py:1982]           [INFO]     | Discovery Collection | ? | Mullvaden (TVDB: 81434)                                                 |
[2023-01-31 02:44:15,927] [builder.py:1982]           [INFO]     | Discovery Collection | ? | Yes chef! (TVDB: 393902)                                                |
[2023-01-31 02:44:16,101] [builder.py:1982]           [INFO]     | Discovery Collection | ? | Alone (SE) (TVDB: 396902)                                               |
[2023-01-31 02:44:16,301] [builder.py:1982]           [INFO]     | Discovery Collection | ? | Vi i villa (TVDB: 418349)                                               |
[2023-01-31 02:44:16,539] [builder.py:1982]           [INFO]     | Discovery Collection | ? | Spökjakt (TVDB: 373749)                                                 |
[2023-01-31 02:44:16,802] [builder.py:1982]           [INFO]     | Discovery Collection | ? | Naked Attraction Italia (TVDB: 396452)                                  |
[2023-01-31 02:44:17,071] [builder.py:1982]           [INFO]     | Discovery Collection | ? | Alta Infedeltà (TVDB: 315161)                                           |
[2023-01-31 02:44:17,626] [builder.py:1982]           [INFO]     | Discovery Collection | ? | Bake Off Italia (TVDB: 285723)                                          |
[2023-01-31 02:44:17,952] [builder.py:1982]           [INFO]     | Discovery Collection | ? | Drag Race Italia (TVDB: 405854)                                         |
[2023-01-31 02:44:18,206] [builder.py:1982]           [INFO]     | Discovery Collection | ? | Camionisti in trattoria (TVDB: 348085)                                  |
[2023-01-31 02:44:18,409] [builder.py:1982]           [INFO]     | Discovery Collection | ? | Tarabaralla - As Long As There Is Sweet There Is Hope (TVDB: 408473)    |
[2023-01-31 02:44:18,633] [builder.py:1982]           [INFO]     | Discovery Collection | ? | Love Island Italy (TVDB: 404204)                                        |
[2023-01-31 02:44:18,633] [builder.py:1986]           [INFO]     |                                                                                                    |
[2023-01-31 02:44:18,634] [builder.py:1987]           [INFO]     | 720 Shows Missing                                                                                  |
[2023-01-31 02:44:18,981] [plex_meta_manager.py:880]  [INFO]     |                                                                                                    |
[2023-01-31 02:44:18,981] [util.py:209]               [INFO]     |====================================================================================================|
[2023-01-31 02:44:18,982] [util.py:216]               [INFO]     |                                   Finished Discovery Collection                                    |
[2023-01-31 02:44:18,982] [util.py:216]               [INFO]     |                                    Collection Run Time: 0:03:21                                    |
[2023-01-31 02:44:18,982] [util.py:220]               [INFO]     |====================================================================================================|
