[2023-02-25 02:54:05,772] [util.py:209]               [INFO]     |====================================================================================================|
[2023-02-25 02:54:05,773] [util.py:216]               [INFO]     |                             National Geographic Collection in TV Shows                             |
[2023-02-25 02:54:05,773] [util.py:220]               [INFO]     |====================================================================================================|
[2023-02-25 02:54:05,773] [plex_meta_manager.py:750]  [INFO]     |                                                                                                    |
[2023-02-25 02:54:05,774] [util.py:216]               [INFO]     |============================ Validating National Geographic Attributes =============================|
[2023-02-25 02:54:05,774] [builder.py:265]            [DEBUG]    |                                                                                                    |
[2023-02-25 02:54:05,774] [builder.py:266]            [DEBUG]    | Validating Method: template                                                                        |
[2023-02-25 02:54:05,775] [meta.py:83]                [DEBUG]    | Value: ordereddict([('name', 'network'), ('network', '43, 799, 1756, 1825, 3355, 4293, 4476'), ('poster', 'https://theposterdb.com/api/assets/121026')]) |
[2023-02-25 02:54:05,775] [builder.py:330]            [DEBUG]    |                                                                                                    |
[2023-02-25 02:54:05,775] [builder.py:331]            [DEBUG]    | Validating Method: sync_mode                                                                       |
[2023-02-25 02:54:05,775] [builder.py:335]            [DEBUG]    | Value: sync                                                                                        |
[2023-02-25 02:54:05,776] [builder.py:453]            [DEBUG]    |                                                                                                    |
[2023-02-25 02:54:05,776] [builder.py:454]            [DEBUG]    | Validating Method: collection_order                                                                |
[2023-02-25 02:54:05,776] [builder.py:455]            [DEBUG]    | Value: alpha                                                                                       |
[2023-02-25 02:54:05,776] [builder.py:472]            [DEBUG]    |                                                                                                    |
[2023-02-25 02:54:05,777] [builder.py:473]            [DEBUG]    | Validating Method: tmdb_network                                                                    |
[2023-02-25 02:54:05,777] [builder.py:474]            [DEBUG]    | Value: 43, 799, 1756, 1825, 3355, 4293, 4476                                                       |
[2023-02-25 02:54:06,639] [builder.py:472]            [DEBUG]    |                                                                                                    |
[2023-02-25 02:54:06,640] [builder.py:473]            [DEBUG]    | Validating Method: url_poster                                                                      |
[2023-02-25 02:54:06,640] [builder.py:474]            [DEBUG]    | Value: https://theposterdb.com/api/assets/121026                                                   |
[2023-02-25 02:54:06,640] [builder.py:472]            [DEBUG]    |                                                                                                    |
[2023-02-25 02:54:06,640] [builder.py:473]            [DEBUG]    | Validating Method: sort_title                                                                      |
[2023-02-25 02:54:06,641] [builder.py:474]            [DEBUG]    | Value: +4_National Geographic                                                                      |
[2023-02-25 02:54:06,644] [plex.py:687]               [DEBUG]    | Looking for: National Geographic                                                                   |
[2023-02-25 02:54:06,644] [builder.py:619]            [INFO]     |                                                                                                    |
[2023-02-25 02:54:06,644] [builder.py:620]            [INFO]     | Validation Successful                                                                              |
[2023-02-25 02:54:06,645] [plex_meta_manager.py:758]  [INFO]     |                                                                                                    |
[2023-02-25 02:54:06,645] [util.py:216]               [INFO]     |============================== Running National Geographic Collection ==============================|
[2023-02-25 02:54:06,645] [plex_meta_manager.py:773]  [INFO]     |                                                                                                    |
[2023-02-25 02:54:06,645] [plex_meta_manager.py:774]  [INFO]     | Sync Mode: sync                                                                                    |
[2023-02-25 02:54:06,646] [builder.py:1275]           [DEBUG]    |                                                                                                    |
[2023-02-25 02:54:06,646] [builder.py:1276]           [DEBUG]    | Builder: tmdb_network: 43                                                                          |
[2023-02-25 02:54:06,646] [builder.py:1277]           [INFO]     |                                                                                                    |
[2023-02-25 02:54:09,157] [tmdb.py:282]               [INFO]     | Processing TMDb Network: (43) National Geographic (450 Shows)                                      |
[2023-02-25 02:54:09,157] [builder.py:1282]           [DEBUG]    |                                                                                                    |
[2023-02-25 02:54:09,157] [builder.py:1283]           [DEBUG]    | 450 IDs Found: [(58474, 'tmdb_show'), (118512, 'tmdb_show'), (70128, 'tmdb_show'), (62598, 'tmdb_show'), (113888, 'tmdb_show'), (6326, 'tmdb_show'), (60910, 'tmdb_show'), (64054, 'tmdb_show'), (86799, 'tmdb_show'), (66185, 'tmdb_show'), (37158, 'tmdb_show'), (95782, 'tmdb_show'), (61120, 'tmdb_show'), (64905, 'tmdb_show'), (68427, 'tmdb_show'), (93737, 'tmdb_show'), (4199, 'tmdb_show'), (75782, 'tmdb_show'), (36105, 'tmdb_show'), (54315, 'tmdb_show'), (91405, 'tmdb_show'), (220444, 'tmdb_show'), (9311, 'tmdb_show'), (90439, 'tmdb_show'), (82981, 'tmdb_show'), (73178, 'tmdb_show'), (206500, 'tmdb_show'), (204577, 'tmdb_show'), (5347, 'tmdb_show'), (87994, 'tmdb_show'), (65859, 'tmdb_show'), (120324, 'tmdb_show'), (66419, 'tmdb_show'), (131435, 'tmdb_show'), (65052, 'tmdb_show'), (62795, 'tmdb_show'), (64711, 'tmdb_show'), (95739, 'tmdb_show'), (5333, 'tmdb_show'), (49446, 'tmdb_show'), (67115, 'tmdb_show'), (108485, 'tmdb_show'), (114763, 'tmdb_show'), (110120, 'tmdb_show'), (71732, 'tmdb_show'), (90650, 'tmdb_show'), (86596, 'tmdb_show'), (157160, 'tmdb_show'), (95731, 'tmdb_show'), (126422, 'tmdb_show'), (212440, 'tmdb_show'), (35086, 'tmdb_show'), (92951, 'tmdb_show'), (202139, 'tmdb_show'), (202597, 'tmdb_show'), (114125, 'tmdb_show'), (64220, 'tmdb_show'), (64807, 'tmdb_show'), (60890, 'tmdb_show'), (69916, 'tmdb_show'), (45757, 'tmdb_show'), (27902, 'tmdb_show'), (67137, 'tmdb_show'), (138931, 'tmdb_show'), (86800, 'tmdb_show'), (84550, 'tmdb_show'), (64850, 'tmdb_show'), (61478, 'tmdb_show'), (28312, 'tmdb_show'), (64496, 'tmdb_show'), (34381, 'tmdb_show'), (11476, 'tmdb_show'), (96967, 'tmdb_show'), (207459, 'tmdb_show'), (104287, 'tmdb_show'), (78713, 'tmdb_show'), (117146, 'tmdb_show'), (115259, 'tmdb_show'), (97487, 'tmdb_show'), (73018, 'tmdb_show'), (28288, 'tmdb_show'), (61318, 'tmdb_show'), (115673, 'tmdb_show'), (59580, 'tmdb_show'), (5672, 'tmdb_show'), (74818, 'tmdb_show'), (204724, 'tmdb_show'), (89666, 'tmdb_show'), (158625, 'tmdb_show'), (202972, 'tmdb_show'), (93191, 'tmdb_show'), (127637, 'tmdb_show'), (81188, 'tmdb_show'), (74236, 'tmdb_show'), (3191, 'tmdb_show'), (51877, 'tmdb_show'), (117368, 'tmdb_show'), (92894, 'tmdb_show'), (195798, 'tmdb_show'), (93422, 'tmdb_show'), (89040, 'tmdb_show'), (126859, 'tmdb_show'), (103033, 'tmdb_show'), (95239, 'tmdb_show'), (68919, 'tmdb_show'), (91475, 'tmdb_show'), (37087, 'tmdb_show'), (96722, 'tmdb_show'), (31211, 'tmdb_show'), (61133, 'tmdb_show'), (107381, 'tmdb_show'), (91850, 'tmdb_show'), (153939, 'tmdb_show'), (49313, 'tmdb_show'), (132069, 'tmdb_show'), (131656, 'tmdb_show'), (60936, 'tmdb_show'), (24549, 'tmdb_show'), (76405, 'tmdb_show'), (95327, 'tmdb_show'), (70386, 'tmdb_show'), (117707, 'tmdb_show'), (103076, 'tmdb_show'), (95862, 'tmdb_show'), (130324, 'tmdb_show'), (118454, 'tmdb_show'), (90929, 'tmdb_show'), (64844, 'tmdb_show'), (41984, 'tmdb_show'), (34982, 'tmdb_show'), (105151, 'tmdb_show'), (32097, 'tmdb_show'), (56843, 'tmdb_show'), (16115, 'tmdb_show'), (75500, 'tmdb_show'), (106771, 'tmdb_show'), (45239, 'tmdb_show'), (54605, 'tmdb_show'), (64967, 'tmdb_show'), (41375, 'tmdb_show'), (68832, 'tmdb_show'), (27281, 'tmdb_show'), (60854, 'tmdb_show'), (65049, 'tmdb_show'), (60961, 'tmdb_show'), (70197, 'tmdb_show'), (103899, 'tmdb_show'), (89396, 'tmdb_show'), (112026, 'tmdb_show'), (55402, 'tmdb_show'), (59858, 'tmdb_show'), (22020, 'tmdb_show'), (17889, 'tmdb_show'), (136781, 'tmdb_show'), (59072, 'tmdb_show'), (212424, 'tmdb_show'), (39540, 'tmdb_show'), (64470, 'tmdb_show'), (119494, 'tmdb_show'), (131658, 'tmdb_show'), (15744, 'tmdb_show'), (65535, 'tmdb_show'), (26435, 'tmdb_show'), (137335, 'tmdb_show'), (43579, 'tmdb_show'), (56133, 'tmdb_show'), (98233, 'tmdb_show'), (68053, 'tmdb_show'), (213352, 'tmdb_show'), (205239, 'tmdb_show'), (205238, 'tmdb_show'), (203116, 'tmdb_show'), (156319, 'tmdb_show'), (153487, 'tmdb_show'), (135133, 'tmdb_show'), (133232, 'tmdb_show'), (132020, 'tmdb_show'), (131321, 'tmdb_show'), (120367, 'tmdb_show'), (117021, 'tmdb_show'), (104486, 'tmdb_show'), (99771, 'tmdb_show'), (99082, 'tmdb_show'), (91886, 'tmdb_show'), (85443, 'tmdb_show'), (73476, 'tmdb_show'), (73438, 'tmdb_show'), (70622, 'tmdb_show'), (69875, 'tmdb_show'), (65056, 'tmdb_show'), (62059, 'tmdb_show'), (61430, 'tmdb_show'), (60917, 'tmdb_show'), (52993, 'tmdb_show'), (51493, 'tmdb_show'), (48720, 'tmdb_show'), (42594, 'tmdb_show'), (41497, 'tmdb_show'), (38708, 'tmdb_show'), (38673, 'tmdb_show'), (38100, 'tmdb_show'), (37942, 'tmdb_show'), (36196, 'tmdb_show'), (35854, 'tmdb_show'), (23617, 'tmdb_show'), (8929, 'tmdb_show'), (36974, 'tmdb_show'), (61015, 'tmdb_show'), (110118, 'tmdb_show'), (101012, 'tmdb_show'), (63759, 'tmdb_show'), (107969, 'tmdb_show'), (202846, 'tmdb_show'), (155971, 'tmdb_show'), (6733, 'tmdb_show'), (131661, 'tmdb_show'), (38291, 'tmdb_show'), (66643, 'tmdb_show'), (16467, 'tmdb_show'), (220450, 'tmdb_show'), (15491, 'tmdb_show'), (89435, 'tmdb_show'), (135986, 'tmdb_show'), (69944, 'tmdb_show'), (80376, 'tmdb_show'), (107576, 'tmdb_show'), (135110, 'tmdb_show'), (113221, 'tmdb_show'), (106984, 'tmdb_show'), (65428, 'tmdb_show'), (50096, 'tmdb_show'), (61885, 'tmdb_show'), (38509, 'tmdb_show'), (68149, 'tmdb_show'), (62106, 'tmdb_show'), (38554, 'tmdb_show'), (49299, 'tmdb_show'), (7992, 'tmdb_show'), (153665, 'tmdb_show'), (126931, 'tmdb_show'), (32717, 'tmdb_show'), (129486, 'tmdb_show'), (78822, 'tmdb_show'), (131332, 'tmdb_show'), (52684, 'tmdb_show'), (155336, 'tmdb_show'), (60657, 'tmdb_show'), (51515, 'tmdb_show'), (57337, 'tmdb_show'), (44172, 'tmdb_show'), (36238, 'tmdb_show'), (218257, 'tmdb_show'), (36957, 'tmdb_show'), (99511, 'tmdb_show'), (66308, 'tmdb_show'), (69048, 'tmdb_show'), (100157, 'tmdb_show'), (33914, 'tmdb_show'), (62216, 'tmdb_show'), (123992, 'tmdb_show'), (93213, 'tmdb_show'), (138173, 'tmdb_show'), (209567, 'tmdb_show'), (109763, 'tmdb_show'), (64849, 'tmdb_show'), (65900, 'tmdb_show'), (117709, 'tmdb_show'), (76422, 'tmdb_show'), (120737, 'tmdb_show'), (15929, 'tmdb_show'), (35776, 'tmdb_show'), (133041, 'tmdb_show'), (131691, 'tmdb_show'), (55884, 'tmdb_show'), (46649, 'tmdb_show'), (37820, 'tmdb_show'), (202138, 'tmdb_show'), (137042, 'tmdb_show'), (99427, 'tmdb_show'), (110168, 'tmdb_show'), (109759, 'tmdb_show'), (122512, 'tmdb_show'), (65995, 'tmdb_show'), (155955, 'tmdb_show'), (38344, 'tmdb_show'), (19126, 'tmdb_show'), (86146, 'tmdb_show'), (64916, 'tmdb_show'), (57014, 'tmdb_show'), (55378, 'tmdb_show'), (33820, 'tmdb_show'), (30306, 'tmdb_show'), (154848, 'tmdb_show'), (100808, 'tmdb_show'), (115832, 'tmdb_show'), (36515, 'tmdb_show'), (99598, 'tmdb_show'), (64846, 'tmdb_show'), (203318, 'tmdb_show'), (209086, 'tmdb_show'), (102911, 'tmdb_show'), (76873, 'tmdb_show'), (157199, 'tmdb_show'), (64847, 'tmdb_show'), (60959, 'tmdb_show'), (204679, 'tmdb_show'), (139571, 'tmdb_show'), (125985, 'tmdb_show'), (77255, 'tmdb_show'), (64707, 'tmdb_show'), (128633, 'tmdb_show'), (204210, 'tmdb_show'), (101151, 'tmdb_show'), (120497, 'tmdb_show'), (154255, 'tmdb_show'), (70628, 'tmdb_show'), (15953, 'tmdb_show'), (94088, 'tmdb_show'), (43580, 'tmdb_show'), (7807, 'tmdb_show'), (204442, 'tmdb_show'), (65997, 'tmdb_show'), (107598, 'tmdb_show'), (62530, 'tmdb_show'), (196021, 'tmdb_show'), (119540, 'tmdb_show'), (64814, 'tmdb_show'), (112783, 'tmdb_show'), (115837, 'tmdb_show'), (132736, 'tmdb_show'), (218275, 'tmdb_show'), (218274, 'tmdb_show'), (207996, 'tmdb_show'), (207542, 'tmdb_show'), (206082, 'tmdb_show'), (203181, 'tmdb_show'), (202966, 'tmdb_show'), (202151, 'tmdb_show'), (202150, 'tmdb_show'), (202142, 'tmdb_show'), (202141, 'tmdb_show'), (201466, 'tmdb_show'), (195731, 'tmdb_show'), (158827, 'tmdb_show'), (157956, 'tmdb_show'), (156039, 'tmdb_show'), (156024, 'tmdb_show'), (155956, 'tmdb_show'), (155058, 'tmdb_show'), (154451, 'tmdb_show'), (138175, 'tmdb_show'), (138170, 'tmdb_show'), (137959, 'tmdb_show'), (137706, 'tmdb_show'), (137057, 'tmdb_show'), (135817, 'tmdb_show'), (134904, 'tmdb_show'), (133216, 'tmdb_show'), (132101, 'tmdb_show'), (132075, 'tmdb_show'), (132067, 'tmdb_show'), (131958, 'tmdb_show'), (131436, 'tmdb_show'), (129789, 'tmdb_show'), (128626, 'tmdb_show'), (127664, 'tmdb_show'), (124712, 'tmdb_show'), (122509, 'tmdb_show'), (121445, 'tmdb_show'), (121186, 'tmdb_show'), (120804, 'tmdb_show'), (120370, 'tmdb_show'), (118698, 'tmdb_show'), (118552, 'tmdb_show'), (118477, 'tmdb_show'), (117952, 'tmdb_show'), (117221, 'tmdb_show'), (115828, 'tmdb_show'), (113827, 'tmdb_show'), (110731, 'tmdb_show'), (109760, 'tmdb_show'), (109460, 'tmdb_show'), (106146, 'tmdb_show'), (104224, 'tmdb_show'), (102631, 'tmdb_show'), (100597, 'tmdb_show'), (98116, 'tmdb_show'), (97786, 'tmdb_show'), (95797, 'tmdb_show'), (93236, 'tmdb_show'), (90438, 'tmdb_show'), (87596, 'tmdb_show'), (84739, 'tmdb_show'), (80255, 'tmdb_show'), (78826, 'tmdb_show'), (78825, 'tmdb_show'), (78823, 'tmdb_show'), (76460, 'tmdb_show'), (75340, 'tmdb_show'), (74846, 'tmdb_show'), (65115, 'tmdb_show'), (65088, 'tmdb_show'), (64956, 'tmdb_show'), (64942, 'tmdb_show'), (60912, 'tmdb_show'), (60103, 'tmdb_show'), (59961, 'tmdb_show'), (59101, 'tmdb_show'), (58124, 'tmdb_show'), (56787, 'tmdb_show'), (55569, 'tmdb_show'), (55555, 'tmdb_show'), (54382, 'tmdb_show'), (52918, 'tmdb_show'), (49952, 'tmdb_show'), (48276, 'tmdb_show'), (47153, 'tmdb_show'), (45627, 'tmdb_show'), (45442, 'tmdb_show'), (45422, 'tmdb_show'), (42302, 'tmdb_show'), (42249, 'tmdb_show'), (41357, 'tmdb_show'), (40945, 'tmdb_show'), (38889, 'tmdb_show'), (38770, 'tmdb_show'), (38730, 'tmdb_show'), (38689, 'tmdb_show'), (38550, 'tmdb_show'), (38337, 'tmdb_show'), (38321, 'tmdb_show'), (38285, 'tmdb_show'), (38273, 'tmdb_show'), (38267, 'tmdb_show'), (38010, 'tmdb_show'), (37251, 'tmdb_show'), (37044, 'tmdb_show'), (36794, 'tmdb_show'), (36575, 'tmdb_show'), (31146, 'tmdb_show'), (27571, 'tmdb_show'), (21721, 'tmdb_show'), (20923, 'tmdb_show'), (20393, 'tmdb_show'), (18624, 'tmdb_show'), (17167, 'tmdb_show'), (15893, 'tmdb_show'), (15512, 'tmdb_show'), (7735, 'tmdb_show'), (4191, 'tmdb_show')] |
[2023-02-25 02:54:09,159] [builder.py:1284]           [DEBUG]    |                                                                                                    |
[2023-02-25 02:54:09,279] [builder.py:1361]           [ERROR]    | Convert Error: No TVDb ID Found for TMDb ID: 206500                                                |
[2023-02-25 02:54:09,383] [builder.py:1361]           [ERROR]    | Convert Error: No TVDb ID Found for TMDb ID: 120324                                                |
[2023-02-25 02:54:09,591] [builder.py:1361]           [ERROR]    | Convert Error: No TVDb ID Found for TMDb ID: 49446                                                 |
[2023-02-25 02:54:09,705] [builder.py:1361]           [ERROR]    | Convert Error: No TVDb ID Found for TMDb ID: 92951                                                 |
[2023-02-25 02:54:09,806] [builder.py:1361]           [ERROR]    | Convert Error: No TVDb ID Found for TMDb ID: 202139                                                |
[2023-02-25 02:54:10,032] [builder.py:1361]           [ERROR]    | Convert Error: No TVDb ID Found for TMDb ID: 96967                                                 |
[2023-02-25 02:54:10,247] [builder.py:1361]           [ERROR]    | Convert Error: No TVDb ID Found for TMDb ID: 97487                                                 |
[2023-02-25 02:54:10,356] [builder.py:1361]           [ERROR]    | Convert Error: No TVDb ID Found for TMDb ID: 59580                                                 |
[2023-02-25 02:54:10,452] [builder.py:1361]           [ERROR]    | Convert Error: No TVDb ID Found for TMDb ID: 204724                                                |
[2023-02-25 02:54:10,552] [builder.py:1361]           [ERROR]    | Convert Error: No TVDb ID Found for TMDb ID: 127637                                                |
[2023-02-25 02:54:10,664] [builder.py:1361]           [ERROR]    | Convert Error: No TVDb ID Found for TMDb ID: 117368                                                |
[2023-02-25 02:54:10,775] [builder.py:1361]           [ERROR]    | Convert Error: No TVDb ID Found for TMDb ID: 195798                                                |
[2023-02-25 02:54:10,887] [builder.py:1361]           [ERROR]    | Convert Error: No TVDb ID Found for TMDb ID: 132069                                                |
[2023-02-25 02:54:10,984] [builder.py:1361]           [ERROR]    | Convert Error: No TVDb ID Found for TMDb ID: 131656                                                |
[2023-02-25 02:54:11,205] [builder.py:1361]           [ERROR]    | Convert Error: No TVDb ID Found for TMDb ID: 106771                                                |
[2023-02-25 02:54:11,313] [builder.py:1361]           [ERROR]    | Convert Error: No TVDb ID Found for TMDb ID: 54605                                                 |
[2023-02-25 02:54:11,414] [builder.py:1361]           [ERROR]    | Convert Error: No TVDb ID Found for TMDb ID: 70197                                                 |
[2023-02-25 02:54:11,522] [builder.py:1361]           [ERROR]    | Convert Error: No TVDb ID Found for TMDb ID: 103899                                                |
[2023-02-25 02:54:11,628] [builder.py:1361]           [ERROR]    | Convert Error: No TVDb ID Found for TMDb ID: 22020                                                 |
[2023-02-25 02:54:11,734] [builder.py:1361]           [ERROR]    | Convert Error: No TVDb ID Found for TMDb ID: 136781                                                |
[2023-02-25 02:54:11,835] [builder.py:1361]           [ERROR]    | Convert Error: No TVDb ID Found for TMDb ID: 212424                                                |
[2023-02-25 02:54:11,948] [builder.py:1361]           [ERROR]    | Convert Error: No TVDb ID Found for TMDb ID: 119494                                                |
[2023-02-25 02:54:12,071] [builder.py:1361]           [ERROR]    | Convert Error: No TVDb ID Found for TMDb ID: 131658                                                |
[2023-02-25 02:54:12,174] [builder.py:1361]           [ERROR]    | Convert Error: No TVDb ID Found for TMDb ID: 137335                                                |
[2023-02-25 02:54:12,310] [builder.py:1361]           [ERROR]    | Convert Error: No TVDb ID Found for TMDb ID: 98233                                                 |
[2023-02-25 02:54:12,419] [builder.py:1361]           [ERROR]    | Convert Error: No TVDb ID Found for TMDb ID: 213352                                                |
[2023-02-25 02:54:12,550] [builder.py:1361]           [ERROR]    | Convert Error: No TVDb ID Found for TMDb ID: 153487                                                |
[2023-02-25 02:54:12,655] [builder.py:1361]           [ERROR]    | Convert Error: No TVDb ID Found for TMDb ID: 133232                                                |
[2023-02-25 02:54:12,763] [builder.py:1361]           [ERROR]    | Convert Error: No TVDb ID Found for TMDb ID: 132020                                                |
[2023-02-25 02:54:12,869] [builder.py:1361]           [ERROR]    | Convert Error: No TVDb ID Found for TMDb ID: 120367                                                |
[2023-02-25 02:54:12,975] [builder.py:1361]           [ERROR]    | Convert Error: No TVDb ID Found for TMDb ID: 117021                                                |
[2023-02-25 02:54:13,078] [builder.py:1361]           [ERROR]    | Convert Error: No TVDb ID Found for TMDb ID: 99771                                                 |
[2023-02-25 02:54:13,175] [builder.py:1361]           [ERROR]    | Convert Error: No TVDb ID Found for TMDb ID: 85443                                                 |
[2023-02-25 02:54:13,287] [builder.py:1361]           [ERROR]    | Convert Error: No TVDb ID Found for TMDb ID: 70622                                                 |
[2023-02-25 02:54:13,388] [builder.py:1361]           [ERROR]    | Convert Error: No TVDb ID Found for TMDb ID: 69875                                                 |
[2023-02-25 02:54:13,505] [builder.py:1361]           [ERROR]    | Convert Error: No TVDb ID Found for TMDb ID: 65056                                                 |
[2023-02-25 02:54:13,624] [builder.py:1361]           [ERROR]    | Convert Error: No TVDb ID Found for TMDb ID: 42594                                                 |
[2023-02-25 02:54:13,845] [builder.py:1361]           [ERROR]    | Convert Error: No TVDb ID Found for TMDb ID: 63759                                                 |
[2023-02-25 02:54:13,959] [builder.py:1361]           [ERROR]    | Convert Error: No TVDb ID Found for TMDb ID: 107969                                                |
[2023-02-25 02:54:14,097] [builder.py:1361]           [ERROR]    | Convert Error: No TVDb ID Found for TMDb ID: 202846                                                |
[2023-02-25 02:54:14,205] [builder.py:1361]           [ERROR]    | Convert Error: No TVDb ID Found for TMDb ID: 155971                                                |
[2023-02-25 02:54:14,305] [builder.py:1361]           [ERROR]    | Convert Error: No TVDb ID Found for TMDb ID: 131661                                                |
[2023-02-25 02:54:14,410] [builder.py:1361]           [ERROR]    | Convert Error: No TVDb ID Found for TMDb ID: 220450                                                |
[2023-02-25 02:54:14,527] [builder.py:1361]           [ERROR]    | Convert Error: No TVDb ID Found for TMDb ID: 68149                                                 |
[2023-02-25 02:54:14,648] [builder.py:1361]           [ERROR]    | Convert Error: No TVDb ID Found for TMDb ID: 62106                                                 |
[2023-02-25 02:54:14,773] [builder.py:1361]           [ERROR]    | Convert Error: No TVDb ID Found for TMDb ID: 126931                                                |
[2023-02-25 02:54:14,877] [builder.py:1361]           [ERROR]    | Convert Error: No TVDb ID Found for TMDb ID: 129486                                                |
[2023-02-25 02:54:14,984] [builder.py:1361]           [ERROR]    | Convert Error: No TVDb ID Found for TMDb ID: 78822                                                 |
[2023-02-25 02:54:15,087] [builder.py:1361]           [ERROR]    | Convert Error: No TVDb ID Found for TMDb ID: 131332                                                |
[2023-02-25 02:54:15,313] [builder.py:1361]           [ERROR]    | Convert Error: No TVDb ID Found for TMDb ID: 51515                                                 |
[2023-02-25 02:54:15,416] [builder.py:1361]           [ERROR]    | Convert Error: No TVDb ID Found for TMDb ID: 36238                                                 |
[2023-02-25 02:54:15,517] [builder.py:1361]           [ERROR]    | Convert Error: No TVDb ID Found for TMDb ID: 218257                                                |
[2023-02-25 02:54:15,623] [builder.py:1361]           [ERROR]    | Convert Error: No TVDb ID Found for TMDb ID: 99511                                                 |
[2023-02-25 02:54:15,724] [builder.py:1361]           [ERROR]    | Convert Error: No TVDb ID Found for TMDb ID: 62216                                                 |
[2023-02-25 02:54:15,725] [builder.py:1361]           [ERROR]    | Convert Error: No TVDb ID Found for TMDb ID: 123992                                                |
[2023-02-25 02:54:15,822] [builder.py:1361]           [ERROR]    | Convert Error: No TVDb ID Found for TMDb ID: 93213                                                 |
[2023-02-25 02:54:15,916] [builder.py:1361]           [ERROR]    | Convert Error: No TVDb ID Found for TMDb ID: 209567                                                |
[2023-02-25 02:54:16,022] [builder.py:1361]           [ERROR]    | Convert Error: No TVDb ID Found for TMDb ID: 109763                                                |
[2023-02-25 02:54:16,130] [builder.py:1361]           [ERROR]    | Convert Error: No TVDb ID Found for TMDb ID: 133041                                                |
[2023-02-25 02:54:16,237] [builder.py:1361]           [ERROR]    | Convert Error: No TVDb ID Found for TMDb ID: 131691                                                |
[2023-02-25 02:54:16,375] [builder.py:1361]           [ERROR]    | Convert Error: No TVDb ID Found for TMDb ID: 202138                                                |
[2023-02-25 02:54:16,482] [builder.py:1361]           [ERROR]    | Convert Error: No TVDb ID Found for TMDb ID: 137042                                                |
[2023-02-25 02:54:16,587] [builder.py:1361]           [ERROR]    | Convert Error: No TVDb ID Found for TMDb ID: 110168                                                |
[2023-02-25 02:54:16,693] [builder.py:1361]           [ERROR]    | Convert Error: No TVDb ID Found for TMDb ID: 109759                                                |
[2023-02-25 02:54:16,792] [builder.py:1361]           [ERROR]    | Convert Error: No TVDb ID Found for TMDb ID: 122512                                                |
[2023-02-25 02:54:16,902] [builder.py:1361]           [ERROR]    | Convert Error: No TVDb ID Found for TMDb ID: 65995                                                 |
[2023-02-25 02:54:17,004] [builder.py:1361]           [ERROR]    | Convert Error: No TVDb ID Found for TMDb ID: 155955                                                |
[2023-02-25 02:54:17,114] [builder.py:1361]           [ERROR]    | Convert Error: No TVDb ID Found for TMDb ID: 86146                                                 |
[2023-02-25 02:54:17,215] [builder.py:1361]           [ERROR]    | Convert Error: No TVDb ID Found for TMDb ID: 55378                                                 |
[2023-02-25 02:54:17,324] [builder.py:1361]           [ERROR]    | Convert Error: No TVDb ID Found for TMDb ID: 203318                                                |
[2023-02-25 02:54:17,430] [builder.py:1361]           [ERROR]    | Convert Error: No TVDb ID Found for TMDb ID: 209086                                                |
[2023-02-25 02:54:17,533] [builder.py:1361]           [ERROR]    | Convert Error: No TVDb ID Found for TMDb ID: 102911                                                |
[2023-02-25 02:54:17,629] [builder.py:1361]           [ERROR]    | Convert Error: No TVDb ID Found for TMDb ID: 157199                                                |
[2023-02-25 02:54:17,735] [builder.py:1361]           [ERROR]    | Convert Error: No TVDb ID Found for TMDb ID: 60959                                                 |
[2023-02-25 02:54:17,836] [builder.py:1361]           [ERROR]    | Convert Error: No TVDb ID Found for TMDb ID: 204679                                                |
[2023-02-25 02:54:17,936] [builder.py:1361]           [ERROR]    | Convert Error: No TVDb ID Found for TMDb ID: 139571                                                |
[2023-02-25 02:54:18,037] [builder.py:1361]           [ERROR]    | Convert Error: No TVDb ID Found for TMDb ID: 77255                                                 |
[2023-02-25 02:54:18,175] [builder.py:1361]           [ERROR]    | Convert Error: No TVDb ID Found for TMDb ID: 64707                                                 |
[2023-02-25 02:54:18,283] [builder.py:1361]           [ERROR]    | Convert Error: No TVDb ID Found for TMDb ID: 128633                                                |
[2023-02-25 02:54:18,392] [builder.py:1361]           [ERROR]    | Convert Error: No TVDb ID Found for TMDb ID: 204210                                                |
[2023-02-25 02:54:18,497] [builder.py:1361]           [ERROR]    | Convert Error: No TVDb ID Found for TMDb ID: 120497                                                |
[2023-02-25 02:54:18,626] [builder.py:1361]           [ERROR]    | Convert Error: No TVDb ID Found for TMDb ID: 154255                                                |
[2023-02-25 02:54:18,729] [builder.py:1361]           [ERROR]    | Convert Error: No TVDb ID Found for TMDb ID: 70628                                                 |
[2023-02-25 02:54:18,835] [builder.py:1361]           [ERROR]    | Convert Error: No TVDb ID Found for TMDb ID: 204442                                                |
[2023-02-25 02:54:18,936] [builder.py:1361]           [ERROR]    | Convert Error: No TVDb ID Found for TMDb ID: 62530                                                 |
[2023-02-25 02:54:19,038] [builder.py:1361]           [ERROR]    | Convert Error: No TVDb ID Found for TMDb ID: 119540                                                |
[2023-02-25 02:54:19,258] [builder.py:1361]           [ERROR]    | Convert Error: No TVDb ID Found for TMDb ID: 115837                                                |
[2023-02-25 02:54:19,362] [builder.py:1361]           [ERROR]    | Convert Error: No TVDb ID Found for TMDb ID: 132736                                                |
[2023-02-25 02:54:19,463] [builder.py:1361]           [ERROR]    | Convert Error: No TVDb ID Found for TMDb ID: 218275                                                |
[2023-02-25 02:54:19,561] [builder.py:1361]           [ERROR]    | Convert Error: No TVDb ID Found for TMDb ID: 218274                                                |
[2023-02-25 02:54:19,666] [builder.py:1361]           [ERROR]    | Convert Error: No TVDb ID Found for TMDb ID: 207996                                                |
[2023-02-25 02:54:19,772] [builder.py:1361]           [ERROR]    | Convert Error: No TVDb ID Found for TMDb ID: 207542                                                |
[2023-02-25 02:54:19,878] [builder.py:1361]           [ERROR]    | Convert Error: No TVDb ID Found for TMDb ID: 206082                                                |
[2023-02-25 02:54:19,981] [builder.py:1361]           [ERROR]    | Convert Error: No TVDb ID Found for TMDb ID: 203181                                                |
[2023-02-25 02:54:20,085] [builder.py:1361]           [ERROR]    | Convert Error: No TVDb ID Found for TMDb ID: 202966                                                |
[2023-02-25 02:54:20,185] [builder.py:1361]           [ERROR]    | Convert Error: No TVDb ID Found for TMDb ID: 202151                                                |
[2023-02-25 02:54:20,288] [builder.py:1361]           [ERROR]    | Convert Error: No TVDb ID Found for TMDb ID: 202150                                                |
[2023-02-25 02:54:20,394] [builder.py:1361]           [ERROR]    | Convert Error: No TVDb ID Found for TMDb ID: 202142                                                |
[2023-02-25 02:54:20,505] [builder.py:1361]           [ERROR]    | Convert Error: No TVDb ID Found for TMDb ID: 202141                                                |
[2023-02-25 02:54:20,607] [builder.py:1361]           [ERROR]    | Convert Error: No TVDb ID Found for TMDb ID: 195731                                                |
[2023-02-25 02:54:20,712] [builder.py:1361]           [ERROR]    | Convert Error: No TVDb ID Found for TMDb ID: 156039                                                |
[2023-02-25 02:54:20,809] [builder.py:1361]           [ERROR]    | Convert Error: No TVDb ID Found for TMDb ID: 156024                                                |
[2023-02-25 02:54:20,916] [builder.py:1361]           [ERROR]    | Convert Error: No TVDb ID Found for TMDb ID: 155956                                                |
[2023-02-25 02:54:21,023] [builder.py:1361]           [ERROR]    | Convert Error: No TVDb ID Found for TMDb ID: 155058                                                |
[2023-02-25 02:54:21,126] [builder.py:1361]           [ERROR]    | Convert Error: No TVDb ID Found for TMDb ID: 154451                                                |
[2023-02-25 02:54:21,220] [builder.py:1361]           [ERROR]    | Convert Error: No TVDb ID Found for TMDb ID: 138175                                                |
[2023-02-25 02:54:21,318] [builder.py:1361]           [ERROR]    | Convert Error: No TVDb ID Found for TMDb ID: 138170                                                |
[2023-02-25 02:54:21,423] [builder.py:1361]           [ERROR]    | Convert Error: No TVDb ID Found for TMDb ID: 137057                                                |
[2023-02-25 02:54:21,528] [builder.py:1361]           [ERROR]    | Convert Error: No TVDb ID Found for TMDb ID: 135817                                                |
[2023-02-25 02:54:21,624] [builder.py:1361]           [ERROR]    | Convert Error: No TVDb ID Found for TMDb ID: 134904                                                |
[2023-02-25 02:54:21,725] [builder.py:1361]           [ERROR]    | Convert Error: No TVDb ID Found for TMDb ID: 132101                                                |
[2023-02-25 02:54:21,824] [builder.py:1361]           [ERROR]    | Convert Error: No TVDb ID Found for TMDb ID: 132075                                                |
[2023-02-25 02:54:21,931] [builder.py:1361]           [ERROR]    | Convert Error: No TVDb ID Found for TMDb ID: 132067                                                |
[2023-02-25 02:54:22,035] [builder.py:1361]           [ERROR]    | Convert Error: No TVDb ID Found for TMDb ID: 131958                                                |
[2023-02-25 02:54:22,142] [builder.py:1361]           [ERROR]    | Convert Error: No TVDb ID Found for TMDb ID: 131436                                                |
[2023-02-25 02:54:22,247] [builder.py:1361]           [ERROR]    | Convert Error: No TVDb ID Found for TMDb ID: 128626                                                |
[2023-02-25 02:54:22,349] [builder.py:1361]           [ERROR]    | Convert Error: No TVDb ID Found for TMDb ID: 127664                                                |
[2023-02-25 02:54:22,451] [builder.py:1361]           [ERROR]    | Convert Error: No TVDb ID Found for TMDb ID: 124712                                                |
[2023-02-25 02:54:22,555] [builder.py:1361]           [ERROR]    | Convert Error: No TVDb ID Found for TMDb ID: 122509                                                |
[2023-02-25 02:54:22,657] [builder.py:1361]           [ERROR]    | Convert Error: No TVDb ID Found for TMDb ID: 121445                                                |
[2023-02-25 02:54:22,757] [builder.py:1361]           [ERROR]    | Convert Error: No TVDb ID Found for TMDb ID: 120804                                                |
[2023-02-25 02:54:22,865] [builder.py:1361]           [ERROR]    | Convert Error: No TVDb ID Found for TMDb ID: 120370                                                |
[2023-02-25 02:54:22,961] [builder.py:1361]           [ERROR]    | Convert Error: No TVDb ID Found for TMDb ID: 118552                                                |
[2023-02-25 02:54:23,058] [builder.py:1361]           [ERROR]    | Convert Error: No TVDb ID Found for TMDb ID: 118477                                                |
[2023-02-25 02:54:23,159] [builder.py:1361]           [ERROR]    | Convert Error: No TVDb ID Found for TMDb ID: 117221                                                |
[2023-02-25 02:54:23,300] [builder.py:1361]           [ERROR]    | Convert Error: No TVDb ID Found for TMDb ID: 115828                                                |
[2023-02-25 02:54:23,402] [builder.py:1361]           [ERROR]    | Convert Error: No TVDb ID Found for TMDb ID: 113827                                                |
[2023-02-25 02:54:23,502] [builder.py:1361]           [ERROR]    | Convert Error: No TVDb ID Found for TMDb ID: 109760                                                |
[2023-02-25 02:54:23,609] [builder.py:1361]           [ERROR]    | Convert Error: No TVDb ID Found for TMDb ID: 109460                                                |
[2023-02-25 02:54:23,714] [builder.py:1361]           [ERROR]    | Convert Error: No TVDb ID Found for TMDb ID: 106146                                                |
[2023-02-25 02:54:23,817] [builder.py:1361]           [ERROR]    | Convert Error: No TVDb ID Found for TMDb ID: 104224                                                |
[2023-02-25 02:54:23,917] [builder.py:1361]           [ERROR]    | Convert Error: No TVDb ID Found for TMDb ID: 102631                                                |
[2023-02-25 02:54:24,023] [builder.py:1361]           [ERROR]    | Convert Error: No TVDb ID Found for TMDb ID: 100597                                                |
[2023-02-25 02:54:24,122] [builder.py:1361]           [ERROR]    | Convert Error: No TVDb ID Found for TMDb ID: 97786                                                 |
[2023-02-25 02:54:24,368] [builder.py:1361]           [ERROR]    | Convert Error: No TVDb ID Found for TMDb ID: 93236                                                 |
[2023-02-25 02:54:24,466] [builder.py:1361]           [ERROR]    | Convert Error: No TVDb ID Found for TMDb ID: 87596                                                 |
[2023-02-25 02:54:24,562] [builder.py:1361]           [ERROR]    | Convert Error: No TVDb ID Found for TMDb ID: 84739                                                 |
[2023-02-25 02:54:24,675] [builder.py:1361]           [ERROR]    | Convert Error: No TVDb ID Found for TMDb ID: 78826                                                 |
[2023-02-25 02:54:24,784] [builder.py:1361]           [ERROR]    | Convert Error: No TVDb ID Found for TMDb ID: 78825                                                 |
[2023-02-25 02:54:24,899] [builder.py:1361]           [ERROR]    | Convert Error: No TVDb ID Found for TMDb ID: 78823                                                 |
[2023-02-25 02:54:24,998] [builder.py:1361]           [ERROR]    | Convert Error: No TVDb ID Found for TMDb ID: 76460                                                 |
[2023-02-25 02:54:25,102] [builder.py:1361]           [ERROR]    | Convert Error: No TVDb ID Found for TMDb ID: 75340                                                 |
[2023-02-25 02:54:25,202] [builder.py:1361]           [ERROR]    | Convert Error: No TVDb ID Found for TMDb ID: 74846                                                 |
[2023-02-25 02:54:25,302] [builder.py:1361]           [ERROR]    | Convert Error: No TVDb ID Found for TMDb ID: 64956                                                 |
[2023-02-25 02:54:25,413] [builder.py:1361]           [ERROR]    | Convert Error: No TVDb ID Found for TMDb ID: 59101                                                 |
[2023-02-25 02:54:25,510] [builder.py:1361]           [ERROR]    | Convert Error: No TVDb ID Found for TMDb ID: 58124                                                 |
[2023-02-25 02:54:25,614] [builder.py:1361]           [ERROR]    | Convert Error: No TVDb ID Found for TMDb ID: 56787                                                 |
[2023-02-25 02:54:25,719] [builder.py:1361]           [ERROR]    | Convert Error: No TVDb ID Found for TMDb ID: 55569                                                 |
[2023-02-25 02:54:25,815] [builder.py:1361]           [ERROR]    | Convert Error: No TVDb ID Found for TMDb ID: 52918                                                 |
[2023-02-25 02:54:25,921] [builder.py:1361]           [ERROR]    | Convert Error: No TVDb ID Found for TMDb ID: 49952                                                 |
[2023-02-25 02:54:26,018] [builder.py:1361]           [ERROR]    | Convert Error: No TVDb ID Found for TMDb ID: 48276                                                 |
[2023-02-25 02:54:26,125] [builder.py:1361]           [ERROR]    | Convert Error: No TVDb ID Found for TMDb ID: 47153                                                 |
[2023-02-25 02:54:26,233] [builder.py:1361]           [ERROR]    | Convert Error: No TVDb ID Found for TMDb ID: 42302                                                 |
[2023-02-25 02:54:26,335] [builder.py:1361]           [ERROR]    | Convert Error: No TVDb ID Found for TMDb ID: 42249                                                 |
[2023-02-25 02:54:26,435] [builder.py:1361]           [ERROR]    | Convert Error: No TVDb ID Found for TMDb ID: 40945                                                 |
[2023-02-25 02:54:26,532] [builder.py:1361]           [ERROR]    | Convert Error: No TVDb ID Found for TMDb ID: 38770                                                 |
[2023-02-25 02:54:26,648] [builder.py:1361]           [ERROR]    | Convert Error: No TVDb ID Found for TMDb ID: 38730                                                 |
[2023-02-25 02:54:26,747] [builder.py:1361]           [ERROR]    | Convert Error: No TVDb ID Found for TMDb ID: 38337                                                 |
[2023-02-25 02:54:26,960] [builder.py:1361]           [ERROR]    | Convert Error: No TVDb ID Found for TMDb ID: 21721                                                 |
[2023-02-25 02:54:27,062] [builder.py:1361]           [ERROR]    | Convert Error: No TVDb ID Found for TMDb ID: 20393                                                 |
[2023-02-25 02:54:27,168] [builder.py:1361]           [ERROR]    | Convert Error: No TVDb ID Found for TMDb ID: 18624                                                 |
[2023-02-25 02:54:27,277] [builder.py:1361]           [ERROR]    | Convert Error: No TVDb ID Found for TMDb ID: 17167                                                 |
[2023-02-25 02:54:27,280] [builder.py:1275]           [DEBUG]    |                                                                                                    |
[2023-02-25 02:54:27,280] [builder.py:1276]           [DEBUG]    | Builder: tmdb_network: 799                                                                         |
[2023-02-25 02:54:27,281] [builder.py:1277]           [INFO]     |                                                                                                    |
[2023-02-25 02:54:27,491] [tmdb.py:282]               [INFO]     | Processing TMDb Network: (799) National Geographic Channel (10 Shows)                              |
[2023-02-25 02:54:27,492] [builder.py:1282]           [DEBUG]    |                                                                                                    |
[2023-02-25 02:54:27,492] [builder.py:1283]           [DEBUG]    | 10 IDs Found: [(63296, 'tmdb_show'), (115009, 'tmdb_show'), (62291, 'tmdb_show'), (59275, 'tmdb_show'), (50139, 'tmdb_show'), (63025, 'tmdb_show'), (63425, 'tmdb_show'), (105956, 'tmdb_show'), (61568, 'tmdb_show'), (32703, 'tmdb_show')] |
[2023-02-25 02:54:27,492] [builder.py:1284]           [DEBUG]    |                                                                                                    |
[2023-02-25 02:54:27,597] [builder.py:1361]           [ERROR]    | Convert Error: No TVDb ID Found for TMDb ID: 115009                                                |
[2023-02-25 02:54:27,701] [builder.py:1361]           [ERROR]    | Convert Error: No TVDb ID Found for TMDb ID: 105956                                                |
[2023-02-25 02:54:27,703] [builder.py:1275]           [DEBUG]    |                                                                                                    |
[2023-02-25 02:54:27,703] [builder.py:1276]           [DEBUG]    | Builder: tmdb_network: 1756                                                                        |
[2023-02-25 02:54:27,704] [builder.py:1277]           [INFO]     |                                                                                                    |
[2023-02-25 02:54:27,902] [tmdb.py:282]               [INFO]     | Processing TMDb Network: (1756) National Geographic Channel (11 Shows)                             |
[2023-02-25 02:54:27,903] [builder.py:1282]           [DEBUG]    |                                                                                                    |
[2023-02-25 02:54:27,903] [builder.py:1283]           [DEBUG]    | 11 IDs Found: [(73061, 'tmdb_show'), (135001, 'tmdb_show'), (106147, 'tmdb_show'), (91985, 'tmdb_show'), (98303, 'tmdb_show'), (137056, 'tmdb_show'), (110561, 'tmdb_show'), (27053, 'tmdb_show'), (137701, 'tmdb_show'), (117307, 'tmdb_show'), (57282, 'tmdb_show')] |
[2023-02-25 02:54:27,903] [builder.py:1284]           [DEBUG]    |                                                                                                    |
[2023-02-25 02:54:28,014] [builder.py:1361]           [ERROR]    | Convert Error: No TVDb ID Found for TMDb ID: 98303                                                 |
[2023-02-25 02:54:28,120] [builder.py:1361]           [ERROR]    | Convert Error: No TVDb ID Found for TMDb ID: 110561                                                |
[2023-02-25 02:54:28,123] [builder.py:1275]           [DEBUG]    |                                                                                                    |
[2023-02-25 02:54:28,123] [builder.py:1276]           [DEBUG]    | Builder: tmdb_network: 1825                                                                        |
[2023-02-25 02:54:28,123] [builder.py:1277]           [INFO]     |                                                                                                    |
[2023-02-25 02:54:28,553] [tmdb.py:282]               [INFO]     | Processing TMDb Network: (1825) National Geographic Channel (42 Shows)                             |
[2023-02-25 02:54:28,554] [builder.py:1282]           [DEBUG]    |                                                                                                    |
[2023-02-25 02:54:28,554] [builder.py:1283]           [DEBUG]    | 42 IDs Found: [(90, 'tmdb_show'), (202593, 'tmdb_show'), (51890, 'tmdb_show'), (7439, 'tmdb_show'), (95755, 'tmdb_show'), (72482, 'tmdb_show'), (56556, 'tmdb_show'), (210900, 'tmdb_show'), (58192, 'tmdb_show'), (7905, 'tmdb_show'), (157261, 'tmdb_show'), (211937, 'tmdb_show'), (99705, 'tmdb_show'), (207366, 'tmdb_show'), (131333, 'tmdb_show'), (106339, 'tmdb_show'), (84751, 'tmdb_show'), (196594, 'tmdb_show'), (83741, 'tmdb_show'), (103102, 'tmdb_show'), (105055, 'tmdb_show'), (99771, 'tmdb_show'), (86314, 'tmdb_show'), (76432, 'tmdb_show'), (96714, 'tmdb_show'), (136706, 'tmdb_show'), (85971, 'tmdb_show'), (102165, 'tmdb_show'), (85973, 'tmdb_show'), (137293, 'tmdb_show'), (86090, 'tmdb_show'), (136710, 'tmdb_show'), (76464, 'tmdb_show'), (155069, 'tmdb_show'), (137013, 'tmdb_show'), (99161, 'tmdb_show'), (96939, 'tmdb_show'), (59082, 'tmdb_show'), (55518, 'tmdb_show'), (54592, 'tmdb_show'), (43824, 'tmdb_show'), (16036, 'tmdb_show')] |
[2023-02-25 02:54:28,555] [builder.py:1284]           [DEBUG]    |                                                                                                    |
[2023-02-25 02:54:28,661] [builder.py:1361]           [ERROR]    | Convert Error: No TVDb ID Found for TMDb ID: 211937                                                |
[2023-02-25 02:54:28,762] [builder.py:1361]           [ERROR]    | Convert Error: No TVDb ID Found for TMDb ID: 131333                                                |
[2023-02-25 02:54:28,860] [builder.py:1361]           [ERROR]    | Convert Error: No TVDb ID Found for TMDb ID: 196594                                                |
[2023-02-25 02:54:28,862] [builder.py:1361]           [ERROR]    | Convert Error: No TVDb ID Found for TMDb ID: 99771                                                 |
[2023-02-25 02:54:28,964] [builder.py:1361]           [ERROR]    | Convert Error: No TVDb ID Found for TMDb ID: 86314                                                 |
[2023-02-25 02:54:29,069] [builder.py:1361]           [ERROR]    | Convert Error: No TVDb ID Found for TMDb ID: 76432                                                 |
[2023-02-25 02:54:29,172] [builder.py:1361]           [ERROR]    | Convert Error: No TVDb ID Found for TMDb ID: 96714                                                 |
[2023-02-25 02:54:29,384] [builder.py:1361]           [ERROR]    | Convert Error: No TVDb ID Found for TMDb ID: 102165                                                |
[2023-02-25 02:54:29,481] [builder.py:1361]           [ERROR]    | Convert Error: No TVDb ID Found for TMDb ID: 86090                                                 |
[2023-02-25 02:54:29,578] [builder.py:1361]           [ERROR]    | Convert Error: No TVDb ID Found for TMDb ID: 137013                                                |
[2023-02-25 02:54:29,681] [builder.py:1361]           [ERROR]    | Convert Error: No TVDb ID Found for TMDb ID: 96939                                                 |
[2023-02-25 02:54:29,684] [builder.py:1275]           [DEBUG]    |                                                                                                    |
[2023-02-25 02:54:29,684] [builder.py:1276]           [DEBUG]    | Builder: tmdb_network: 3355                                                                        |
[2023-02-25 02:54:29,684] [builder.py:1277]           [INFO]     |                                                                                                    |
[2023-02-25 02:54:29,887] [tmdb.py:282]               [INFO]     | Processing TMDb Network: (3355) National Geographic (6 Shows)                                      |
[2023-02-25 02:54:29,887] [builder.py:1282]           [DEBUG]    |                                                                                                    |
[2023-02-25 02:54:29,887] [builder.py:1283]           [DEBUG]    | 6 IDs Found: [(209034, 'tmdb_show'), (93917, 'tmdb_show'), (93815, 'tmdb_show'), (154460, 'tmdb_show'), (104619, 'tmdb_show'), (95407, 'tmdb_show')] |
[2023-02-25 02:54:29,888] [builder.py:1284]           [DEBUG]    |                                                                                                    |
[2023-02-25 02:54:29,992] [builder.py:1361]           [ERROR]    | Convert Error: No TVDb ID Found for TMDb ID: 209034                                                |
[2023-02-25 02:54:30,107] [builder.py:1361]           [ERROR]    | Convert Error: No TVDb ID Found for TMDb ID: 93917                                                 |
[2023-02-25 02:54:30,202] [builder.py:1361]           [ERROR]    | Convert Error: No TVDb ID Found for TMDb ID: 104619                                                |
[2023-02-25 02:54:30,301] [builder.py:1361]           [ERROR]    | Convert Error: No TVDb ID Found for TMDb ID: 95407                                                 |
[2023-02-25 02:54:30,302] [builder.py:1275]           [DEBUG]    |                                                                                                    |
[2023-02-25 02:54:30,302] [builder.py:1276]           [DEBUG]    | Builder: tmdb_network: 4293                                                                        |
[2023-02-25 02:54:30,302] [builder.py:1277]           [INFO]     |                                                                                                    |
[2023-02-25 02:54:30,509] [tmdb.py:282]               [INFO]     | Processing TMDb Network: (4293) National Geographic (15 Shows)                                     |
[2023-02-25 02:54:30,510] [builder.py:1282]           [DEBUG]    |                                                                                                    |
[2023-02-25 02:54:30,510] [builder.py:1283]           [DEBUG]    | 15 IDs Found: [(101129, 'tmdb_show'), (113249, 'tmdb_show'), (89619, 'tmdb_show'), (93191, 'tmdb_show'), (105215, 'tmdb_show'), (124075, 'tmdb_show'), (200804, 'tmdb_show'), (121283, 'tmdb_show'), (119533, 'tmdb_show'), (126989, 'tmdb_show'), (153916, 'tmdb_show'), (139523, 'tmdb_show'), (202653, 'tmdb_show'), (146398, 'tmdb_show'), (117605, 'tmdb_show')] |
[2023-02-25 02:54:30,511] [builder.py:1284]           [DEBUG]    |                                                                                                    |
[2023-02-25 02:54:30,608] [builder.py:1361]           [ERROR]    | Convert Error: No TVDb ID Found for TMDb ID: 113249                                                |
[2023-02-25 02:54:30,702] [builder.py:1361]           [ERROR]    | Convert Error: No TVDb ID Found for TMDb ID: 105215                                                |
[2023-02-25 02:54:30,907] [builder.py:1361]           [ERROR]    | Convert Error: No TVDb ID Found for TMDb ID: 139523                                                |
[2023-02-25 02:54:31,007] [builder.py:1361]           [ERROR]    | Convert Error: No TVDb ID Found for TMDb ID: 202653                                                |
[2023-02-25 02:54:31,008] [builder.py:1275]           [DEBUG]    |                                                                                                    |
[2023-02-25 02:54:31,009] [builder.py:1276]           [DEBUG]    | Builder: tmdb_network: 4476                                                                        |
[2023-02-25 02:54:31,009] [builder.py:1277]           [INFO]     |                                                                                                    |
[2023-02-25 02:54:31,208] [tmdb.py:282]               [INFO]     | Processing TMDb Network: (4476) Nat Geo Kids (8 Shows)                                             |
[2023-02-25 02:54:31,209] [builder.py:1282]           [DEBUG]    |                                                                                                    |
[2023-02-25 02:54:31,209] [builder.py:1283]           [DEBUG]    | 8 IDs Found: [(85919, 'tmdb_show'), (131227, 'tmdb_show'), (129900, 'tmdb_show'), (122047, 'tmdb_show'), (94276, 'tmdb_show'), (123763, 'tmdb_show'), (158542, 'tmdb_show'), (123764, 'tmdb_show')] |
[2023-02-25 02:54:31,209] [builder.py:1284]           [DEBUG]    |                                                                                                    |
[2023-02-25 02:54:31,306] [builder.py:1361]           [ERROR]    | Convert Error: No TVDb ID Found for TMDb ID: 131227                                                |
[2023-02-25 02:54:31,404] [builder.py:1361]           [ERROR]    | Convert Error: No TVDb ID Found for TMDb ID: 129900                                                |
[2023-02-25 02:54:31,498] [builder.py:1361]           [ERROR]    | Convert Error: No TVDb ID Found for TMDb ID: 94276                                                 |
[2023-02-25 02:54:31,604] [builder.py:1361]           [ERROR]    | Convert Error: No TVDb ID Found for TMDb ID: 123763                                                |
[2023-02-25 02:54:31,731] [builder.py:1361]           [ERROR]    | Convert Error: No TVDb ID Found for TMDb ID: 158542                                                |
[2023-02-25 02:54:31,830] [builder.py:1361]           [ERROR]    | Convert Error: No TVDb ID Found for TMDb ID: 123764                                                |
[2023-02-25 02:54:31,830] [plex_meta_manager.py:797]  [INFO]     |                                                                                                    |
[2023-02-25 02:54:31,830] [plex_meta_manager.py:798]  [INFO]     | Collection Minimum: 1 not met for National Geographic Collection                                   |
[2023-02-25 02:54:31,831] [builder.py:1969]           [INFO]     |                                                                                                    |
[2023-02-25 02:54:31,831] [util.py:216]               [INFO]     |========================= Missing Shows from Library: National Geographic ==========================|
[2023-02-25 02:54:31,831] [builder.py:1971]           [INFO]     |                                                                                                    |
[2023-02-25 02:54:32,102] [builder.py:1982]           [INFO]     | National Geographic Collection | ? | Cosmos (2014) (TVDB: 260586)                                  |
[2023-02-25 02:54:32,349] [builder.py:1982]           [INFO]     | National Geographic Collection | ? | Cesar Millan: Better Human Better Dog (TVDB: 407488)          |
[2023-02-25 02:54:32,749] [builder.py:1982]           [INFO]     | National Geographic Collection | ? | Genius (2017) (TVDB: 322399)                                  |
[2023-02-25 02:54:33,152] [builder.py:1982]           [INFO]     | National Geographic Collection | ? | Wicked Tuna (TVDB: 257494)                                    |
[2023-02-25 02:54:33,435] [builder.py:1982]           [INFO]     | National Geographic Collection | ? | Trafficked with Mariana van Zeller (TVDB: 390354)             |
[2023-02-25 02:54:33,932] [builder.py:1982]           [INFO]     | National Geographic Collection | ? | Dog Whisperer (TVDB: 79212)                                   |
[2023-02-25 02:54:34,595] [builder.py:1982]           [INFO]     | National Geographic Collection | ? | Life Below Zero (TVDB: 269599)                                |
[2023-02-25 02:54:34,999] [builder.py:1982]           [INFO]     | National Geographic Collection | ? | Wicked Tuna: Outer Banks (TVDB: 284370)                       |
[2023-02-25 02:54:35,356] [builder.py:1982]           [INFO]     | National Geographic Collection | ? | The Hot Zone (TVDB: 359477)                                   |
[2023-02-25 02:54:35,748] [builder.py:1982]           [INFO]     | National Geographic Collection | ? | The Story of God with Morgan Freeman (TVDB: 308585)           |
[2023-02-25 02:54:36,164] [builder.py:1982]           [INFO]     | National Geographic Collection | ? | Drain the Oceans (TVDB: 348352)                               |
[2023-02-25 02:54:36,361] [builder.py:1982]           [INFO]     | National Geographic Collection | ? | Buried Secrets of the Bible With Albert Lin (TVDB: 360912)    |
[2023-02-25 02:54:36,716] [builder.py:1982]           [INFO]     | National Geographic Collection | ? | Running Wild with Bear Grylls (TVDB: 283052)                  |
[2023-02-25 02:54:37,109] [builder.py:1982]           [INFO]     | National Geographic Collection | ? | Science of Stupid (TVDB: 280473)                              |
[2023-02-25 02:54:37,447] [builder.py:1982]           [INFO]     | National Geographic Collection | ? | Mars (2016) (TVDB: 316345)                                    |
[2023-02-25 02:54:37,727] [builder.py:1982]           [INFO]     | National Geographic Collection | ? | Barkskins (TVDB: 366520)                                      |
[2023-02-25 02:54:38,297] [builder.py:1982]           [INFO]     | National Geographic Collection | ? | Megastructures (TVDB: 80625)                                  |
[2023-02-25 02:54:38,515] [builder.py:1982]           [INFO]     | National Geographic Collection | ? | One Strange Rock (TVDB: 342190)                               |
[2023-02-25 02:54:39,002] [builder.py:1982]           [INFO]     | National Geographic Collection | ? | Drugs, Inc. (TVDB: 174501)                                    |
[2023-02-25 02:54:39,343] [builder.py:1982]           [INFO]     | National Geographic Collection | ? | Brain Games (TVDB: 252570)                                    |
[2023-02-25 02:54:39,636] [builder.py:1982]           [INFO]     | National Geographic Collection | ? | Gordon Ramsay: Uncharted (TVDB: 365920)                       |
[2023-02-25 02:54:39,842] [builder.py:1982]           [INFO]     | National Geographic Collection | ? | UFOs: Investigating the Unknown (TVDB: 430652)                |
[2023-02-25 02:54:40,149] [builder.py:1982]           [INFO]     | National Geographic Collection | ? | Seconds From Disaster (TVDB: 79772)                           |
[2023-02-25 02:54:40,396] [builder.py:1982]           [INFO]     | National Geographic Collection | ? | Hitler's Last Stand (TVDB: 348588)                            |
[2023-02-25 02:54:40,801] [builder.py:1982]           [INFO]     | National Geographic Collection | ? | Snake City (TVDB: 302348)                                     |
[2023-02-25 02:54:41,197] [builder.py:1982]           [INFO]     | National Geographic Collection | ? | The Long Road Home (TVDB: 332420)                             |
[2023-02-25 02:54:41,432] [builder.py:1982]           [INFO]     | National Geographic Collection | ? | Running Wild with Bear Grylls: The Challenge (TVDB: 422875)   |
[2023-02-25 02:54:41,796] [builder.py:1982]           [INFO]     | National Geographic Collection | ? | Ultimate Factories (TVDB: 82374)                              |
[2023-02-25 02:54:42,069] [builder.py:1982]           [INFO]     | National Geographic Collection | ? | Lost Treasures of Egypt (TVDB: 360606)                        |
[2023-02-25 02:54:42,395] [builder.py:1982]           [INFO]     | National Geographic Collection | ? | Primal Survivor (TVDB: 308632)                                |
[2023-02-25 02:54:42,734] [builder.py:1982]           [INFO]     | National Geographic Collection | ? | Port Protection (TVDB: 298569)                                |
[2023-02-25 02:54:42,923] [builder.py:1982]           [INFO]     | National Geographic Collection | ? | The 7 Toughest Days on Earth (TVDB: 430448)                   |
[2023-02-25 02:54:43,230] [builder.py:1982]           [INFO]     | National Geographic Collection | ? | To Catch a Smuggler (TVDB: 264244)                            |
[2023-02-25 02:54:43,451] [builder.py:1982]           [INFO]     | National Geographic Collection | ? | American Genius (TVDB: 296045)                                |
[2023-02-25 02:54:43,730] [builder.py:1982]           [INFO]     | National Geographic Collection | ? | StarTalk with Neil deGrasse Tyson (TVDB: 279659)              |
[2023-02-25 02:54:43,975] [builder.py:1982]           [INFO]     | National Geographic Collection | ? | Lost Cities with Albert Lin (TVDB: 371126)                    |
[2023-02-25 02:54:44,465] [builder.py:1982]           [INFO]     | National Geographic Collection | ? | Naked Science (TVDB: 80994)                                   |
[2023-02-25 02:54:44,695] [builder.py:1982]           [INFO]     | National Geographic Collection | ? | No Man Left Behind (TVDB: 313653)                             |
[2023-02-25 02:54:44,995] [builder.py:1982]           [INFO]     | National Geographic Collection | ? | Life Below Zero: Next Generation (TVDB: 388053)               |
[2023-02-25 02:54:45,243] [builder.py:1982]           [INFO]     | National Geographic Collection | ? | Narco Wars (TVDB: 393125)                                     |
[2023-02-25 02:54:45,434] [builder.py:1982]           [INFO]     | National Geographic Collection | ? | Wild Central America (TVDB: 378538)                           |
[2023-02-25 02:54:45,671] [builder.py:1982]           [INFO]     | National Geographic Collection | ? | Year Million (TVDB: 328143)                                   |
[2023-02-25 02:54:45,923] [builder.py:1982]           [INFO]     | National Geographic Collection | ? | Yellowstone Live (TVDB: 351143)                               |
[2023-02-25 02:54:46,221] [builder.py:1982]           [INFO]     | National Geographic Collection | ? | Secrets of the Zoo (TVDB: 350453)                             |
[2023-02-25 02:54:46,413] [builder.py:1982]           [INFO]     | National Geographic Collection | ? | A Small Light (TVDB: 428632)                                  |
[2023-02-25 02:54:46,700] [builder.py:1982]           [INFO]     | National Geographic Collection | ? | Magic of Disney’s Animal Kingdom (TVDB: 385800)               |
[2023-02-25 02:54:46,933] [builder.py:1982]           [INFO]     | National Geographic Collection | ? | 9/11: One Day in America (TVDB: 405898)                       |
[2023-02-25 02:54:47,155] [builder.py:1982]           [INFO]     | National Geographic Collection | ? | World War II: Secrets from Above (TVDB: 428883)               |
[2023-02-25 02:54:47,498] [builder.py:1982]           [INFO]     | National Geographic Collection | ? | Alaska State Troopers (TVDB: 122511)                          |
[2023-02-25 02:54:47,713] [builder.py:1982]           [INFO]     | National Geographic Collection | ? | Edge of the Unknown with Jimmy Chin (TVDB: 423106)            |
[2023-02-25 02:54:47,901] [builder.py:1982]           [INFO]     | National Geographic Collection | ? | Atlas of Cursed Places (TVDB: 392760)                         |
[2023-02-25 02:54:48,119] [builder.py:1982]           [INFO]     | National Geographic Collection | ? | Breakthrough (TVDB: 302404)                                   |
[2023-02-25 02:54:48,356] [builder.py:1982]           [INFO]     | National Geographic Collection | ? | Mystery Files (TVDB: 167031)                                  |
[2023-02-25 02:54:48,586] [builder.py:1982]           [INFO]     | National Geographic Collection | ? | The Legend of Mick Dodge (TVDB: 276526)                       |
[2023-02-25 02:54:48,855] [builder.py:1982]           [INFO]     | National Geographic Collection | ? | Ancient X-Files (TVDB: 214961)                                |
[2023-02-25 02:54:49,155] [builder.py:1982]           [INFO]     | National Geographic Collection | ? | Doomsday Preppers (TVDB: 255608)                              |
[2023-02-25 02:54:49,436] [builder.py:1982]           [INFO]     | National Geographic Collection | ? | Ancient Megastructures (TVDB: 95521)                          |
[2023-02-25 02:54:49,492] [builder.py:1977]           [ERROR]    | TVDb Error: Could not find a TVDb Series using TVDb Series ID: 350011                              |
[2023-02-25 02:54:49,700] [builder.py:1982]           [INFO]     | National Geographic Collection | ? | The ’80s: Top Ten (TVDB: 411658)                              |
[2023-02-25 02:54:49,930] [builder.py:1982]           [INFO]     | National Geographic Collection | ? | Hostile Planet (TVDB: 361385)                                 |
[2023-02-25 02:54:50,130] [builder.py:1982]           [INFO]     | National Geographic Collection | ? | Inside North Korea's Dynasty (TVDB: 355437)                   |
[2023-02-25 02:54:50,384] [builder.py:1982]           [INFO]     | National Geographic Collection | ? | Street Genius (TVDB: 270637)                                  |
[2023-02-25 02:54:50,691] [builder.py:1982]           [INFO]     | National Geographic Collection | ? | Africa's Deadliest (TVDB: 269733)                             |
[2023-02-25 02:54:50,938] [builder.py:1982]           [INFO]     | National Geographic Collection | ? | Wild Russia (TVDB: 118501)                                    |
[2023-02-25 02:54:51,199] [builder.py:1982]           [INFO]     | National Geographic Collection | ? | Saints & Strangers (TVDB: 301339)                             |
[2023-02-25 02:54:51,472] [builder.py:1982]           [INFO]     | National Geographic Collection | ? | Great Migrations (TVDB: 197371)                               |
[2023-02-25 02:54:51,735] [builder.py:1982]           [INFO]     | National Geographic Collection | ? | Monkey Business (TVDB: 333153)                                |
[2023-02-25 02:54:51,921] [builder.py:1982]           [INFO]     | National Geographic Collection | ? | America's National Parks (2022) (TVDB: 424127)                |
[2023-02-25 02:54:52,169] [builder.py:1982]           [INFO]     | National Geographic Collection | ? | Weird But True! (TVDB: 386989)                                |
[2023-02-25 02:54:52,222] [builder.py:1977]           [ERROR]    | TVDb Error: Could not find a TVDb Series using TVDb Series ID: 303582                              |
[2023-02-25 02:54:52,465] [builder.py:1982]           [INFO]     | National Geographic Collection | ? | Race to the Center of the Earth (TVDB: 376002)                |
[2023-02-25 02:54:52,683] [builder.py:1982]           [INFO]     | National Geographic Collection | ? | Ultimate Supercar (TVDB: 378631)                              |
[2023-02-25 02:54:52,930] [builder.py:1982]           [INFO]     | National Geographic Collection | ? | China From Above (TVDB: 298120)                               |
[2023-02-25 02:54:53,226] [builder.py:1982]           [INFO]     | National Geographic Collection | ? | Big, Bigger, Biggest (TVDB: 81863)                            |
[2023-02-25 02:54:53,438] [builder.py:1982]           [INFO]     | National Geographic Collection | ? | Inside The Mafia (TVDB: 81081)                                |
[2023-02-25 02:54:53,645] [builder.py:1982]           [INFO]     | National Geographic Collection | ? | Impact With Gal Gadot (TVDB: 397272)                          |
[2023-02-25 02:54:54,369] [builder.py:1982]           [INFO]     | National Geographic Collection | ? | Explorer (TVDB: 79319)                                        |
[2023-02-25 02:54:54,578] [builder.py:1982]           [INFO]     | National Geographic Collection | ? | Border Security: America's Front Line (TVDB: 331253)          |
[2023-02-25 02:54:54,767] [builder.py:1982]           [INFO]     | National Geographic Collection | ? | Lost Treasures of the Maya (TVDB: 360608)                     |
[2023-02-25 02:54:54,991] [builder.py:1982]           [INFO]     | National Geographic Collection | ? | Something Bit Me! (TVDB: 417289)                              |
[2023-02-25 02:54:55,176] [builder.py:1982]           [INFO]     | National Geographic Collection | ? | Life Below Zero: First Alaskans (TVDB: 420526)                |
[2023-02-25 02:54:55,403] [builder.py:1982]           [INFO]     | National Geographic Collection | ? | Buried Secrets of WWII (TVDB: 369064)                         |
[2023-02-25 02:54:55,633] [builder.py:1982]           [INFO]     | National Geographic Collection | ? | Valley of the Boom (TVDB: 350782)                             |
[2023-02-25 02:54:55,888] [builder.py:1982]           [INFO]     | National Geographic Collection | ? | The Story of Us with Morgan Freeman (TVDB: 334942)            |
[2023-02-25 02:54:56,100] [builder.py:1982]           [INFO]     | National Geographic Collection | ? | Mama Mirabelle's Home Movies (TVDB: 224611)                   |
[2023-02-25 02:54:56,320] [builder.py:1982]           [INFO]     | National Geographic Collection | ? | Micro Monsters with David Attenborough (TVDB: 270732)         |
[2023-02-25 02:54:56,525] [builder.py:1982]           [INFO]     | National Geographic Collection | ? | Kingdom of the White Wolf (TVDB: 368443)                      |
[2023-02-25 02:54:56,774] [builder.py:1982]           [INFO]     | National Geographic Collection | ? | Dog: Impossible (TVDB: 367656)                                |
[2023-02-25 02:54:56,977] [builder.py:1982]           [INFO]     | National Geographic Collection | ? | Inside the SS (TVDB: 342815)                                  |
[2023-02-25 02:54:57,176] [builder.py:1982]           [INFO]     | National Geographic Collection | ? | Storm Rising (TVDB: 409708)                                   |
[2023-02-25 02:54:57,373] [builder.py:1982]           [INFO]     | National Geographic Collection | ? | Ultimate Treasure Countdown (TVDB: 387922)                    |
[2023-02-25 02:54:57,592] [builder.py:1982]           [INFO]     | National Geographic Collection | ? | Superstructures: Engineering Marvels (TVDB: 362648)           |
[2023-02-25 02:54:57,810] [builder.py:1982]           [INFO]     | National Geographic Collection | ? | Continent 7: Antarctica (TVDB: 319505)                        |
[2023-02-25 02:54:58,011] [builder.py:1982]           [INFO]     | National Geographic Collection | ? | Witness to Disaster (TVDB: 367301)                            |
[2023-02-25 02:54:58,245] [builder.py:1982]           [INFO]     | National Geographic Collection | ? | A Traveler's Guide to the Planets (TVDB: 142171)              |
[2023-02-25 02:54:58,463] [builder.py:1982]           [INFO]     | National Geographic Collection | ? | Egypt From Above (TVDB: 361081)                               |
[2023-02-25 02:54:58,749] [builder.py:1982]           [INFO]     | National Geographic Collection | ? | Built For The Kill (TVDB: 82409)                              |
[2023-02-25 02:54:58,977] [builder.py:1982]           [INFO]     | National Geographic Collection | ? | Stephen Hawking's Science of the Future (TVDB: 280532)        |
[2023-02-25 02:54:59,218] [builder.py:1982]           [INFO]     | National Geographic Collection | ? | Ancient China from Above (TVDB: 386743)                       |
[2023-02-25 02:54:59,412] [builder.py:1982]           [INFO]     | National Geographic Collection | ? | Apollo: Back to the Moon (TVDB: 366699)                       |
[2023-02-25 02:54:59,674] [builder.py:1982]           [INFO]     | National Geographic Collection | ? | Man, Woman, Dog (TVDB: 413713)                                |
[2023-02-25 02:54:59,882] [builder.py:1982]           [INFO]     | National Geographic Collection | ? | The '80s: The Decade That Made Us (TVDB: 268450)              |
[2023-02-25 02:55:00,108] [builder.py:1982]           [INFO]     | National Geographic Collection | ? | The Numbers Game (TVDB: 269140)                               |
[2023-02-25 02:55:00,401] [builder.py:1982]           [INFO]     | National Geographic Collection | ? | Man Made (TVDB: 85188)                                        |
[2023-02-25 02:55:00,656] [builder.py:1982]           [INFO]     | National Geographic Collection | ? | Chain of Command (TVDB: 340664)                               |
[2023-02-25 02:55:00,922] [builder.py:1982]           [INFO]     | National Geographic Collection | ? | How to Survive the End of the World (TVDB: 276153)            |
[2023-02-25 02:55:01,162] [builder.py:1982]           [INFO]     | National Geographic Collection | ? | Origins: The Journey of Humankind (TVDB: 324607)              |
[2023-02-25 02:55:01,353] [builder.py:1982]           [INFO]     | National Geographic Collection | ? | The 2000s: The Decade We Saw It All (TVDB: 314489)            |
[2023-02-25 02:55:01,547] [builder.py:1982]           [INFO]     | National Geographic Collection | ? | Kingdom of the Mummies (TVDB: 382268)                         |
[2023-02-25 02:55:01,765] [builder.py:1982]           [INFO]     | National Geographic Collection | ? | Amazing Planet (TVDB: 110391)                                 |
[2023-02-25 02:55:01,972] [builder.py:1982]           [INFO]     | National Geographic Collection | ? | Unknown Waters with Jeremy Wade (TVDB: 406839)                |
[2023-02-25 02:55:02,201] [builder.py:1982]           [INFO]     | National Geographic Collection | ? | Breaking Bobby Bones (TVDB: 397692)                           |
[2023-02-25 02:55:02,394] [builder.py:1982]           [INFO]     | National Geographic Collection | ? | Out There with Jack Randall (TVDB: 366549)                    |
[2023-02-25 02:55:02,656] [builder.py:1982]           [INFO]     | National Geographic Collection | ? | Live Free or Die (TVDB: 286522)                               |
[2023-02-25 02:55:02,897] [builder.py:1982]           [INFO]     | National Geographic Collection | ? | Rock Stars (TVDB: 254166)                                     |
[2023-02-25 02:55:02,957] [builder.py:1977]           [ERROR]    | TVDb Error: Could not find a TVDb Series using TVDb Series ID: 148031                              |
[2023-02-25 02:55:03,211] [builder.py:1982]           [INFO]     | National Geographic Collection | ? | Unlikely Animal Friends (TVDB: 264210)                        |
[2023-02-25 02:55:03,420] [builder.py:1982]           [INFO]     | National Geographic Collection | ? | Fight Science (TVDB: 143311)                                  |
[2023-02-25 02:55:03,666] [builder.py:1982]           [INFO]     | National Geographic Collection | ? | Inside the American Mob (TVDB: 271622)                        |
[2023-02-25 02:55:03,893] [builder.py:1982]           [INFO]     | National Geographic Collection | ? | Is It Real? (TVDB: 79630)                                     |
[2023-02-25 02:55:04,105] [builder.py:1982]           [INFO]     | National Geographic Collection | ? | Dian Fossey: Secrets in the Mist (TVDB: 338839)               |
[2023-02-25 02:55:04,306] [builder.py:1982]           [INFO]     | National Geographic Collection | ? | Untamed Americas (TVDB: 260040)                               |
[2023-02-25 02:55:04,508] [builder.py:1982]           [INFO]     | National Geographic Collection | ? | Showdown of the Unbeatables (TVDB: 280285)                    |
[2023-02-25 02:55:04,759] [builder.py:1982]           [INFO]     | National Geographic Collection | ? | Hard Time (2011) (TVDB: 228041)                               |
[2023-02-25 02:55:04,986] [builder.py:1982]           [INFO]     | National Geographic Collection | ? | Apocalypse 101 (TVDB: 267973)                                 |
[2023-02-25 02:55:05,198] [builder.py:1982]           [INFO]     | National Geographic Collection | ? | Egypt Unwrapped (TVDB: 85229)                                 |
[2023-02-25 02:55:05,417] [builder.py:1982]           [INFO]     | National Geographic Collection | ? | Inside Combat Rescue (TVDB: 266624)                           |
[2023-02-25 02:55:05,671] [builder.py:1982]           [INFO]     | National Geographic Collection | ? | Survive the Tribe (TVDB: 283716)                              |
[2023-02-25 02:55:05,876] [builder.py:1982]           [INFO]     | National Geographic Collection | ? | Time Scanners (TVDB: 278057)                                  |
[2023-02-25 02:55:06,114] [builder.py:1982]           [INFO]     | National Geographic Collection | ? | Going Deep with David Rees (TVDB: 283312)                     |
[2023-02-25 02:55:06,324] [builder.py:1982]           [INFO]     | National Geographic Collection | ? | City So Real (TVDB: 390809)                                   |
[2023-02-25 02:55:06,539] [builder.py:1982]           [INFO]     | National Geographic Collection | ? | Chasing UFOs (TVDB: 260165)                                   |
[2023-02-25 02:55:06,723] [builder.py:1982]           [INFO]     | National Geographic Collection | ? | Doomsday Castle (TVDB: 271993)                                |
[2023-02-25 02:55:06,924] [builder.py:1982]           [INFO]     | National Geographic Collection | ? | Inside 9/11 (TVDB: 256450)                                    |
[2023-02-25 02:55:07,146] [builder.py:1982]           [INFO]     | National Geographic Collection | ? | Vinnie Jones: Russia's Toughest (TVDB: 273226)                |
[2023-02-25 02:55:07,346] [builder.py:1982]           [INFO]     | National Geographic Collection | ? | Flea Man (TVDB: 250713)                                       |
[2023-02-25 02:55:07,574] [builder.py:1982]           [INFO]     | National Geographic Collection | ? | Hacking the System (TVDB: 278200)                             |
[2023-02-25 02:55:07,790] [builder.py:1982]           [INFO]     | National Geographic Collection | ? | Going Ape (TVDB: 270069)                                      |
[2023-02-25 02:55:08,009] [builder.py:1982]           [INFO]     | National Geographic Collection | ? | The Great Human Race (TVDB: 306774)                           |
[2023-02-25 02:55:08,299] [builder.py:1982]           [INFO]     | National Geographic Collection | ? | Known Universe (TVDB: 92361)                                  |
[2023-02-25 02:55:08,508] [builder.py:1982]           [INFO]     | National Geographic Collection | ? | Animal Superpowers (TVDB: 258868)                             |
[2023-02-25 02:55:08,760] [builder.py:1982]           [INFO]     | National Geographic Collection | ? | Goldfathers (TVDB: 258770)                                    |
[2023-02-25 02:55:08,967] [builder.py:1982]           [INFO]     | National Geographic Collection | ? | Facing (TVDB: 316064)                                         |
[2023-02-25 02:55:09,161] [builder.py:1982]           [INFO]     | National Geographic Collection | ? | Gordon Ramsay: Uncharted Showdown (TVDB: 422512)              |
[2023-02-25 02:55:09,346] [builder.py:1982]           [INFO]     | National Geographic Collection | ? | World of Flavor with Big Moe Cason (TVDB: 422723)             |
[2023-02-25 02:55:09,535] [builder.py:1982]           [INFO]     | National Geographic Collection | ? | Are You Tougher Than a Boy Scout? (TVDB: 267525)              |
[2023-02-25 02:55:09,726] [builder.py:1982]           [INFO]     | National Geographic Collection | ? | The Watch (TVDB: 294713)                                      |
[2023-02-25 02:55:09,941] [builder.py:1982]           [INFO]     | National Geographic Collection | ? | How To Win At Everything (TVDB: 303376)                       |
[2023-02-25 02:55:10,129] [builder.py:1982]           [INFO]     | National Geographic Collection | ? | Incredibly Small World (TVDB: 278742)                         |
[2023-02-25 02:55:10,319] [builder.py:1982]           [INFO]     | National Geographic Collection | ? | Extreme Rescues (TVDB: 377358)                                |
[2023-02-25 02:55:10,515] [builder.py:1982]           [INFO]     | National Geographic Collection | ? | Ultimate Survival WWII (TVDB: 371524)                         |
[2023-02-25 02:55:10,739] [builder.py:1982]           [INFO]     | National Geographic Collection | ? | Chug (TVDB: 281308)                                           |
[2023-02-25 02:55:10,977] [builder.py:1982]           [INFO]     | National Geographic Collection | ? | Mine Hunters (TVDB: 306253)                                   |
[2023-02-25 02:55:11,187] [builder.py:1982]           [INFO]     | National Geographic Collection | ? | Storm Worlds (TVDB: 274184)                                   |
[2023-02-25 02:55:11,411] [builder.py:1982]           [INFO]     | National Geographic Collection | ? | Do or Die (TVDB: 276432)                                      |
[2023-02-25 02:55:11,628] [builder.py:1982]           [INFO]     | National Geographic Collection | ? | WWII's Greatest Raids (TVDB: 284444)                          |
[2023-02-25 02:55:11,854] [builder.py:1982]           [INFO]     | National Geographic Collection | ? | Ice Holes (TVDB: 282281)                                      |
[2023-02-25 02:55:12,060] [builder.py:1982]           [INFO]     | National Geographic Collection | ? | Paranatural (TVDB: 146081)                                    |
[2023-02-25 02:55:12,238] [builder.py:1982]           [INFO]     | National Geographic Collection | ? | The Witch Doctor Will See You Now (TVDB: 253417)              |
[2023-02-25 02:55:12,473] [builder.py:1982]           [INFO]     | National Geographic Collection | ? | Breakout (TVDB: 144311)                                       |
[2023-02-25 02:55:12,722] [builder.py:1982]           [INFO]     | National Geographic Collection | ? | Rocket City Rednecks (TVDB: 251955)                           |
[2023-02-25 02:55:12,953] [builder.py:1982]           [INFO]     | National Geographic Collection | ? | Alaska Wing Men (TVDB: 221261)                                |
[2023-02-25 02:55:13,190] [builder.py:1982]           [INFO]     | National Geographic Collection | ? | Extreme Universe (TVDB: 169561)                               |
[2023-02-25 02:55:13,484] [builder.py:1982]           [INFO]     | National Geographic Collection | ? | Wild Justice (TVDB: 210301)                                   |
[2023-02-25 02:55:13,679] [builder.py:1982]           [INFO]     | National Geographic Collection | ? | The Lion Ranger (TVDB: 250578)                                |
[2023-02-25 02:55:13,981] [builder.py:1982]           [INFO]     | National Geographic Collection | ? | World's Deadliest (TVDB: 205501)                              |
[2023-02-25 02:55:14,173] [builder.py:1982]           [INFO]     | National Geographic Collection | ? | Mississippi River Quest (TVDB: 238911)                        |
[2023-02-25 02:55:14,458] [builder.py:1982]           [INFO]     | National Geographic Collection | ? | Dangerous Encounters (TVDB: 139051)                           |
[2023-02-25 02:55:14,667] [builder.py:1982]           [INFO]     | National Geographic Collection | ? | Be the Creature (TVDB: 73209)                                 |
[2023-02-25 02:55:14,880] [builder.py:1982]           [INFO]     | National Geographic Collection | ? | Fish Warrior (TVDB: 179041)                                   |
[2023-02-25 02:55:15,107] [builder.py:1982]           [INFO]     | National Geographic Collection | ? | The '90s: The Last Great Decade (TVDB: 283195)                |
[2023-02-25 02:55:15,283] [builder.py:1982]           [INFO]     | National Geographic Collection | ? | Wild Nordic (TVDB: 375301)                                    |
[2023-02-25 02:55:15,443] [builder.py:1982]           [INFO]     | National Geographic Collection | ? | Extreme Animal Babies (TVDB: 360314)                          |
[2023-02-25 02:55:15,776] [builder.py:1982]           [INFO]     | National Geographic Collection | ? | Taboo (TVDB: 71985)                                           |
[2023-02-25 02:55:16,014] [builder.py:1982]           [INFO]     | National Geographic Collection | ? | Wild Case Files (TVDB: 259575)                                |
[2023-02-25 02:55:16,199] [builder.py:1982]           [INFO]     | National Geographic Collection | ? | Perilous Journeys (TVDB: 179731)                              |
[2023-02-25 02:55:16,408] [builder.py:1982]           [INFO]     | National Geographic Collection | ? | Interpol Investigates (TVDB: 178111)                          |
[2023-02-25 02:55:16,731] [builder.py:1982]           [INFO]     | National Geographic Collection | ? | Lockdown (TVDB: 104891)                                       |
[2023-02-25 02:55:16,950] [builder.py:1982]           [INFO]     | National Geographic Collection | ? | UFOs: The Untold Stories (TVDB: 264679)                       |
[2023-02-25 02:55:17,176] [builder.py:1982]           [INFO]     | National Geographic Collection | ? | New York Super Airport (TVDB: 412459)                         |
[2023-02-25 02:55:17,347] [builder.py:1982]           [INFO]     | National Geographic Collection | ? | Lawless Oceans (TVDB: 321961)                                 |
[2023-02-25 02:55:17,570] [builder.py:1982]           [INFO]     | National Geographic Collection | ? | Wild Sri Lanka (TVDB: 294520)                                 |
[2023-02-25 02:55:17,770] [builder.py:1982]           [INFO]     | National Geographic Collection | ? | Made in a Day (TVDB: 386921)                                  |
[2023-02-25 02:55:17,944] [builder.py:1982]           [INFO]     | National Geographic Collection | ? | South America's Weirdest Animals (TVDB: 387470)               |
[2023-02-25 02:55:18,132] [builder.py:1982]           [INFO]     | National Geographic Collection | ? | Missing Dial (TVDB: 312056)                                   |
[2023-02-25 02:55:18,340] [builder.py:1982]           [INFO]     | National Geographic Collection | ? | India from Above (TVDB: 389373)                               |
[2023-02-25 02:55:18,529] [builder.py:1982]           [INFO]     | National Geographic Collection | ? | Treasure Seekers (TVDB: 178661)                               |
[2023-02-25 02:55:18,744] [builder.py:1982]           [INFO]     | National Geographic Collection | ? | Britain's Greatest Machines With Chris Barrie (TVDB: 97821)   |
[2023-02-25 02:55:18,924] [builder.py:1982]           [INFO]     | National Geographic Collection | ? | American Gypsies (TVDB: 260461)                               |
[2023-02-25 02:55:19,149] [builder.py:1982]           [INFO]     | National Geographic Collection | ? | Riddles Of The Bible (TVDB: 83525)                            |
[2023-02-25 02:55:19,425] [builder.py:1982]           [INFO]     | National Geographic Collection | ? | Australian Pirate Patrol (TVDB: 199351)                       |
[2023-02-25 02:55:19,645] [builder.py:1982]           [INFO]     | National Geographic Collection | ? | Fish Tank Kings (TVDB: 259249)                                |
[2023-02-25 02:55:19,964] [builder.py:1982]           [INFO]     | National Geographic Collection | ? | World's Toughest Fixes (TVDB: 90771)                          |
[2023-02-25 02:55:20,167] [builder.py:1982]           [INFO]     | National Geographic Collection | ? | Called to the Wild (TVDB: 411612)                             |
[2023-02-25 02:55:20,374] [builder.py:1982]           [INFO]     | National Geographic Collection | ? | Gourmet's Diary of a Foodie (TVDB: 248266)                    |
[2023-02-25 02:55:20,587] [builder.py:1982]           [INFO]     | National Geographic Collection | ? | Years of Living Dangerously (TVDB: 274880)                    |
[2023-02-25 02:55:20,767] [builder.py:1982]           [INFO]     | National Geographic Collection | ? | The Pioneers (TVDB: 289159)                                   |
[2023-02-25 02:55:20,984] [builder.py:1982]           [INFO]     | National Geographic Collection | ? | Test Your Brain (TVDB: 304872)                                |
[2023-02-25 02:55:21,210] [builder.py:1982]           [INFO]     | National Geographic Collection | ? | CIA Confidential (TVDB: 222681)                               |
[2023-02-25 02:55:21,510] [builder.py:1982]           [INFO]     | National Geographic Collection | ? | Britain's Underworld (TVDB: 202311)                           |
[2023-02-25 02:55:21,710] [builder.py:1982]           [INFO]     | National Geographic Collection | ? | America's Wild Spaces (TVDB: 241111)                          |
[2023-02-25 02:55:21,949] [builder.py:1982]           [INFO]     | National Geographic Collection | ? | The Yard (2016) (TVDB: 310578)                                |
[2023-02-25 02:55:22,146] [builder.py:1982]           [INFO]     | National Geographic Collection | ? | The Wild Life of Tim Faulkner (TVDB: 310823)                  |
[2023-02-25 02:55:22,374] [builder.py:1982]           [INFO]     | National Geographic Collection | ? | Border Force: America's Gatekeepers (TVDB: 378918)            |
[2023-02-25 02:55:22,700] [builder.py:1982]           [INFO]     | National Geographic Collection | ? | Border Wars (TVDB: 134381)                                    |
[2023-02-25 02:55:22,880] [builder.py:1982]           [INFO]     | National Geographic Collection | ? | Maritime Silk Road Reborn (TVDB: 368036)                      |
[2023-02-25 02:55:23,095] [builder.py:1982]           [INFO]     | National Geographic Collection | ? | Filthy Riches (TVDB: 281018)                                  |
[2023-02-25 02:55:23,288] [builder.py:1982]           [INFO]     | National Geographic Collection | ? | Hitler's Last Year (TVDB: 299971)                             |
[2023-02-25 02:55:23,493] [builder.py:1982]           [INFO]     | National Geographic Collection | ? | The '90s Greatest (TVDB: 352827)                              |
[2023-02-25 02:55:23,688] [builder.py:1982]           [INFO]     | National Geographic Collection | ? | Secrets of Wild India (TVDB: 258633)                          |
[2023-02-25 02:55:23,874] [builder.py:1982]           [INFO]     | National Geographic Collection | ? | Wonders of the Ocean (TVDB: 402990)                           |
[2023-02-25 02:55:24,078] [builder.py:1982]           [INFO]     | National Geographic Collection | ? | National Geographic: Situation Critical (TVDB: 84046)         |
[2023-02-25 02:55:24,321] [builder.py:1982]           [INFO]     | National Geographic Collection | ? | Prehistoric Predators (TVDB: 118631)                          |
[2023-02-25 02:55:24,520] [builder.py:1982]           [INFO]     | National Geographic Collection | ? | Inside Cocaine Wars (TVDB: 269260)                            |
[2023-02-25 02:55:24,703] [builder.py:1982]           [INFO]     | National Geographic Collection | ? | The Link (TVDB: 259214)                                       |
[2023-02-25 02:55:24,903] [builder.py:1982]           [INFO]     | National Geographic Collection | ? | Nazi Hunters (BBC) (TVDB: 158211)                             |
[2023-02-25 02:55:25,094] [builder.py:1982]           [INFO]     | National Geographic Collection | ? | Hidden Gems of Turkey (TVDB: 376720)                          |
[2023-02-25 02:55:25,290] [builder.py:1982]           [INFO]     | National Geographic Collection | ? | When Rome Ruled (TVDB: 212461)                                |
[2023-02-25 02:55:25,516] [builder.py:1982]           [INFO]     | National Geographic Collection | ? | Bite Me With Dr Mike (TVDB: 104871)                           |
[2023-02-25 02:55:25,745] [builder.py:1982]           [INFO]     | National Geographic Collection | ? | American Weed (TVDB: 255920)                                  |
[2023-02-25 02:55:25,939] [builder.py:1982]           [INFO]     | National Geographic Collection | ? | World War II: The Last Heroes (TVDB: 253440)                  |
[2023-02-25 02:55:26,141] [builder.py:1982]           [INFO]     | National Geographic Collection | ? | Don't tell my mother (TVDB: 101581)                           |
[2023-02-25 02:55:26,321] [builder.py:1982]           [INFO]     | National Geographic Collection | ? | Paradise Islands (2017) (TVDB: 339372)                        |
[2023-02-25 02:55:26,524] [builder.py:1982]           [INFO]     | National Geographic Collection | ? | Die Trying (TVDB: 283856)                                     |
[2023-02-25 02:55:26,705] [builder.py:1982]           [INFO]     | National Geographic Collection | ? | The 80's Greatest (TVDB: 270000)                              |
[2023-02-25 02:55:26,901] [builder.py:1982]           [INFO]     | National Geographic Collection | ? | 1989: The Year That Made The Modern World (TVDB: 358611)      |
[2023-02-25 02:55:27,156] [builder.py:1982]           [INFO]     | National Geographic Collection | ? | Swamp Men (TVDB: 252703)                                      |
[2023-02-25 02:55:27,339] [builder.py:1982]           [INFO]     | National Geographic Collection | ? | Wild Cats of India (TVDB: 391383)                             |
[2023-02-25 02:55:27,592] [builder.py:1982]           [INFO]     | National Geographic Collection | ? | Diggers (TVDB: 256740)                                        |
[2023-02-25 02:55:27,797] [builder.py:1982]           [INFO]     | National Geographic Collection | ? | America Inside Out with Katie Couric (TVDB: 346014)           |
[2023-02-25 02:55:27,997] [builder.py:1982]           [INFO]     | National Geographic Collection | ? | Badlands, Texas (TVDB: 303393)                                |
[2023-02-25 02:55:28,183] [builder.py:1982]           [INFO]     | National Geographic Collection | ? | Brain Games: On the Road (TVDB: 411610)                       |
[2023-02-25 02:55:28,398] [builder.py:1982]           [INFO]     | National Geographic Collection | ? | The Boonies (TVDB: 306291)                                    |
[2023-02-25 02:55:28,611] [builder.py:1982]           [INFO]     | National Geographic Collection | ? | National Geographic Trapped (TVDB: 178171)                    |
[2023-02-25 02:55:28,816] [builder.py:1982]           [INFO]     | National Geographic Collection | ? | Family Guns (TVDB: 261979)                                    |
[2023-02-25 02:55:29,054] [builder.py:1982]           [INFO]     | National Geographic Collection | ? | Animal Underworld (TVDB: 259252)                              |
[2023-02-25 02:55:29,306] [builder.py:1982]           [INFO]     | National Geographic Collection | ? | Perfect Weapon (TVDB: 380023)                                 |
[2023-02-25 02:55:29,516] [builder.py:1982]           [INFO]     | National Geographic Collection | ? | Big Fix Alaska (TVDB: 307783)                                 |
[2023-02-25 02:55:29,702] [builder.py:1982]           [INFO]     | National Geographic Collection | ? | Wild Korea (TVDB: 387016)                                     |
[2023-02-25 02:55:29,896] [builder.py:1982]           [INFO]     | National Geographic Collection | ? | India's Lost Worlds (TVDB: 317959)                            |
[2023-02-25 02:55:30,127] [builder.py:1982]           [INFO]     | National Geographic Collection | ? | Danube: Europe's Amazon (TVDB: 283093)                        |
[2023-02-25 02:55:30,345] [builder.py:1982]           [INFO]     | National Geographic Collection | ? | Secrets of the Zoo: North Carolina (TVDB: 389805)             |
[2023-02-25 02:55:30,556] [builder.py:1982]           [INFO]     | National Geographic Collection | ? | Empire Wars (TVDB: 258508)                                    |
[2023-02-25 02:55:30,749] [builder.py:1982]           [INFO]     | National Geographic Collection | ? | EXTREME CHINA (TVDB: 377005)                                  |
[2023-02-25 02:55:30,952] [builder.py:1982]           [INFO]     | National Geographic Collection | ? | Evolutions (TVDB: 144231)                                     |
[2023-02-25 02:55:31,124] [builder.py:1982]           [INFO]     | National Geographic Collection | ? | What Would Happen If (TVDB: 144401)                           |
[2023-02-25 02:55:31,316] [builder.py:1982]           [INFO]     | National Geographic Collection | ? | Legendary Catch (TVDB: 361086)                                |
[2023-02-25 02:55:31,545] [builder.py:1982]           [INFO]     | National Geographic Collection | ? | Abandoned (TVDB: 261380)                                      |
[2023-02-25 02:55:31,752] [builder.py:1982]           [INFO]     | National Geographic Collection | ? | Generation X (TVDB: 307598)                                   |
[2023-02-25 02:55:31,939] [builder.py:1982]           [INFO]     | National Geographic Collection | ? | Wild Islands (2015) (TVDB: 349943)                            |
[2023-02-25 02:55:32,143] [builder.py:1982]           [INFO]     | National Geographic Collection | ? | Wild Survivor (TVDB: 294171)                                  |
[2023-02-25 02:55:32,342] [builder.py:1982]           [INFO]     | National Geographic Collection | ? | Riding Britain's Railways (TVDB: 249131)                      |
[2023-02-25 02:55:32,566] [builder.py:1982]           [INFO]     | National Geographic Collection | ? | Expeditions to the Edge (TVDB: 205611)                        |
[2023-02-25 02:55:32,755] [builder.py:1982]           [INFO]     | National Geographic Collection | ? | My Fighting Season (TVDB: 315108)                             |
[2023-02-25 02:55:32,947] [builder.py:1982]           [INFO]     | National Geographic Collection | ? | Mega Food (TVDB: 329896)                                      |
[2023-02-25 02:55:33,136] [builder.py:1982]           [INFO]     | National Geographic Collection | ? | World's Cutest Animals (TVDB: 365318)                         |
[2023-02-25 02:55:33,330] [builder.py:1982]           [INFO]     | National Geographic Collection | ? | Rivers and Life (TVDB: 118091)                                |
[2023-02-25 02:55:33,612] [builder.py:1982]           [INFO]     | National Geographic Collection | ? | Southern Justice (TVDB: 281164)                               |
[2023-02-25 02:55:33,811] [builder.py:1982]           [INFO]     | National Geographic Collection | ? | Remote Survival (TVDB: 290769)                                |
[2023-02-25 02:55:34,004] [builder.py:1982]           [INFO]     | National Geographic Collection | ? | Lords Of War (TVDB: 266254)                                   |
[2023-02-25 02:55:34,209] [builder.py:1982]           [INFO]     | National Geographic Collection | ? | The Savage Line (TVDB: 282609)                                |
[2023-02-25 02:55:34,433] [builder.py:1982]           [INFO]     | National Geographic Collection | ? | Dawn of the Nazis (TVDB: 273569)                              |
[2023-02-25 02:55:34,664] [builder.py:1982]           [INFO]     | National Geographic Collection | ? | Wild Amazon (TVDB: 260387)                                    |
[2023-02-25 02:55:34,855] [builder.py:1982]           [INFO]     | National Geographic Collection | ? | Stranger Than Nature (TVDB: 263623)                           |
[2023-02-25 02:55:35,054] [builder.py:1982]           [INFO]     | National Geographic Collection | ? | Earth Shocks (TVDB: 261857)                                   |
[2023-02-25 02:55:35,264] [builder.py:1982]           [INFO]     | National Geographic Collection | ? | Ancient Secrets (TVDB: 264929)                                |
[2023-02-25 02:55:35,468] [builder.py:1982]           [INFO]     | National Geographic Collection | ? | Rome Revealed (TVDB: 246541)                                  |
[2023-02-25 02:55:35,687] [builder.py:1982]           [INFO]     | National Geographic Collection | ? | Life of Oceans (TVDB: 238221)                                 |
[2023-02-25 02:55:35,898] [builder.py:1982]           [INFO]     | National Geographic Collection | ? | Python Hunters (TVDB: 177341)                                 |
[2023-02-25 02:55:36,081] [builder.py:1982]           [INFO]     | National Geographic Collection | ? | Beast Hunter (TVDB: 231911)                                   |
[2023-02-25 02:55:36,320] [builder.py:1982]           [INFO]     | National Geographic Collection | ? | World's Weirdest (TVDB: 260066)                               |
[2023-02-25 02:55:36,535] [builder.py:1982]           [INFO]     | National Geographic Collection | ? | Snake Wranglers (TVDB: 235731)                                |
[2023-02-25 02:55:36,776] [builder.py:1982]           [INFO]     | National Geographic Collection | ? | Crimes Against Nature (TVDB: 231181)                          |
[2023-02-25 02:55:36,988] [builder.py:1982]           [INFO]     | National Geographic Collection | ? | Secret Service Files (TVDB: 233821)                           |
[2023-02-25 02:55:37,157] [builder.py:1982]           [INFO]     | National Geographic Collection | ? | Auction Packed (TVDB: 229051)                                 |
[2023-02-25 02:55:37,350] [builder.py:1982]           [INFO]     | National Geographic Collection | ? | Drugged (TVDB: 240301)                                        |
[2023-02-25 02:55:37,539] [builder.py:1982]           [INFO]     | National Geographic Collection | ? | Guardians of Nature (TVDB: 144831)                            |
[2023-02-25 02:55:37,775] [builder.py:1982]           [INFO]     | National Geographic Collection | ? | Expedition Wild (TVDB: 250708)                                |
[2023-02-25 02:55:38,009] [builder.py:1982]           [INFO]     | National Geographic Collection | ? | Biblical Plagues (TVDB: 154561)                               |
[2023-02-25 02:55:38,245] [builder.py:1982]           [INFO]     | National Geographic Collection | ? | Break It Down (TVDB: 179711)                                  |
[2023-02-25 02:55:38,432] [builder.py:1982]           [INFO]     | National Geographic Collection | ? | Humanly Impossible (TVDB: 248860)                             |
[2023-02-25 02:55:38,654] [builder.py:1982]           [INFO]     | National Geographic Collection | ? | Rescue Ink Unleashed (TVDB: 136461)                           |
[2023-02-25 02:55:38,862] [builder.py:1982]           [INFO]     | National Geographic Collection | ? | Hunter and Hunted (TVDB: 82400)                               |
[2023-02-25 02:55:39,133] [builder.py:1982]           [INFO]     | National Geographic Collection | ? | DogTown (TVDB: 161541)                                        |
[2023-02-25 02:55:39,295] [builder.py:1982]           [INFO]     | National Geographic Collection | ? | Seismic Seconds (TVDB: 85233)                                 |
[2023-02-25 02:55:39,538] [builder.py:1982]           [INFO]     | National Geographic Collection | ? | I Didn't Know That (TVDB: 266881)                             |
[2023-02-25 02:55:39,711] [builder.py:1982]           [INFO]     | National Geographic Collection | ? | Mad Labs (TVDB: 89531)                                        |
[2023-02-25 02:55:39,916] [builder.py:1982]           [INFO]     | National Geographic Collection | ? | In the Womb (TVDB: 139501)                                    |
[2023-02-25 02:55:40,120] [builder.py:1982]           [INFO]     | National Geographic Collection | ? | D-Day Sacrifice (TVDB: 282568)                                |
[2023-02-25 02:55:40,434] [builder.py:1982]           [INFO]     | National Geographic Collection | ? | Ultimate Airport Dubai (TVDB: 273719)                         |
[2023-02-25 02:55:40,689] [builder.py:1982]           [INFO]     | National Geographic Collection | ? | Border Security: Canada's Front Line (TVDB: 261999)           |
[2023-02-25 02:55:40,923] [builder.py:1982]           [INFO]     | National Geographic Collection | ? | Forensic Firsts (TVDB: 260618)                                |
[2023-02-25 02:55:41,111] [builder.py:1982]           [INFO]     | National Geographic Collection | ? | Deadly Journeys of the Apostles (TVDB: 293755)                |
[2023-02-25 02:55:41,308] [builder.py:1982]           [INFO]     | National Geographic Collection | ? | Building Wild (TVDB: 276924)                                  |
[2023-02-25 02:55:41,501] [builder.py:1982]           [INFO]     | National Geographic Collection | ? | EyeWitness War (TVDB: 271189)                                 |
[2023-02-25 02:55:41,725] [builder.py:1982]           [INFO]     | National Geographic Collection | ? | Sea Patrol UK (TVDB: 162991)                                  |
[2023-02-25 02:55:42,011] [builder.py:1982]           [INFO]     | National Geographic Collection | ? | Tales By Light (TVDB: 319599)                                 |
[2023-02-25 02:55:42,225] [builder.py:1982]           [INFO]     | National Geographic Collection | ? | Aussie Snake Wranglers (TVDB: 410060)                         |
[2023-02-25 02:55:42,414] [builder.py:1982]           [INFO]     | National Geographic Collection | ? | Fearless Adventures with Jack Randall (TVDB: 408574)          |
[2023-02-25 02:55:42,678] [builder.py:1982]           [INFO]     | National Geographic Collection | ? | Outback Wrangler (TVDB: 252327)                               |
[2023-02-25 02:55:42,871] [builder.py:1982]           [INFO]     | National Geographic Collection | ? | Ocean Wreck Investigation (TVDB: 414058)                      |
[2023-02-25 02:55:43,077] [builder.py:1982]           [INFO]     | National Geographic Collection | ? | Deadly Australians (TVDB: 355475)                             |
[2023-02-25 02:55:43,270] [builder.py:1982]           [INFO]     | National Geographic Collection | ? | The Surgery Ship (TVDB: 357006)                               |
[2023-02-25 02:55:43,487] [builder.py:1982]           [INFO]     | National Geographic Collection | ? | Cocaine Trade Exposed: The Invisibles (TVDB: 385973)          |
[2023-02-25 02:55:43,725] [builder.py:1982]           [INFO]     | National Geographic Collection | ? | Stories From The Stone Age (TVDB: 82256)                      |
[2023-02-25 02:55:44,704] [builder.py:1982]           [INFO]     | National Geographic Collection | ? | Mayday (TVDB: 79771)                                          |
[2023-02-25 02:55:44,887] [builder.py:1982]           [INFO]     | National Geographic Collection | ? | Vikings: The Rise and Fall (TVDB: 420945)                     |
[2023-02-25 02:55:45,296] [builder.py:1982]           [INFO]     | National Geographic Collection | ? | Car S.O.S. (TVDB: 266851)                                     |
[2023-02-25 02:55:45,780] [builder.py:1982]           [INFO]     | National Geographic Collection | ? | Banged Up Abroad (2007) (TVDB: 83430)                         |
[2023-02-25 02:55:46,045] [builder.py:1982]           [INFO]     | National Geographic Collection | ? | Europe From Above (TVDB: 374200)                              |
[2023-02-25 02:55:46,356] [builder.py:1982]           [INFO]     | National Geographic Collection | ? | Ice Road Rescue (TVDB: 299304)                                |
[2023-02-25 02:55:46,832] [builder.py:1982]           [INFO]     | National Geographic Collection | ? | Nazi Megastructures (TVDB: 275439)                            |
[2023-02-25 02:55:47,027] [builder.py:1982]           [INFO]     | National Geographic Collection | ? | History: The Interesting Bits (TVDB: 425393)                  |
[2023-02-25 02:55:47,218] [builder.py:1982]           [INFO]     | National Geographic Collection | ? | Convoy: War for the Atlantic (Atlantic Convoys: The War at Sea) (TVDB: 116081) |
[2023-02-25 02:55:47,546] [builder.py:1982]           [INFO]     | National Geographic Collection | ? | Richard Hammond's Engineering Connections (TVDB: 83165)       |
[2023-02-25 02:55:47,720] [builder.py:1982]           [INFO]     | National Geographic Collection | ? | Colossal Machines (TVDB: 417499)                              |
[2023-02-25 02:55:47,956] [builder.py:1982]           [INFO]     | National Geographic Collection | ? | Hitler Youth (TVDB: 347344)                                   |
[2023-02-25 02:55:48,153] [builder.py:1982]           [INFO]     | National Geographic Collection | ? | Primal Survivor: Mighty Mekong (TVDB: 424677)                 |
[2023-02-25 02:55:48,357] [builder.py:1982]           [INFO]     | National Geographic Collection | ? | Wild Chile (TVDB: 350776)                                     |
[2023-02-25 02:55:48,616] [builder.py:1982]           [INFO]     | National Geographic Collection | ? | Supercar Megabuild (TVDB: 308576)                             |
[2023-02-25 02:55:48,821] [builder.py:1982]           [INFO]     | National Geographic Collection | ? | Secrets of the Space Shuttle (TVDB: 355265)                   |
[2023-02-25 02:55:49,054] [builder.py:1982]           [INFO]     | National Geographic Collection | ? | X-Ray Earth (TVDB: 382344)                                    |
[2023-02-25 02:55:49,296] [builder.py:1982]           [INFO]     | National Geographic Collection | ? | Gathering Storm (TVDB: 384761)                                |
[2023-02-25 02:55:49,514] [builder.py:1982]           [INFO]     | National Geographic Collection | ? | Night Stalkers (TVDB: 265975)                                 |
[2023-02-25 02:55:49,709] [builder.py:1982]           [INFO]     | National Geographic Collection | ? | Bloody Tales of the Tower (TVDB: 258617)                      |
[2023-02-25 02:55:49,763] [builder.py:1977]           [ERROR]    | TVDb Error: Could not find a TVDb Series using TVDb Series ID: 274185                              |
[2023-02-25 02:55:49,946] [builder.py:1982]           [INFO]     | National Geographic Collection | ? | Destination Wild: Arctic (TVDB: 377812)                       |
[2023-02-25 02:55:50,163] [builder.py:1982]           [INFO]     | National Geographic Collection | ? | Positive Energy (TVDB: 336705)                                |
[2023-02-25 02:55:50,378] [builder.py:1982]           [INFO]     | National Geographic Collection | ? | Islands (TVDB: 256874)                                        |
[2023-02-25 02:55:50,562] [builder.py:1982]           [INFO]     | National Geographic Collection | ? | Outsiders with Darren McMullen (TVDB: 282691)                 |
[2023-02-25 02:55:50,787] [builder.py:1982]           [INFO]     | National Geographic Collection | ? | Disasters Engineered (TVDB: 375980)                           |
[2023-02-25 02:55:50,988] [builder.py:1982]           [INFO]     | National Geographic Collection | ? | War Heroes Of The Skies (TVDB: 332791)                        |
[2023-02-25 02:55:51,192] [builder.py:1982]           [INFO]     | National Geographic Collection | ? | Strippers: Cars For Cash (TVDB: 263113)                       |
[2023-02-25 02:55:51,393] [builder.py:1982]           [INFO]     | National Geographic Collection | ? | Cruise Ship Diaries (TVDB: 184141)                            |
[2023-02-25 02:55:51,585] [builder.py:1982]           [INFO]     | National Geographic Collection | ? | Birth of Britain with Tony Robinson (TVDB: 186361)            |
[2023-02-25 02:55:51,784] [builder.py:1982]           [INFO]     | National Geographic Collection | ? | Planet Mechanics (TVDB: 118041)                               |
[2023-02-25 02:55:52,025] [builder.py:1982]           [INFO]     | National Geographic Collection | ? | Birth of Europe (TVDB: 258437)                                |
[2023-02-25 02:55:52,284] [builder.py:1982]           [INFO]     | National Geographic Collection | ? | Coastguard Caribbean Netherlands (TVDB: 414640)               |
[2023-02-25 02:55:52,546] [builder.py:1982]           [INFO]     | National Geographic Collection | ? | Airport Security: Colombia (TVDB: 300149)                     |
[2023-02-25 02:55:52,803] [builder.py:1982]           [INFO]     | National Geographic Collection | ? | Bios: Lives That Marked Yours (TVDB: 355328)                  |
[2023-02-25 02:55:53,069] [builder.py:1982]           [INFO]     | National Geographic Collection | ? | Operação Policial - Nova Geração (TVDB: 376481)               |
[2023-02-25 02:55:53,125] [builder.py:1977]           [ERROR]    | TVDb Error: Could not find a TVDb Series using TVDb Series ID: 369732                              |
[2023-02-25 02:55:53,346] [builder.py:1982]           [INFO]     | National Geographic Collection | ? | Nazi Hunters (NG) (TVDB: 240891)                              |
[2023-02-25 02:55:53,572] [builder.py:1982]           [INFO]     | National Geographic Collection | ? | Machines of War (TVDB: 251186)                                |
[2023-02-25 02:55:53,836] [builder.py:1982]           [INFO]     | National Geographic Collection | ? | Cold War: The Tech Race (TVDB: 412572)                        |
[2023-02-25 02:55:54,038] [builder.py:1982]           [INFO]     | National Geographic Collection | ? | Engineering Space (TVDB: 343268)                              |
[2023-02-25 02:55:54,229] [builder.py:1982]           [INFO]     | National Geographic Collection | ? | Wild Mongolia: Land of Extremes (TVDB: 395786)                |
[2023-02-25 02:55:54,423] [builder.py:1982]           [INFO]     | National Geographic Collection | ? | Inside the Forbidden City (TVDB: 245961)                      |
[2023-02-25 02:55:54,605] [builder.py:1982]           [INFO]     | National Geographic Collection | ? | Nat Geo Lab (TVDB: 358264)                                    |
[2023-02-25 02:55:54,839] [builder.py:1982]           [INFO]     | National Geographic Collection | ? | Opa Popa Dupa (TVDB: 403133)                                  |
[2023-02-25 02:55:54,840] [builder.py:1986]           [INFO]     |                                                                                                    |
[2023-02-25 02:55:54,840] [builder.py:1987]           [INFO]     | 345 Shows Missing                                                                                  |
[2023-02-25 02:55:55,306] [plex_meta_manager.py:880]  [INFO]     |                                                                                                    |
[2023-02-25 02:55:55,307] [util.py:209]               [INFO]     |====================================================================================================|
[2023-02-25 02:55:55,307] [util.py:216]               [INFO]     |                              Finished National Geographic Collection                               |
[2023-02-25 02:55:55,308] [util.py:216]               [INFO]     |                                    Collection Run Time: 0:01:49                                    |
[2023-02-25 02:55:55,308] [util.py:220]               [INFO]     |====================================================================================================|
